chapter_number,set_letter,chapter_title,question_number,question_malay,question_english,option_a_malay,option_a_english,option_b_malay,option_b_english,option_c_malay,option_c_english,option_d_malay,option_d_english,correct_answer,explanation
7,A,Bab 7: Tenaga dan Kuasa (Energy and Power) - Kuiz Set A,1,"Antara aktiviti harian berikut, yang manakah melakukan **kerja** paling tinggi berdasarkan takrifan fizik KSSM?",Which of the following daily activities performs the highest **work** based on the KSSM physics definition?,Menolak sebuah dinding konkrit yang tegar dengan daya $500\text{ N}$ selama 2 jam tanpa sebarang pergerakan.,,Membawa sebuah kotak berat $10\text{ kg}$ sambil berjalan secara mendatar sejauh $10\text{ m}$ dengan laju malar.,,Menarik sebuah laci meja sejauh $30\text{ cm}$ secara mendatar dengan daya geseran $5\text{ N}$ yang dimalarkan.,,Mengangkat sebuah kotak berjisim $15\text{ kg}$ secara menegak dari lantai ke atas meja berketinggian $1.2\text{ m}$ ($g = 10\text{ m s}^{-2}$).,,,
7,A,Bab 7: Tenaga dan Kuasa (Energy and Power) - Kuiz Set A,2,"Satu unit S.I. bagi kerja ialah Joule (J). Antara berikut, takrifan manakah yang **paling tepat** bagi **1 Joule**?",An S.I. unit for work is Joule (J). Which of the following is the **most accurate** definition of **1 Joule**?,Kerja yang dilakukan apabila daya 1 Newton menggerakkan objek sejauh 1 meter dalam arah daya tersebut.,,Kerja yang dilakukan untuk memindahkan cas 1 Coulomb merentasi bezautara voltan 1 Volt dalam masa 1 saat.,,Kadar penggunaan tenaga elektrik sebanyak 1 Watt oleh suatu perkakas elektrik dalam masa 1 jam.,,Daya kinetik yang diperlukan untuk memecutkan objek berjisim 1 kilogram pada kadar $1\text{ m s}^{-2}$.,,,
7,A,Bab 7: Tenaga dan Kuasa (Energy and Power) - Kuiz Set A,3,"Seorang buruh binaan mengangkat baldi berisi simen seberat $350\text{ N}$ secara menegak ke tingkat satu sebuah bangunan tinggi melalui sistem takal. Jika ketinggian tingkat satu tersebut ialah $8\text{ m}$ dari tanah, berapakah **kerja yang dilakukan** oleh buruh tersebut?","A construction worker lifts a bucket of cement weighing $350\text{ N}$ vertically to the first floor of a building using a pulley system. If the height of the first floor is $8\text{ m}$ from the ground, what is the **work done** by the worker?",$43.75\text{ J}$,,"$2,\!800\text{ J}$",,$280\text{ J}$,,"$3,\!500\text{ J}$",,,
7,A,Bab 7: Tenaga dan Kuasa (Energy and Power) - Kuiz Set A,4,"Rajah di bawah menunjukkan seorang murid perempuan menaiki tangga di hospital. *   Berat badan murid, $m = 45\text{ kg}$ *   Tinggi tegak tangga, $h = 4\text{ m}$ *   Masa yang diambil, $t = 12\text{ saat}$ *   Pecutan graviti, $g = 10\text{ m s}^{-2}$ Hitungkan **kuasa yang dijana** oleh murid itu semasa mendaki tangga tersebut.",The diagram below shows a female student climbing hospital stairs. Calculate the **power generated** by the student while climbing the stairs.,$150\text{ W}$,,$180\text{ W}$,,$18\text{ W}$,,"$1,\!800\text{ W}$",,,
7,A,Bab 7: Tenaga dan Kuasa (Energy and Power) - Kuiz Set A,5,"Sebuah kren elektromagnet mengangkat sebuah kontainer keluli seberat $40,\!000\text{ N}$ setinggi $15\text{ m}$ dalam masa 2 minit. Berapakah **kuasa kren** itu dalam unit **kilowatt (kW)**?","An electromagnetic crane lifts a steel container weighing $40,000\text{ N}$ to a height of $15\text{ m}$ in 2 minutes. What is the **power of the crane** in **kilowatts (kW)**?",$300\text{ kW}$,,$5\text{ kW}$,,$3\text{ kW}$,,$50\text{ kW}$,,,
7,A,Bab 7: Tenaga dan Kuasa (Energy and Power) - Kuiz Set A,6,"Satu unit Kuasa sejarah yang sering digunakan dalam industri automotif ialah **Kuasa Kuda (horsepower, hp)**. Jika $1\text{ hp}$ dianggarkan bersamaan dengan $746\text{ Watt}$, berapakah nilai dalam unit Watt bagi sebuah enjin pam air pertanian yang mempunyai penarafan kuasa $2.5\text{ hp}$?","A historical unit of Power often used in the automotive industry is **horsepower (hp)**. If $1\text{ hp}$ is estimated to be equal to $746\text{ Watts}$, what is the value in Watts for an agricultural water pump engine rated at $2.5\text{ hp}$?",$298.4\text{ W}$,,"$1,\!865\text{ W}$",,"$1,\!492\text{ W}$",,"$1,\!119\text{ W}$",,,
7,A,Bab 7: Tenaga dan Kuasa (Energy and Power) - Kuiz Set A,7,"Semasa menjalankan **Aktiviti Inkuiri 7.1**, seorang murid mendapati bahawa menarik bongkah kayu secara mendatar di atas meja memerlukan daya yang berbeza berbanding mengangkat pemberat secara menegak ke atas. Antara pernyataan berikut, yang manakah menerangkan perbezaan fizikal ini dengan betul?","While conducting **Inquiry Activity 7.1**, a student finds that pulling a wooden block horizontally on a table requires a different force compared to lifting a weight vertically. Which of the following statements correctly explains this physical difference?","Menarik bongkah kayu secara mendatar melakukan kerja menentang daya tarikan graviti Bumi, manakala mengangkat pemberat menentang daya geseran.",,"Menarik bongkah kayu secara mendatar melakukan kerja menentang daya geseran meja, manakala mengangkat pemberat secara menegak melakukan kerja menentang daya tarikan graviti.",,Kedua-dua aktiviti tersebut tidak melakukan sebarang kerja kerana daya sentiasa bersudut tegak dengan arah sesaran objek.,,"Mengangkat pemberat secara menegak memerlukan tenaga kinetik yang tinggi, manakala menarik secara mendatar mengumpul tenaga keupayaan kenyal.",,,
7,A,Bab 7: Tenaga dan Kuasa (Energy and Power) - Kuiz Set A,8,Sebuah helikopter penyelamat mengangkat seorang mangsa banjir seberat $70\text{ kg}$ secara menegak ke udara sejauh $20\text{ m}$ dengan menggunakan sistem tali keluli. Berapakah **Tenaga Keupayaan Graviti** yang dikumpul oleh mangsa tersebut semasa berada di kedudukan tertinggi itu? ($g = 10\text{ m s}^{-2}$),A rescue helicopter lifts a flood victim weighing $70\text{ kg}$ vertically into the air for $20\text{ m}$ using a steel wire system. What is the **Gravitational Potential Energy** accumulated by the victim at the highest position?,"$1,\!400\text{ J}$",,$35\text{ J}$,,"$14,\!000\text{ J}$",,$140\text{ J}$,,,
7,A,Bab 7: Tenaga dan Kuasa (Energy and Power) - Kuiz Set A,9,Mesin penanam cerucuk (*pile-driver*) menggunakan prinsip **Tenaga Keupayaan Graviti** untuk menghentam cerucuk konkrit masuk ke dalam tanah bawah permukaan. Mengapakah tukul besi mesin itu perlu ditarik tinggi ke atas sebelum dilepaskan jatuh?,A pile-driver machine uses the principle of **Gravitational Potential Energy** to drive concrete piles into the subsurface. Why must the iron hammer of the machine be pulled high up before being released to fall?,Untuk membolehkan tukul besi menolak daya tarikan graviti Bumi secara beransur-ansur semasa kejatuhan bebas.,,Untuk memaksimumkan luas permukaan hentaman tukul konkrit supaya tekanan tanah berkurangan.,,Untuk mengumpulkan Tenaga Keupayaan Graviti yang lebih besar supaya kerja hentaman cerucuk ke dalam tanah dapat ditingkatkan.,,Untuk mengurangkan kehilangan tenaga sebagai haba dan bunyi ke persekitaran semasa kejatuhan bebas.,,,
7,A,Bab 7: Tenaga dan Kuasa (Energy and Power) - Kuiz Set A,10,"Rajah di bawah menunjukkan seutas spring keluli yang dimampatkan oleh suatu daya luaran. *   Panjang asal spring, $l_0 = 15\text{ cm}$ *   Panjang akhir spring setelah dimampatkan, $l_1 = 11\text{ cm}$ *   Daya pemampatan maksima yang dikenakan, $F = 40\text{ N}$ Hitungkan **Tenaga Keupayaan Kenyal** yang tersimpan di dalam spring yang termampat itu.",The diagram below shows a steel spring compressed by an external force. Calculate the **Elastic Potential Energy** stored in the compressed spring.,$0.8\text{ J}$,,$1.6\text{ J}$,,$80\text{ J}$,,$160\text{ J}$,,,
7,A,Bab 7: Tenaga dan Kuasa (Energy and Power) - Kuiz Set A,11,"Berdasarkan hukum fizik KSSM, **Tenaga Keupayaan Kenyal** juga boleh ditentukan secara grafik daripada luas di bawah graf bagi tindak balas spring tersebut. Apakah paksi-paksi yang terlibat dalam graf ini untuk menghasilkan bentuk segi tiga sudut tegak?","Based on KSSM physics laws, **Elastic Potential Energy** can also be graphically determined from the area under the graph of the spring's response. What axes are involved in this graph to produce a right-angled triangle shape?","Paksi menegak ialah Tenaga Keupayaan ($E_p$), paksi mengufuk ialah Masa ($t$).",,"Paksi menegak ialah Daya regangan ($F$), paksi mengufuk ialah Pemanjangan/Mampatan ($x$).",,"Paksi menegak ialah Pecutan ($g$), paksi mengufuk ialah Jisim spring ($m$).",,"Paksi menegak ialah Halaju ($v$), paksi mengufuk ialah Sesaran ($s$).",,,
7,A,Bab 7: Tenaga dan Kuasa (Energy and Power) - Kuiz Set A,12,"Sebuah kereta api komersial yang mempunyai jisim luar biasa sebanyak $400\,000\text{ kg}$ bergerak laju di atas landasan landai dengan halaju seragam $360\text{ km j}^{-1}$ ($100\text{ m s}^{-1}$). Hitungkan **Tenaga Kinetik** yang dimiliki oleh kereta api tersebut semasa pergerakan pantas itu.","A commercial train with an extraordinary mass of $400,000\text{ kg}$ travels fast on a level track with a uniform velocity of $360\text{ km j}^{-1}$ ($100\text{ m s}^{-1}$). Calculate the **Kinetic Energy** possessed by the train during this rapid motion.",$2.0 \times 10^9\text{ J}$,,$2.0 \times 10^8\text{ J}$,,$2.0 \times 10^7\text{ J}$,,$2.0 \times 10^6\text{ J}$,,,
7,A,Bab 7: Tenaga dan Kuasa (Energy and Power) - Kuiz Set A,13,Sebutir bebola keluli kecil berjisim $0.15\text{ kg}$ dilepaskan dari puncak sebuah satah condong licin. Bebola itu mengalir turun sehingga mencapai Tenaga Kinetik sebanyak $3.0\text{ J}$ di hujung bawah satah tersebut. Berapakah **halaju bebola keluli** itu di hujung bawah satah?,A small steel ball with a mass of $0.15\text{ kg}$ is released from the top of a smooth inclined plane. The ball rolls down until it achieves a Kinetic Energy of $3.0\text{ J}$ at the bottom. What is the **velocity of the steel ball** at the bottom of the plane?,$40\text{ m s}^{-1}$,,$20\text{ m s}^{-1}$,,$6.32\text{ m s}^{-1}$,,$1.41\text{ m s}^{-1}$,,,
7,A,Bab 7: Tenaga dan Kuasa (Energy and Power) - Kuiz Set A,14,"Di dalam makmal fizik, seorang murid sedang mengkaji pergerakan mikroskopik **elektron** yang mempunyai jisim yang sangat seni iaitu $9 \times 10^{-31}\text{ kg}$. Jika elektron tersebut memecut di dalam tiub vakum sehingga mencapai halaju $2 \times 10^6\text{ m s}^{-1}$, berapakah **Tenaga Kinetik elektron** tersebut?","In a physics lab, a student is studying the microscopic movement of an **electron** which has an extremely tiny mass of $9 \times 10^{-31}\text{ kg}$. If the electron accelerates in a vacuum tube until it reaches a velocity of $2 \times 10^6\text{ m s}^{-1}$, what is the **Kinetic Energy of the electron**?",$1.8 \times 10^{-18}\text{ J}$,,$3.6 \times 10^{-18}\text{ J}$,,$1.8 \times 10^{-24}\text{ J}$,,$3.6 \times 10^{-24}\text{ J}$,,,
7,A,Bab 7: Tenaga dan Kuasa (Energy and Power) - Kuiz Set A,15,"Pernyataan berikut merupakan takrifan bagi satu prinsip fizikal yang sangat penting: > *""Tenaga tidak boleh dicipta atau dimusnahkan, tetapi hanya boleh berubah-ubah bentuknya.""* > *""Energy cannot be created or destroyed, but can only change its forms.""* Apakah nama prinsip fizikal ini?",The following statement is the definition of a very important physical principle: What is the name of this physical principle?,Prinsip Keabadian Momentum (Principle of Conservation of Momentum),,Prinsip Keabadian Tenaga (Principle of Conservation of Energy),,Hukum Gerakan Newton Pertama (Newton's First Law of Motion),,Hukum Termodinamik Sifar (Zeroth Law of Thermodynamics),,,
7,A,Bab 7: Tenaga dan Kuasa (Energy and Power) - Kuiz Set A,16,"Rajah di bawah menunjukkan seutas **bandul ringkas** (*simple pendulum*) yang sedang berayun secara bebas di dalam sebuah **sistem tertutup** (*closed system*). *   Kedudukan $X$ dan $Z$: Amplitud tertinggi ayunan (kedudukan pegun seketika sebelum songsang arah). *   Kedudukan $Y$: Kedudukan keseimbangan paling rendah (pusat trajektori). Antara pernyataan berikut, yang manakah menerangkan perubahan tenaga di **kedudukan $Y$** dengan betul?",The diagram below shows a **simple pendulum** oscillating freely in a **closed system**. Which of the following statements correctly explains the energy changes at **position $Y$**?,"Tenaga Keupayaan Graviti adalah maksimum, manakala Tenaga Kinetik adalah sifar.",,"Tenaga Keupayaan Graviti adalah minimum, manakala Tenaga Kinetik adalah maksimum.",,"Tenaga Keupayaan Kenyal adalah maksimum, manakala Tenaga Kinetik adalah minimum.",,Kedua-dua Tenaga Keupayaan Graviti dan Tenaga Kinetik adalah sifar.,,,
7,A,Bab 7: Tenaga dan Kuasa (Energy and Power) - Kuiz Set A,17,"Rajah di bawah menunjukkan ayunan **spring berbeban** (*oscillating loaded spring*) menegak antara kedudukan mampatan maksima ($X$), kedudukan keseimbangan ($Y$), dan kedudukan regangan maksima ($Z$) di dalam sistem tertutup. Antara pernyataan berikut, yang manakah menerangkan keadaan bentuk tenaga di **kedudukan $X$** dengan betul?","The diagram below shows the oscillation of a vertical **loaded spring** between maximum compression ($X$), equilibrium ($Y$), and maximum extension ($Z$) in a closed system. Which of the following statements correctly describes the forms of energy at **position $X$**?","Tenaga Keupayaan Kenyal adalah minimum, manakala Tenaga Kinetik adalah maksimum.",,"Tenaga Keupayaan Kenyal adalah maksimum, manakala Tenaga Kinetik adalah sifar.",,"Tenaga Kinetik adalah maksimum, manakala Tenaga Keupayaan Graviti adalah maksimum.",,Semua bentuk tenaga tersimpan dalam bentuk Tenaga Kimia yang beredar.,,,
7,A,Bab 7: Tenaga dan Kuasa (Energy and Power) - Kuiz Set A,18,Rajah 7.13 di dalam buku teks Sains Tingkatan 3 menunjukkan **Graf Perubahan Tenaga** melawan Sesaran bagi sistem ayunan bandul ringkas tertutup. Apakah interpretasi fizikal yang **paling tepat** daripada graf tersebut?,Figure 7.13 in the Science Form 3 textbook shows the **Graph of Energy Change** against Displacement for a closed simple pendulum system. What is the **most accurate** physical interpretation of this graph?,Lengkung parabola Tenaga Keupayaan dan lengkung parabola terbalik Tenaga Kinetik sentiasa menghasilkan jumlah tenaga yang berubah-ubah mengikut persekitaran.,,Nilai Tenaga Kinetik sentiasa bernilai negatif di semua sesaran manakala Tenaga Keupayaan bernilai positif.,,"Hasil tambah Tenaga Keupayaan Graviti dan Tenaga Kinetik di sebarang kedudukan sesaran adalah malar, menghasilkan garis lurus mengufuk bagi jumlah tenaga keseluruhan.",,Tenaga Keupayaan Graviti sentiasa berkadar terus dengan punca kuasa dua sesaran amplitud dari kedudukan pusat.,,,
7,A,Bab 7: Tenaga dan Kuasa (Energy and Power) - Kuiz Set A,19,"Di dalam dunia nyata, sebuah ayunan bandul ringkas yang berayun di dalam bilik darjah (sistem terbuka) akhirnya akan **semakin perlahan dan berhenti sepenuhnya**. Apakah penjelasan saintifik yang menerangkan fenomena ini?","In the real world, a simple pendulum oscillating in a classroom (open system) eventually **slows down and stops completely**. What is the scientific explanation for this phenomenon?",Prinsip Keabadian Tenaga gagal berfungsi di dalam sistem terbuka kerana graviti bertindak memusnahkan sebahagian kecil tenaga pada setiap ayunan.,,Tenaga kinetik bandul dipindahkan keluar dan lesap ke persekitaran sebagai tenaga haba dan bunyi akibat daripada geseran udara dan geseran mekanikal tali.,,Bebola besi bandul secara semulajadi menyerap cas negatif dari persekitaran yang menghalang koordinasi kelajuannya.,,Tenaga keupayaan graviti bandul dipindahkan secara osmosis ke dinding bilik darjah.,,,
7,A,Bab 7: Tenaga dan Kuasa (Energy and Power) - Kuiz Set A,20,"Rajah 7.14 menunjukkan sebuah **pistol mainan** (*toy spring-pistol*). *   Panjang spring asal, $l_0 = 300\text{ mm}$ *   Spring dimampatkan sehingga panjang baharu menjadi $50\text{ mm}$ oleh satu daya maksima $5\text{ N}$. *   Sebutir bebola plastik berjisim $50\text{ g}$ ($0.05\text{ kg}$) diletakkan di hadapan spring termampat itu. Dengan membuat anggapan **tiada kehilangan tenaga** ke persekitaran, hitungkan **kelajuan maksimum bebola plastik** tersebut sebaik sahaja pistol itu ditembak menegak ke luar.","Figure 7.14 shows a **toy spring-pistol**. Assuming **no energy loss** to the surroundings, calculate the **maximum velocity of the plastic ball** as soon as it is shot vertically outwards.",$25\text{ m s}^{-1}$,,$12.5\text{ m s}^{-1}$,,$5\text{ m s}^{-1}$,,$1.58\text{ m s}^{-1}$,,,
7,A,Bab 7: Tenaga dan Kuasa (Energy and Power) - Kuiz Set A,21,"Sebutir sfera logam pepejal berjisim $2.0\text{ kg}$ dilepaskan secara **jatuh bebas** (*free fall*) dari tebing tinggi berketinggian $2.5\text{ m}$ dari permukaan tanah. Dengan mengabaikan rintangan udara, hitungkan **Tenaga Kinetik maksimum** sfera keluli tersebut sejurus sebelum ia menghentam tanah. ($g = 10\text{ m s}^{-2}$)","A solid metal sphere of mass $2.0\text{ kg}$ is released in **free fall** from a cliff of height $2.5\text{ m}$ from the ground. Ignoring air resistance, calculate the **maximum Kinetic Energy** of the sphere just before hitting the ground.",$5\text{ J}$,,$50\text{ J}$,,$250\text{ J}$,,$500\text{ J}$,,,
7,A,Bab 7: Tenaga dan Kuasa (Energy and Power) - Kuiz Set A,22,"Aktiviti menaiki tangga hospital sering kali digalakkan oleh doktor pakar berbanding menggunakan lif elektrik. Berdasarkan **Galeri Sains Bab 7**, manakah antara berikut merupakan **manfaat fisiologi** yang diperoleh daripada aktiviti memanjat tangga ini terhadap tubuh badan manusia?","Climbing hospital stairs is often encouraged by specialist doctors rather than using an electric elevator. Based on the **Science Gallery of Chapter 7**, which of the following is a **physiological benefit** derived from climbing stairs for the human body?",Mengurangkan kadar ketumpatan tulang bagi mengelakkan arthritis.,,Meningkatkan luas permukaan paru-paru secara kekal untuk memudahkan proses resapan nitrogen.,,"Mengurangkan risiko serangan penyakit jantung, kencing manis (diabetes), dan kanser kolon, serta meningkatkan ketumpatan tulang bagi memerangi osteoporosis.",,Menggalakkan pembentukan asid laktik dalam otot untuk meningkatkan kadar keimunan badan secara drastik.,,,
7,A,Bab 7: Tenaga dan Kuasa (Energy and Power) - Kuiz Set A,23,"Seorang atlet angkat berat berjisim $80\text{ kg}$ mengangkat sepasang barbel seberat $1,\!200\text{ N}$ secara menegak ke atas kepalanya sejauh $2.1\text{ m}$ dari lantai. Berapakah **kerja yang dilakukan oleh atlet itu terhadap barbel** tersebut?","A weightlifter weighing $80\text{ kg}$ lifts a barbell weighing $1,200\text{ N}$ vertically above his head for $2.1\text{ m}$ from the floor. How much **work is done by the weightlifter on the barbell**?","$1,\!680\text{ J}$",,"$2,\!520\text{ J}$",,"$4,\!200\text{ J}$",,"$2,\!880\text{ J}$",,,
7,A,Bab 7: Tenaga dan Kuasa (Energy and Power) - Kuiz Set A,24,Seorang pemanah wanita menarik tali busur dengan daya maksimum $200\text{ N}$ sejauh $0.4\text{ m}$ ke belakang sebelum melepaskan anak panah tersebut. Hitungkan **Tenaga Keupayaan Kenyal** yang disimpan oleh tali busur yang teregang itu.,A female archer pulls a bowstring with a maximum force of $200\text{ N}$ for $0.4\text{ m}$ backwards before releasing the arrow. Calculate the **Elastic Potential Energy** stored by the stretched bowstring.,$80\text{ J}$,,$40\text{ J}$,,$160\text{ J}$,,$400\text{ J}$,,,
7,A,Bab 7: Tenaga dan Kuasa (Energy and Power) - Kuiz Set A,25,Mengapakah bukan keseluruhan kerja yang dilakukan oleh seorang pemanah untuk menarik tali busur berubah menjadi tenaga kinetik anak panah yang sempurna dalam kehidupan harian?,Why is it that not all of the work done by an archer to pull a bowstring is converted into the kinetic energy of the arrow in daily life?,Kerana sebahagian kerja lesap sebagai tenaga haba dan bunyi disebabkan rintangan udara dan ketidaksempurnaan regangan busur yang memindahkan haba ke persekitaran.,,Kerana anak panah menyerap tenaga keupayaan graviti secara aktif sepanjang trajektori penerbangan mendatar.,,Kerana daya tarikan graviti memusnahkan zarah-zarah kinetik semasa ditarik ke belakang.,,Tali busur bertindak sebagai konduktor cas elektrik yang menebalkan ion positif di udara sekeliling.,,,
10,A,Bab 10: Penerokaan Angkasa Lepas (Space Exploration) - Kuiz Set A,1,"Antara pernyataan berikut, yang manakah menerangkan ciri utama bagi model Sistem Suria yang dibina oleh ahli astronomi Yunani, Claudius Ptolemy?","*Fokus Silibus**: *Model Sistem Suria Ptolemy Which of the following statements explains the main feature of the Solar System model built by the Greek astronomer, Claudius Ptolemy?",Matahari berada pada pusat Sistem Suria dan Bumi beredar mengelilinginya dalam orbit elips. (The Sun is at the center of the Solar System and the Earth orbits it in an elliptical orbit.),,Bumi berada pada pusat Sistem Suria manakala Matahari dan planet lain beredar mengelilinginya dalam orbit membulat. (The Earth is at the center of the Solar System while the Sun and other planets orbit it in circular orbits.),,Matahari berada pada pusat Sistem Suria manakala Bumi dan planet lain beredar mengelilinginya dalam orbit membulat. (The Sun is at the center of the Solar System while the Earth and other planets orbit it in circular orbits.),,Bumi berada pada salah satu titik fokus sepunya bagi orbit elips semua planet yang beredar mengelilinginya. (The Earth is at one of the common focal points of the elliptical orbits of all planets orbiting around it.),,,"*Jawapan Betul**: **B**

**Huraian Saintifik (Malay)**:
Claudius Ptolemy memperkenalkan Model Geosentrik ('Geo' bermaksud Bumi, 'Sentrik' bermaksud Berpusat). Dalam model ini, Bumi berada pada pusat Sistem Suria, dan semua jasad samawi termasuk Matahari dan planet-planet lain beredar mengelilingi Bumi dalam orbit berbentuk bulatan sempurna (circular orbit).

---"
10,A,Bab 10: Penerokaan Angkasa Lepas (Space Exploration) - Kuiz Set A,2,Bagaimanakah Nicolaus Copernicus mengubah kefahaman astronomi tentang struktur Sistem Suria pada abad ke-16?,*Fokus Silibus**: *Sumbangan Nicolaus Copernicus How did Nicolaus Copernicus change astronomical understanding of the Solar System's structure in the 16th century?,Beliau membuktikan bahawa Bumi berbentuk sfera dengan bayang-bayang semasa gerhana bulan. (He proved that the Earth is spherical using shadows during lunar eclipses.),,Beliau mencadangkan model heliosentrik dengan Matahari di pusat dan planet beredar dalam orbit elips. (He proposed a heliocentric model with the Sun at the center and planets orbiting in elliptical orbits.),,Beliau mengasaskan model heliosentrik di mana Matahari berada di pusat dan Bumi serta planet lain beredar dalam orbit membulat. (He founded the heliocentric model where the Sun is at the center and the Earth and other planets orbit in circular orbits.),,Beliau menemui kawah di Bulan menggunakan teleskop pertama yang dibina secara manual. (He discovered craters on the Moon using a manually built first telescope.),,,"*Jawapan Betul**: **C**

**Huraian Saintifik (Malay)**:
Nicolaus Copernicus mencadangkan Model Heliosentrik ('Helio' bermaksud Matahari). Dalam model ini, beliau menafikan model Ptolemy dengan meletakkan Matahari sebagai pusat Sistem Suria yang pegun, manakala Bumi serta planet-planet lain beredar mengelilinginya dalam lintasan berbentuk membulat (circular orbit).

---"
10,A,Bab 10: Penerokaan Angkasa Lepas (Space Exploration) - Kuiz Set A,3,Johannes Kepler telah mengemaskini model heliosentrik Copernicus. Apakah pengubahsuaian revolusioner yang diperkenalkan oleh beliau?,*Fokus Silibus**: *Hukum Kepler & Pengemaskinian Model Johannes Kepler updated Copernicus's heliocentric model. What revolutionary modification did he introduce?,Menggantikan orbit membulat planet dengan orbit berbentuk elips mengikut Hukum Kepler. (Replacing the circular orbits of planets with elliptical orbits according to Kepler's Law.),,Meletakkan Bumi kembali ke pusat Sistem Suria dengan bulan beredar dalam orbit elips. (Placing the Earth back at the center of the Solar System with the moon orbiting in elliptical orbits.),,Menghapuskan konsep tarikan graviti antara Matahari dengan planet. (Eliminating the concept of gravitational attraction between the Sun and planets.),,Mengisytiharkan bahawa Matahari berputar pada paksinya manakala planet-planet lain adalah pegun. (Declaring that the Sun rotates on its axis while other planets are stationary.),,,"*Jawapan Betul**: **A**

**Huraian Saintifik (Malay)**:
Johannes Kepler mengemukakan Hukum Kepler yang menyatakan bahawa semua planet beredar mengelilingi Matahari dalam orbit berbentuk elips (elliptical orbit), bukannya bulatan sempurna seperti yang dicadangkan oleh Copernicus. Matahari berada pada salah satu daripada dua titik fokus sepunya (foci) orbit elips tersebut.

---"
10,A,Bab 10: Penerokaan Angkasa Lepas (Space Exploration) - Kuiz Set A,4,"Antara berikut, yang manakah merupakan persamaan tunggal bagi Model Sistem Suria yang dikemukakan oleh Nicolaus Copernicus dan Johannes Kepler?",*Fokus Silibus**: *Sains Komparatif Model Sistem Suria Which of the following is the single similarity of the Solar System Models proposed by Nicolaus Copernicus and Johannes Kepler?,Kedua-dua model mengandaikan orbit planet adalah bulat sempurna. (Both models assumed the planetary orbits were perfectly circular.),,Kedua-dua model dikelaskan sebagai model heliosentrik dengan Matahari berada di pusat Sistem Suria. (Both models are classified as heliocentric models with the Sun at the center of the Solar System.),,Kedua-dua model meletakkan Bumi sebagai pusat putaran bagi bintang latar belakang. (Both models place the Earth as the center of rotation for background stars.),,Kedua-dua model diasaskan menggunakan data penderiaan jauh teleskop angkasa lepas. (Both models were founded using space telescope remote sensing data.),,,"*Jawapan Betul**: **B**

**Huraian Saintifik (Malay)**:
Kedua-dua model Copernicus dan Kepler adalah model heliosentrik (berpusatkan Matahari). Perbezaan utama mereka hanyalah bentuk orbitnya: Copernicus mencadangkan orbit membulat (circular orbit), manakala Kepler mengemas kini model tersebut dengan membuktikan orbit berbentuk elips (elliptical orbit).

---"
10,A,Bab 10: Penerokaan Angkasa Lepas (Space Exploration) - Kuiz Set A,5,Sejarah permulaan perkembangan teknologi roket bermula seawal abad ke-11. Negara manakah yang mula mencipta serbuk bedil dan menggunakan roket primitif ini dalam pertempuran?,*Fokus Silibus**: *Sejarah Awal: Roket Serbuk Bedil The early history of rocket technology development began as early as the 11th century. Which country first invented gunpowder and used these primitive rockets in battles?,Arab (Arabia),,Yunani (Greece),,China (China),,Rusia (Russia),,,"*Jawapan Betul**: **C**

**Huraian Saintifik (Malay)**:
Teknologi roket bermula di China pada abad ke-11 apabila orang China mencipta serbuk bedil (gunpowder) dan menggunakan roket primitif berbahan api pepejal ini untuk tujuan ketenteraan/pertempuran serta pertunjukan bunga api.

---"
10,A,Bab 10: Penerokaan Angkasa Lepas (Space Exploration) - Kuiz Set A,6,Mengapakah pelancaran satelit Sputnik 1 oleh Kesatuan Soviet (Rusia) pada 4 Oktober 1957 dianggap sebagai peristiwa paling bersejarah dalam penerokaan angkasa lepas?,"*Fokus Silibus**: *Milestone: Sputnik 1 (1957) Why is the launch of the Sputnik 1 satellite by the Soviet Union (Russia) on October 4, 1957 considered the most historical event in space exploration?",Ia membawa angkasawan manusia pertama merentasi ruang angkasa lepas. (It carried the first human astronaut across outer space.),,Ia merupakan satelit buatan manusia yang pertama berjaya dihantar mengorbit Bumi. (It was the first human-made artificial satellite successfully sent to orbit Earth.),,Ia mendarat di permukaan Bulan dan mengambil gambar mineral lunar. (It landed on the Moon's surface and took photos of lunar minerals.),,Ia merupakan kuar angkasa pertama yang dihantar keluar dari Sistem Suria. (It was the first space probe sent out of the Solar System.),,,"*Jawapan Betul**: **B**

**Huraian Saintifik (Malay)**:
Sputnik 1 ialah satelit buatan manusia yang pertama diluncurkan ke angkasa lepas oleh Kesatuan Soviet (USSR) pada tahun 1957. Peristiwa ini menandakan permulaan rasmi bagi 'Zaman Angkasa Lepas' (Space Age) dan perlumbaan angkasa lepas antara kuasa-kuasa besar dunia.

---"
10,A,Bab 10: Penerokaan Angkasa Lepas (Space Exploration) - Kuiz Set A,7,Siapakah manusia pertama dalam sejarah ketamadunan dunia yang berjaya dihantar ke angkasa lepas dan mengorbit Bumi di dalam kapal angkasa Vostok 1 pada tahun 1961?,*Fokus Silibus**: *Milestone: Manusia Pertama di Angkasa (1961) Who was the first human in world civilization history successfully sent into space and orbited the Earth inside the Vostok 1 spacecraft in 1961?,Neil Armstrong,,Yuri Gagarin,,Buzz Aldrin,,Sheikh Muszaphar Shukor,,,"*Jawapan Betul**: **B**

**Huraian Saintifik (Malay)**:
Yuri Gagarin, seorang kosmonaut Kesatuan Soviet (Rusia), merupakan manusia pertama di dunia yang pergi ke angkasa lepas dan mengorbit Bumi pada 12 April 1961 di dalam kapal angkasa Vostok 1.

---"
10,A,Bab 10: Penerokaan Angkasa Lepas (Space Exploration) - Kuiz Set A,8,Misi angkasa lepas manakah yang dikelola oleh pihak NASA (Amerika Syarikat) yang berjaya mendaratkan manusia pertama di permukaan Bulan pada 20 Julai 1969?,"*Fokus Silibus**: *Milestone: Apollo 11 (1969) Which space mission managed by NASA (United States) successfully landed the first humans on the Moon's surface on July 20, 1969?",Apollo 11,,Pioneer 10,,Voyager 1,,Vostok 1,,,"*Jawapan Betul**: **A**

**Huraian Saintifik (Malay)**:
Misi Apollo 11 merupakan misi angkasa lepas pertama yang berjaya mendaratkan manusia di Bulan pada 20 Julai 1969. Neil Armstrong bersama Buzz Aldrin adalah angkasawan pertama yang berjalan di permukaan Bulan.

---"
10,A,Bab 10: Penerokaan Angkasa Lepas (Space Exploration) - Kuiz Set A,9,"Kuar angkasa (space probe) merupakan peralatan robotik yang dihantar jauh ke dalam Sistem Suria. Antara berikut, kuar angkasa manakah yang pertama berjaya dihantar untuk menghampiri dan mengambil gambar planet Musytari (Jupiter) pada tahun 1973?",*Fokus Silibus**: *Milestone: Pioneer 10 (1973) A space probe is a robotic device sent deep into the Solar System. Which of the following was the first space probe successfully sent to closely approach and photograph Jupiter in 1973?,Sputnik 1,,RazakSAT,,Pioneer 10,,TiungSAT-1,,,"*Jawapan Betul**: **C**

**Huraian Saintifik (Malay)**:
Pioneer 10 merupakan kuar angkasa pertama yang dihantar menghampiri dan mengumpul maklumat secara terperinci tentang planet gergasi gas Musytari (Jupiter) pada tahun 1973 sebelum meneruskan pengembaraannya keluar dari Sistem Suria.

---"
10,A,Bab 10: Penerokaan Angkasa Lepas (Space Exploration) - Kuiz Set A,10,Malaysia memulakan langkah aktif dalam teknologi angkasa dengan melancarkan mikrosatelit pertama negara pada tahun 2000. Apakah nama mikrosatelit tersebut?,*Fokus Silibus**: *Satelit Tempatan Malaysia: TiungSAT-1 (2000) Malaysia took active steps in space technology by launching the nation's first microsatellite in the year 2000. What was the name of this microsatellite?,RazakSAT,,TiungSAT-1,,MEASAT-1,,RazakSAT-2,,,"*Jawapan Betul**: **B**

**Huraian Saintifik (Malay)**:
TiungSAT-1 merupakan mikrosatelit pertama buatan Malaysia yang diluncurkan pada 26 September 2000 menggunakan roket Rusia, Dnepr. Ia digunakan untuk pengimejan Bumi, komunikasi saintifik, dan eksperimen meteorologi.

---"
10,A,Bab 10: Penerokaan Angkasa Lepas (Space Exploration) - Kuiz Set A,11,"Pada tahun 2009, Malaysia melancarkan satelit RazakSAT. Apakah kelebihan orbit utama RazakSAT berbanding satelit pencerapan Bumi yang lain?","*Fokus Silibus**: *Milestone Malaysia: RazakSAT (2009) In 2009, Malaysia launched the RazakSAT satellite. What was the main advantage of RazakSAT's orbit compared to other Earth observation satellites?",Ia mengorbit pada orbit geopegun yang membolehkannya sentiasa kekal di atas Kuala Lumpur. (It orbits in a geostationary orbit allowing it to always remain above Kuala Lumpur.),,"Ia ditempatkan di Orbit Dekat Khatulistiwa (Near Equatorial Orbit, NEEq) untuk memaksimumkan kekerapan liputan imej Malaysia. (It was placed in a Near Equatorial Orbit, NEEq, to maximize the imaging frequency of Malaysia.)",,Ia ditempatkan di angkasa lepas untuk merentasi semua planet gergasi dalam masa 3 hari. (It was placed in space to traverse all giant planets within 3 days.),,Ia diletakkan di orbit kutub (polar orbit) untuk memantau keadaan ais di Antartika. (It was placed in a polar orbit to monitor ice conditions in Antarctica.),,,"*Jawapan Betul**: **B**

**Huraian Saintifik (Malay)**:
RazakSAT merupakan satelit pencerapan Bumi resolusi tinggi pertama di dunia yang ditempatkan di Orbit Dekat Khatulistiwa (Near Equatorial Orbit, NEEq). Orbit khas ini membolehkannya merentasi Malaysia dengan kerap (setiap 90 minit), memberikan liputan imej beresolusi tinggi yang optimum bagi rantau tropika.

---"
10,A,Bab 10: Penerokaan Angkasa Lepas (Space Exploration) - Kuiz Set A,12,Peralatan teknologi terawal yang digunakan dalam penerokaan angkasa lepas dari permukaan Bumi ialah teleskop. Siapakah tokoh yang pertama kali menggunakan teleskop untuk kajian astronomi?,*Fokus Silibus**: *Teknologi Teleskop Awal hingga Moden The earliest technological equipment used in space exploration from Earth's surface was the telescope. Who was the first person to use a telescope for astronomical studies?,Nicolaus Copernicus,,Galileo Galilei,,Wilhelm Roentgen,,Antoine Henri Becquerel,,,"*Jawapan Betul**: **B**

**Huraian Saintifik (Malay)**:
Galileo Galilei merupakan orang pertama yang menggunakan teleskop (refraktor ringkas yang dibina secara manual) untuk memerhatikan permukaan Bulan, menemui empat bulan utama Musytari, dan mengkaji tompok Matahari pada abad ke-17.

---"
10,A,Bab 10: Penerokaan Angkasa Lepas (Space Exploration) - Kuiz Set A,13,Teleskop Angkasa Lepas Spitzer diletakkan mengorbit di luar atmosfera Bumi. Apakah fungsi atau kelebihan fizikal utama bagi teleskop Spitzer dalam pengesanan objek angkasa lepas?,*Fokus Silibus**: *Teleskop Angkasa Lepas Spitzer The Spitzer Space Telescope is placed in orbit outside Earth's atmosphere. What is the main function or physical advantage of the Spitzer telescope in detecting celestial objects?,Menggunakan sinar-X berkuasa tinggi untuk menembusi planet gas. (Using high-powered X-rays to penetrate gas planets.),,Mengesan sinaran radioaktif alfa dan beta daripada letupan supernova. (Detecting alpha and beta radioactive radiation from supernova explosions.),,"Berfungsi mengesan radiasi inframerah (haba) daripada objek yang sangat sejuk, malap, atau dilindungi oleh debu kosmik. (Functions to detect infrared (heat) radiation from very cold, dim, or cosmic dust-shielded objects.)",,Memancarkan cahaya nampak dari cermin cembung gergasi untuk menerangi asteroid. (Emitting visible light from a giant convex mirror to illuminate asteroids.),,,"*Jawapan Betul**: **C**

**Huraian Saintifik (Malay)**:
Teleskop Angkasa Lepas Spitzer ialah salah satu teleskop angkasa lepas utama yang direka khas untuk mengesan sinaran inframerah (infrared). Oleh sebab sinaran inframerah merupakan sinaran haba, Spitzer dapat melihat objek malap, planet luar solar, atau bintang muda yang terlindung di sebalik awan debu tebal di angkasa lepas.

---"
10,A,Bab 10: Penerokaan Angkasa Lepas (Space Exploration) - Kuiz Set A,14,"Antara berikut, yang manakah membezakan Teleskop Angkasa Lepas Hubble dengan Teleskop Angkasa Lepas Spitzer dari aspek spektrum pencerapan gas?",*Fokus Silibus**: *Teleskop Hubble vs Spitzer Which of the following distinguishes the Hubble Space Telescope from the Spitzer Space Telescope in terms of gas observation spectrum?,Hubble mengesan gelombang mikro manakala Spitzer mengesan gelombang ultraviolet. (Hubble detects microwaves while Spitzer detects ultraviolet waves.),,Hubble mencerap sebahagian besarnya dalam spektrum cahaya nampak (visible light) manakala Spitzer mencerap dalam spektrum inframerah (infrared). (Hubble observes mostly in the visible light spectrum while Spitzer observes in the infrared spectrum.),,Hubble mengesan zarah magnetik manakala Spitzer mengesan zarah radioaktif. (Hubble detects magnetic particles while Spitzer detects radioactive particles.),,Kedua-duanya diletakkan di dasar laut tebal untuk mengelakkan rintangan udara. (Both are placed in the deep sea bed to avoid air resistance.),,,"*Jawapan Betul**: **B**

**Huraian Saintifik (Malay)**:
Teleskop Angkasa Lepas Hubble mencerap kosmos sebahagian besarnya menggunakan cahaya nampak (visible light) dan ultraviolet, manakala Teleskop Spitzer mencerap secara eksklusif dalam spektrum inframerah (infrared).

---"
10,A,Bab 10: Penerokaan Angkasa Lepas (Space Exploration) - Kuiz Set A,15,"Dalam penerokaan angkasa lepas, apakah peranan fizikal yang dimainkan oleh sebuah roket?","*Fokus Silibus**: *Teknologi Roket & Kegunaannya In space exploration, what physical role does a rocket play?",Sebagai makmal penyelidikan mikro-graviti di mana angkasawan tinggal selama setahun. (As a microgravity research laboratory where astronauts live for a year.),,"Sebagai alat pengangkut (kenderaan pelancar) untuk menghantar angkasawan, satelit, teleskop, dan kuar angkasa ke angkasa lepas. (As a transport vehicle (launch vehicle) to send astronauts, satellites, telescopes, and space probes into outer space.)",,Mengumpul data penderiaan jauh daripada lapisan troposfera secara langsung. (Collecting remote sensing data directly from the troposphere layer.),,Memantulkan isyarat komunikasi telefon selular di seluruh pelosok dunia. (Reflecting cellular telephone communication signals around the world.),,,"*Jawapan Betul**: **B**

**Huraian Saintifik (Malay)**:
Roket berfungsi sebagai kenderaan pelancar (launch vehicle) yang menggunakan daya tujah tinggi hasil daripada pembakaran bahan api untuk mengatasi tarikan graviti Bumi, bertujuan membawa muatan (payload) seperti satelit, kuar angkasa, kapal angkasa, dan stesen angkasa lepas ke orbit.

---"
10,A,Bab 10: Penerokaan Angkasa Lepas (Space Exploration) - Kuiz Set A,16,"Teknologi roket membawa banyak manfaat kepada sains. Namun, bagaimanakah roket boleh disalahgunakan dalam kehidupan harian manusia?","*Fokus Silibus**: *Penyalahgunaan Roket Rocket technology brings many benefits to science. However, how can rockets be abused in daily human life?",Digunakan sebagai satelit pengitipan cuaca global tanpa kebenaran. (Used as global weather spying satellites without permission.),,Digunakan sebagai senjata pemusnah besar-besaran dengan membawa peluru berpandu nuklear/tentera. (Used as a weapon of mass destruction by carrying military/nuclear missiles.),,Menyekat transmisi isyarat GPS di kawasan pedalaman. (Blocking GPS signal transmission in rural areas.),,Menyebabkan pemanasan global akibat pembebasan gas helium. (Causing global warming due to the release of helium gas.),,,"*Jawapan Betul**: **B**

**Huraian Saintifik (Malay)**:
Selain daripada sains angkasa, teknologi enjin roket boleh disalahgunakan sebagai senjata ketenteraan yang merbahaya untuk membawa peluru berpandu (missiles), bom, atau hulu peledak nuklear yang merentasi benua (ICBM).

---"
10,A,Bab 10: Penerokaan Angkasa Lepas (Space Exploration) - Kuiz Set A,17,Mengapakah kuar angkasa (space probe) tidak dihantar bersama-sama dengan angkasawan (manusia) di dalamnya?,*Fokus Silibus**: *Kuar Angkasa (Space Probe) Why are space probes not sent with astronauts (humans) inside them?,Kuar angkasa tidak mempunyai dinding kalis radiasi solar. (Space probes do not have solar radiation-proof walls.),,Kerana kuar angkasa dihantar ke destinasi yang sangat jauh untuk tempoh jangka masa yang amat panjang (puluhan tahun) tanpa jaminan perjalanan pulang. (Because space probes are sent to extremely distant destinations for a very long duration (decades) without any guarantee of a return trip.),,Kerana kuar angkasa bergerak melebihi kelajuan cahaya yang tidak boleh ditampung oleh fisiologi manusia. (Because space probes travel faster than the speed of light which cannot be sustained by human physiology.),,Kuar angkasa hanya dikawal oleh isyarat radio dari Bulan secara langsung. (Space probes are only controlled by radio signals directly from the Moon.),,,"*Jawapan Betul**: **B**

**Huraian Saintifik (Malay)**:
Kuar angkasa dihantar untuk meneroka planet-planet jauh atau ruang antara bintang. Misi ini mengambil masa berpuluh-puluh tahun (contohnya, berpuluh tahun ke Zuhal atau Neptun) dan kuar tidak direka untuk kembali ke Bumi. Menghantar manusia adalah mustahil kerana kekangan bekalan makanan, air, oksigen, dan pendedahan radiasi berbahaya dalam tempoh lama.

---"
10,A,Bab 10: Penerokaan Angkasa Lepas (Space Exploration) - Kuiz Set A,18,Apakah fungsi utama bagi satelit buatan manusia yang diletakkan mengorbit Bumi pada ketinggian tertentu?,*Fokus Silibus**: *Satelit Buatan Manusia What is the main function of human-made artificial satellites placed in orbit around the Earth at a specific altitude?,Menguji Hukum Kepler menggunakan tindak balas kimia organik. (Testing Kepler's Law using organic chemical reactions.),,Menyediakan tempat tinggal kekal bagi angkasawan menjalankan kajian jangka panjang. (Providing a permanent habitat for astronauts to conduct long-term research.),,"Mengambil gambar permukaan Bumi secara aerial untuk pertahanan, telekomunikasi, dan navigasi (GPS). (Taking aerial photographs of Earth's surface for defense, telecommunications, and navigation (GPS).)",,Mengurangkan kesan ribut suria ke atas lapisan magnetosfera Bumi. (Reducing the effects of solar storms on Earth's magnetosphere layer.),,,"*Jawapan Betul**: **C**

**Huraian Saintifik (Malay)**:
Satelit buatan manusia mengorbit Bumi untuk pelbagai fungsi penting termasuklah telekomunikasi (penyiaran TV, internet), navigasi (sistem GPS), meteorologi (meramal cuaca), pencerapan Bumi (peta, guna tanah), dan ketenteraan (pertahanan).

---"
10,A,Bab 10: Penerokaan Angkasa Lepas (Space Exploration) - Kuiz Set A,19,Stesen Angkasa Antarabangsa (ISS) merupakan struktur buatan manusia terbesar di angkasa lepas. Apakah fungsi utama ISS?,*Fokus Silibus**: *Stesen Angkasa Lepas (Space Station) The International Space Station (ISS) is the largest human-made structure in space. What is the main function of the ISS?,Membakar sisa buangan radioaktif dari loji nuklear Bumi. (Burning radioactive waste from Earth's nuclear plants.),,Menyediakan ruang makmal di angkasa lepas bagi membolehkan angkasawan menjalankan penyelidikan saintifik dalam keadaan mikro-graviti. (Providing a laboratory space in space to allow astronauts to conduct scientific research in microgravity conditions.),,Memancarkan cahaya laser untuk memusnahkan komet yang menghampiri Bumi. (Emitting laser beams to destroy comets approaching Earth.),,Menghasilkan tenaga suria dan menghantarnya terus ke pencawang elektrik Bumi. (Generating solar energy and transmitting it directly to Earth's electrical substations.),,,"*Jawapan Betul**: **B**

**Huraian Saintifik (Malay)**:
Stesen Angkasa (seperti ISS) mengorbit Bumi untuk berfungsi sebagai makmal penyelidikan jangka panjang di mana saintis/angkasawan boleh menjalankan kajian fizik, biologi, perubatan, dan astronomi dalam keadaan mikrograviti (tanpa berat).

---"
10,A,Bab 10: Penerokaan Angkasa Lepas (Space Exploration) - Kuiz Set A,20,Apakah yang dimaksudkan dengan teknologi penderiaan jauh (remote sensing) dalam konteks kajian sains Bumi?,*Fokus Silibus**: *Definisi Penderiaan Jauh (Remote Sensing) What is meant by remote sensing technology in the context of Earth science studies?,Kaedah melombong mineral di dasar lautan menggunakan kapal selam kawalan jauh. (Method of mining minerals at the seabed using remote-controlled submarines.),,"Kaedah mengumpul dan merekodkan maklumat atau data tentang sesuatu objek dari jarak jauh tanpa sentuhan fizikal terus, menggunakan sensor pada satelit atau pesawat. (Method of collecting and recording information or data about an object from a distance without direct physical contact, using sensors on satellites or aircraft.)",,Mengukur keaktifan sisa radioaktif di dalam makmal menggunakan Geiger counter. (Measuring radioactive waste activity in a laboratory using a Geiger counter.),,Penghantaran isyarat televisyen berdefinisi tinggi dari stesen pemancar ke rumah. (Transmission of high-definition television signals from transmitter stations to homes.),,,"*Jawapan Betul**: **B**

**Huraian Saintifik (Malay)**:
Penderiaan jauh (Remote Sensing) ialah teknologi mengumpul maklumat tentang permukaan Bumi dari jarak jauh (tanpa sentuhan fizikal) dengan mengesan dan merekodkan tenaga radiasi elektromagnet yang dipantulkan atau dipancarkan oleh objek tersebut menggunakan penderia (sensor) pada satelit atau kapal terbang.

---"
10,A,Bab 10: Penerokaan Angkasa Lepas (Space Exploration) - Kuiz Set A,21,"Agensi manakah di Malaysia yang bertanggungjawab sepenuhnya dalam menyelaras, melaksana, dan menguruskan projek penderiaan jauh (remote sensing) peringkat kebangsaan?","*Fokus Silibus**: *Agensi Remote Sensing Malaysia (MACRES) Which agency in Malaysia is fully responsible for coordinating, implementing, and managing national-level remote sensing projects?",MACRES (Malaysian Remote Sensing Agency),,NASA (National Aeronautics and Space Administration),,SIRIM (Standard and Industrial Research Institute of Malaysia),,MIMA (Maritime Institute of Malaysia),,,"*Jawapan Betul**: **A**

**Huraian Saintifik (Malay)**:
MACRES (Malaysian Remote Sensing Agency / Agensi Penderiaan Jauh Malaysia) ialah agensi kerajaan yang memegang mandat utama dalam menyelaras semua projek penderiaan jauh di Malaysia serta menguruskan pangkalan data satelit negara.

---"
10,A,Bab 10: Penerokaan Angkasa Lepas (Space Exploration) - Kuiz Set A,22,Bagaimanakah teknologi penderiaan jauh (remote sensing) digunakan untuk membantu meningkatkan produktiviti dalam sektor pertanian di Malaysia?,*Fokus Silibus**: *Remote Sensing: Aplikasi Pertanian How is remote sensing technology used to help increase productivity in the agricultural sector of Malaysia?,Membekalkan air siraman tanaman secara automatik melalui paip bawah tanah. (Supplying crop irrigation water automatically through underground pipes.),,"Mengesan dan memetakan jenis tanam-tanaman, mengawasi keadaan kesihatan tanaman, serta meramal hasil pengeluaran tanaman. (Detecting and mapping crop types, monitoring crop health conditions, and predicting crop yield.)",,Memancarkan gelombang mikro untuk membunuh serangga perosak secara terus dari orbit. (Emitting microwaves to kill pests directly from orbit.),,Mengubah struktur genetik benih padi secara aruhan mutasi sinaran. (Altering the genetic structure of paddy seeds via radiation-induced mutation.),,,"*Jawapan Betul**: **B**

**Huraian Saintifik (Malay)**:
Dalam pertanian, penderiaan jauh digunakan untuk menganalisis indeks kehijauan daun (indeks klorofil), memetakan taburan jenis tanaman, mengesan serangan penyakit atau kekurangan air pada tanaman secara awal, dan meramal kuantiti pengeluaran hasil (cth: kelapa sawit atau padi).

---"
10,A,Bab 10: Penerokaan Angkasa Lepas (Space Exploration) - Kuiz Set A,23,"Semasa berlakunya bencana banjir besar, bagaimanakah data gambar aerial daripada penderiaan jauh (remote sensing) dapat menyelamatkan nyawa mangsa?","*Fokus Silibus**: *Remote Sensing: Pengurusan Bencana During a major flood disaster, how can aerial imagery data from remote sensing save victims' lives?",Mengeringkan air banjir dengan memfokuskan haba Matahari ke kawasan terlibat. (Drying up floodwaters by focusing Solar heat on the affected areas.),,Digunakan untuk menentukan lokasi kawasan yang dilanda banjir secara tepat serta mengenal pasti kawasan selamat yang tinggi untuk pemindahan mangsa. (Used to precisely determine the locations hit by floods and identify high safe areas for victim evacuation.),,Menyerap gas berasid daripada hujan asid sebelum ia sampai ke permukaan tanah. (Absorbing acidic gas from acid rain before it reaches the ground surface.),,Memancarkan gelombang radio untuk memanaskan tubuh mangsa yang kesejukan. (Emitting radio waves to heat up the cold bodies of victims.),,,"*Jawapan Betul**: **B**

**Huraian Saintifik (Malay)**:
Penderiaan jauh sangat kritikal dalam pengurusan bencana. Semasa banjir, pencerapan satelit/aerial memberikan peta real-time tentang liputan air banjir, mengenal pasti laluan jalan yang terputus, dan mencari kawasan tinggi yang selamat sebagai pusat penempatan sementara (PPS) mangsa.

---"
10,A,Bab 10: Penerokaan Angkasa Lepas (Space Exploration) - Kuiz Set A,24,Apakah sumbangan utama teknologi penderiaan jauh (remote sensing) dalam sektor geologi dan cari gali sumber asli?,*Fokus Silibus**: *Remote Sensing: Geologi & Sumber Asli What is the main contribution of remote sensing technology in the geology and natural resources exploration sector?,Mengekstrak petroleum dari telaga minyak laut dalam menggunakan tenaga suria. (Extracting petroleum from deep-sea oil wells using solar energy.),,"Memeta bentuk muka Bumi, menganalisis struktur geologi, dan meneroka kawasan berpotensi bagi mencari gali minyak dan sumber mineral. (Mapping Earth's landforms, analyzing geological structures, and exploring potential areas for oil and mineral extraction.)",,Menghentam tukul besi penanam cerucuk menggunakan daya tarikan magnet. (Striking pile-driver steel hammers using magnetic force.),,Mengawal aliran magma gunung berapi daripada meletus. (Controlling volcanic magma flow from erupting.),,,"*Jawapan Betul**: **B**

**Huraian Saintifik (Malay)**:
Dalam geologi, penderiaan jauh membolehkan saintis memetakan topografi bentuk muka Bumi secara 3D (cth: menggunakan LiDAR), menganalisis sesar bumi, membezakan jenis batuan, dan mengesan anomali geologi yang menunjukkan simpanan mineral atau petroleum di bawah permukaan tanah.

---"
10,A,Bab 10: Penerokaan Angkasa Lepas (Space Exploration) - Kuiz Set A,25,Bagaimanakah Agensi Keselamatan menggunakan penderiaan jauh (remote sensing) bagi memelihara kedaulatan sesebuah negara?,*Fokus Silibus**: *Remote Sensing: Pertahanan & Keselamatan How do Security Agencies use remote sensing to preserve a nation's sovereignty?,Memasang kabel rangkaian grid kuasa di sempadan hutan tebal. (Installing power grid network cables at thick forest borders.),,"Mengesan pencerobohan musuh dari udara, darat, dan laut secara berterusan, serta mengesan aktiviti ujian nuklear secara haram. (Continuously detecting enemy intrusions from air, land, and sea, as well as detecting illegal nuclear testing activities.)",,Memancarkan isyarat TV untuk mengganggu frekuensi radio musuh. (Emitting TV signals to disrupt enemy radio frequencies.),,Mengurangkan kadar hakisan tanah di kawasan kubu ketenteraan sempadan. (Reducing soil erosion rates at border military fortresses.),,,"*Jawapan Betul**: **B**

**Huraian Saintifik (Malay)**:
Bagi sektor pertahanan, penderiaan jauh digunakan oleh pihak tentera untuk memantau kawasan sempadan dan perairan laut secara real-time bagi mengesan pencerobohan haram kapal, pesawat, atau askar musuh, serta mengesan haba/kesan seismik daripada ujian nuklear bawah tanah.

---"
10,B,Bab 10: Penerokaan Angkasa Lepas (Space Exploration) - Kuiz Set B,1,"Antara pernyataan berikut, yang manakah menerangkan ciri utama **Model Geosentrik** yang dikemukakan oleh Claudius Ptolemy dengan betul?",Which of the following statements correctly describes the main feature of the **Geocentric Model** proposed by Claudius Ptolemy?,Matahari berada di pusat orbit manakala Bumi dan planet-planet lain mengelilinginya dalam orbit elips.,The Sun is at the center of the orbit while the Earth and other planets orbit it in elliptical orbits.,"Bumi berada di pusat Sistem Suria manakala Matahari, Bulan, dan planet-planet lain mengelilinginya dalam orbit yang membulat.","The Earth is at the center of the Solar System while the Sun, Moon, and other planets orbit it in circular orbits.",Matahari berada di pusat Sistem Suria manakala Bumi dan planet-planet lain mengelilinginya dalam orbit yang membulat.,The Sun is at the center of the Solar System while the Earth and other planets orbit it in circular orbits.,Bumi berada di pusat orbit manakala semua jasad angkasa adalah pegun tanpa sebarang pergerakan relatif.,The Earth is at the center of the orbit while all celestial bodies are stationary without any relative motion.,B,"Model Geosentrik yang dikemukakan oleh Ptolemy (ahli astronomi Yunani purba) mengasaskan idea bahawa Bumi (Geo) berada pada pusat Sistem Suria dan bersifat pegun (tidak bergerak) [page 270]. Semua jasad lain termasuk Matahari, Bulan, dan planet-planet berputar mengelilingi Bumi dalam orbit yang membulat (*circular orbit*) [page 270]."
10,B,Bab 10: Penerokaan Angkasa Lepas (Space Exploration) - Kuiz Set B,2,Apakah perbezaan utama dari segi bentuk geometri orbit planet antara **Model Heliosentrik Copernicus** dengan **Model Heliosentrik Kepler**?,What is the main difference in terms of the geometric shape of planetary orbits between **Copernicus's Heliocentric Model** and **Kepler's Heliocentric Model**?,Orbit Copernicus adalah elips manakala orbit Kepler adalah bulat sempurna.,Copernicus's orbit is elliptical while Kepler's orbit is perfectly circular.,Orbit Copernicus adalah bulat sempurna manakala orbit Kepler adalah elips.,Copernicus's orbit is perfectly circular while Kepler's orbit is elliptical.,Orbit Copernicus berbentuk lingkaran lingkaran manakala orbit Kepler tidak mempunyai laluan orbit yang tetap.,Copernicus's orbit is spiral while Kepler's orbit has no fixed orbital path.,Orbit Copernicus meletakkan Bumi di pusat orbit manakala orbit Kepler meletakkan Matahari di salah satu titik fokus elips.,Copernicus's orbit places the Earth at the center of the orbit while Kepler's orbit places the Sun at one of the focal points of the ellipse.,B,"Model Heliosentrik Copernicus (1543) meletakkan Matahari di pusat orbit dengan planet-planet bergerak mengelilinginya dalam orbit berbentuk bulat sempurna [page 270]. Sebaliknya, Johannes Kepler (1609) mengemaskini model tersebut dengan membuktikan bahawa planet-planet sebenarnya bergerak dalam orbit berbentuk elips (*elliptical orbit*) [page 270]."
10,B,Bab 10: Penerokaan Angkasa Lepas (Space Exploration) - Kuiz Set B,3,"Sains moden membuktikan Teori Geosentrik Ptolemy adalah salah. Walau bagaimanapun, apakah **persamaan struktur** yang masih dikongsi antara model Ptolemy dengan model heliosentrik Copernicus?","Modern science proves Ptolemy's Geocentric Theory is wrong. However, what **structural similarity** is still shared between Ptolemy's model and Copernicus's heliocentric model?",Kedua-dua model menganggap Bumi berputar pada paksinya sendiri dalam masa 24 jam.,Both models assume the Earth rotates on its own axis in 24 hours.,Kedua-dua model menggunakan bentuk orbit membulat (*circular orbits*) bagi pergerakan jasad yang mengelilingi pusat Sistem Suria.,Both models use circular orbits for the movement of bodies revolving around the center of the Solar System.,Kedua-dua model meletakkan Matahari sebagai jasad pegun di pusat Sistem Suria.,Both models place the Sun as a stationary body at the center of the Solar System.,Kedua-dua model menolak konsep bahawa bulan mengelilingi Bumi secara terus.,Both models reject the concept that the moon orbits the Earth directly.,B,"Walaupun model Ptolemy meletakkan Bumi di pusat (geosentrik) dan Copernicus meletakkan Matahari di pusat (heliosentrik), kedua-dua tokoh tersebut masih berkongsi pegangan fizik klasik yang sama iaitu menganggap jasad-jasad bergerak dalam laluan orbit berbentuk membulat (*circular orbits*) [page 270]. Hanya Kepler yang kemudiannya membetulkan struktur ini kepada bentuk elips [page 270]."
10,B,Bab 10: Penerokaan Angkasa Lepas (Space Exploration) - Kuiz Set B,4,"Garis masa sejarah mencatatkan pelbagai mercu tanda (*milestones*) dalam teknologi angkasa lepas. Antara padanan tahun dengan peristiwa sejarah berikut, yang manakah **salah**?",The historical timeline records various milestones in space technology. Which of the following matches of years and historical events is **incorrect**?,"1957: Peluncuran satelit buatan manusia pertama, Sputnik 1 oleh USSR.","1957: Launch of the first artificial satellite, Sputnik 1 by the USSR.",1961: Yuri Gagarin menjadi manusia pertama di orbit Bumi menaiki Vostok 1.,1961: Yuri Gagarin becomes the first human in Earth's orbit aboard Vostok 1.,1969: Neil Armstrong mendarat di Bulan menaiki Apollo 11.,1969: Neil Armstrong lands on the Moon aboard Apollo 11.,2000: Satelit RazakSAT diluncurkan sebagai satelit telekomunikasi pertama Malaysia.,2000: RazakSAT is launched as Malaysia's first telecommunication satellite.,D,"Padanan D adalah salah. Mengikut sejarah rasmi teknologi angkasa lepas, tahun 2000 merupakan tahun peluncuran mikrosatelit pertama Malaysia, iaitu TiungSAT-1 [page 272]. Satelit RazakSAT pula diluncurkan pada tahun 2009 [page 272]."
10,B,Bab 10: Penerokaan Angkasa Lepas (Space Exploration) - Kuiz Set B,5,Satelit RazakSAT diluncurkan oleh Malaysia pada tahun 2009. Apakah ciri orbit yang unik bagi satelit ini dan bagaimanakah ia memberi manfaat optimum kepada Malaysia?,"The RazakSAT satellite was launched by Malaysia in 2009. What unique orbital characteristic does this satellite possess, and how does it provide optimum benefits to Malaysia?",Ia berada pada orbit geopegun di atas garisan Artik untuk mengesan ais mencair.,It is in a geostationary orbit over the Arctic circle to detect melting ice.,Ia diletakkan pada Orbit Dekat Khatulistiwa (NEEq) untuk memberikan liputan pengimejan yang kerap bagi kawasan tropika.,It is placed in a Near Equatorial Orbit (NEEq) to provide frequent imaging coverage for tropical regions.,Ia mengorbit merentasi kutub utara dan selatan untuk mengumpul data cuaca global.,It orbits across the north and south poles to gather global weather data.,Orbitnya adalah elips sangat tinggi untuk membolehkan ia keluar dari tarikan graviti Bumi sepenuhnya.,Its orbit is highly elliptical to allow it to escape Earth's gravity completely.,B,RazakSAT merupakan satelit penderiaan jauh (remote sensing) pertama Malaysia yang diletakkan pada Orbit Dekat Khatulistiwa (NEEq - Near Equatorial Orbit) [page 272]. Ciri orbit ini adalah sangat unik kerana ia membolehkan satelit melintasi dan mengambil imej permukaan Malaysia serta kawasan tropika lain dengan kekerapan yang tinggi (beberapa kali sehari) bagi memantau cuaca dan pertanian [page 272].
10,B,Bab 10: Penerokaan Angkasa Lepas (Space Exploration) - Kuiz Set B,6,"Satelit penderiaan jauh pertama Malaysia, TiungSAT-1, diluncurkan pada tahun 2000. Apakah **perbezaan utama** dari segi klasifikasi fizikal antara TiungSAT-1 dan RazakSAT?","Malaysia's first remote sensing satellite, TiungSAT-1, was launched in 2000. What is the **main difference** in physical classification between TiungSAT-1 and RazakSAT?","TiungSAT-1 dikelaskan sebagai mikrosatelit (*microsatellite*) dengan berat yang sangat kecil, manakala RazakSAT ialah satelit penderiaan jauh bersaiz penuh yang lebih berat.","TiungSAT-1 is classified as a microsatellite with a very small weight, while RazakSAT is a heavier, full-sized remote sensing satellite.",TiungSAT-1 mengorbit Bulan manakala RazakSAT mengorbit Bumi.,TiungSAT-1 orbits the Moon while RazakSAT orbits the Earth.,TiungSAT-1 menggunakan enjin nuklear manakala RazakSAT digerakkan oleh bahan api cecair kimia.,TiungSAT-1 uses a nuclear engine while RazakSAT is propelled by liquid chemical fuel.,TiungSAT-1 ialah satelit ketenteraan yang membawa senjata manakala RazakSAT ialah satelit cuaca awam.,TiungSAT-1 is a military weapon-carrying satellite while RazakSAT is a civil weather satellite.,A,"TiungSAT-1 (tahun 2000) dikesan secara rasmi sebagai mikrosatelit (*microsatellite*) pertama milik Malaysia [page 272]. Istilah mikrosatelit merujuk kepada satelit buatan yang mempunyai saiz dan jisim yang sangat kecil dan ringan untuk menjimatkan kos peluncuran, manakala RazakSAT (tahun 2009) dibina sebagai satelit penderiaan jauh berskala penuh yang lebih besar [page 272]."
10,B,Bab 10: Penerokaan Angkasa Lepas (Space Exploration) - Kuiz Set B,7,Mengapakah teleskop angkasa moden seperti **Teleskop Angkasa Hubble** dan **Teleskop Angkasa Spitzer** ditempatkan di orbit luar atmosfera Bumi berbanding diletakkan di permukaan Bumi?,Why are modern space telescopes such as the **Hubble Space Telescope** and the **Spitzer Space Telescope** placed in orbit outside Earth's atmosphere instead of on Earth's surface?,Untuk membolehkan teleskop berada lebih dekat dengan galaksi dan bintang yang jauh demi mengurangkan jarak perjalanan cahaya.,To allow telescopes to be closer to distant galaxies and stars to reduce light travel distance.,"Untuk mengelakkan gangguan daripada zarah debu, awan, wap air, dan serapan cahaya oleh atmosfera Bumi yang boleh mengaburkan kualiti imej.","To avoid interference from dust particles, clouds, water vapor, and light absorption by the Earth's atmosphere which can blur image quality.",Kerana suhu di angkasa lepas adalah sangat panas yang diperlukan untuk mengekalkan kepekaan sensor inframerah.,"Because the temperature in space is very hot, which is required to maintain the sensitivity of infrared sensors.",Untuk mengelakkan kerosakan fizikal akibat rintangan angin kencang di permukaan Bumi.,To avoid physical damage due to strong wind resistance on the Earth's surface.,B,"Atmosfera Bumi mengandungi wap air, zarah jerebu, awan terampai, serta berlakunya pembiasan cahaya akibat perbezaan ketumpatan udara panas/sejuk yang mengganggu ketajaman imej optik teleskop Bumi [page 272]. Dengan menempatkan teleskop di angkasa lepas (seperti Hubble dan Spitzer) di luar atmosfera, gangguan-gangguan ini diatasi sepenuhnya bagi membolehkan pengambilan gambar imej angkasa yang berkualiti sangat tinggi [page 272]."
10,B,Bab 10: Penerokaan Angkasa Lepas (Space Exploration) - Kuiz Set B,8,Teleskop Angkasa Spitzer mempunyai keupayaan unik untuk mengesan **sinaran inframerah** dari angkasa lepas. Apakah kepentingan utama pengesanan gelombang inframerah ini dalam astronomi?,The Spitzer Space Telescope has the unique capability to detect **infrared radiation** from space. What is the primary importance of detecting infrared waves in astronomy?,Membolehkan ahli sains melihat objek yang terselindung di sebalik awan debu kosmik yang tebal yang tidak dapat ditembus oleh cahaya nampak.,Enables scientists to view objects hidden behind dense cosmic dust clouds that cannot be penetrated by visible light.,Mengukur tahap suhu radioaktif bagi planet Zuhal dan planet luar Sistem Suria secara langsung.,Measures the radioactive temperature levels of Saturn and outer planets of the Solar System directly.,Mengesan kehadiran molekul air cair di permukaan Bulan secara masa nyata.,Detects the presence of liquid water molecules on the Moon's surface in real-time.,Memesongkan laluan asteroid berbahaya daripada menghampiri atmosfera Bumi.,Deflects the paths of dangerous asteroids from approaching Earth's atmosphere.,A,"Sinar inframerah mempunyai panjang gelombang yang lebih panjang daripada cahaya nampak. Oleh itu, sinaran ini mempunyai kuasa penembusan yang tinggi untuk melepasi halangan awan debu kosmik gergasi yang pekat di angkasa lepas [page 272]. Pengesanan inframerah oleh Teleskop Spitzer membolehkan ahli astronomi mengkaji kawasan kelahiran bintang baharu yang biasanya diselimuti habuk tebal [page 272]."
10,B,Bab 10: Penerokaan Angkasa Lepas (Space Exploration) - Kuiz Set B,9,"Roket merupakan teknologi yang sangat penting dalam penerokaan angkasa lepas. Walau bagaimanapun, roket juga mempunyai sejarah hitam dari segi **penyalahgunaan teknologi** oleh manusia. Antara berikut, yang manakah merupakan contoh penyalahgunaan roket tersebut?","Rockets are extremely important technologies in space exploration. However, rockets also have a dark history of **technology abuse** by humans. Which of the following is an example of such rocket abuse?",Menggunakan roket untuk meluncurkan satelit komunikasi MEASAT ke orbit Bumi.,Using rockets to launch MEASAT communication satellites into Earth's orbit.,Mengubah suai reka bentuk roket sebagai peluru berpandu balistik tentera yang membawa kepala peledak nuklear untuk memusnahkan kawasan musuh.,Modifying rocket designs into military ballistic missiles carrying nuclear warheads to destroy enemy territories.,Menggunakan roket untuk menghantar bekalan makanan dan peralatan ke Stesen Angkasa Antarabangsa (ISS).,Using rockets to send food supplies and equipment to the International Space Station (ISS).,Meluncurkan kuar angkasa Voyager menggunakan roket untuk mengkaji planet luar.,Launching Voyager space probes using rockets to study outer planets.,B,Reka bentuk enjin roket yang menjana daya tujah ekstrem untuk menolak jasad mengatasi graviti Bumi boleh disalahgunakan secara negatif dalam industri persenjataan ketenteraan [page 272]. Roket ditukar fungsi menjadi peluru berpandu balistik yang diprogramkan membawa muatan bahan letupan nuklear atau senjata pemusnah besar-besaran untuk menyerang wilayah lain [page 272].
10,B,Bab 10: Penerokaan Angkasa Lepas (Space Exploration) - Kuiz Set B,10,Kuar angkasa (*space probe*) dihantar ke angkasa lepas untuk mengumpul data saintifik tentang planet-planet yang jauh. Apakah **sumber tenaga** utama yang membolehkan kuar angkasa beroperasi secara berterusan selama berpuluh-puluh tahun di kawasan angkasa lepas yang sangat sejuk?,Space probes are sent into space to collect scientific data about distant planets. What is the primary **energy source** that enables space probes to operate continuously for decades in very cold space environments?,Bahan api cecair petroleum yang diisi di dalam tangki simpanan khas kuar angkasa.,Liquid petroleum fuel filled in special storage tanks of the space probe.,Pembakaran berterusan serbuk arang kok yang diletakkan di dalam reaktor mikro kuar angkasa.,Continuous combustion of coke coal placed in the micro-rector of the space probe.,"Panel sel suria (*solar panels*) untuk planet berhampiran Matahari, dan bateri nuklear penjana termoelektrik radioisotop bagi planet luar yang jauh daripada Matahari.","Solar cell panels for planets near the Sun, and radioisotope thermoelectric generator nuclear batteries for outer planets far from the Sun.",Tenaga kinetik yang dijana daripada putaran roda magnetosfera kuar angkasa itu sendiri.,Kinetic energy generated from the rotation of the magnetosphere wheels of the space probe itself.,C,"Kuar angkasa robotik yang mengorbit planet berhampiran Matahari (seperti Utarid, Zuhrah) boleh menggunakan panel sel suria (solar panels) untuk menyerap tenaga cahaya matahari [page 272]. Namun, bagi kuar angkasa yang dihantar ke planet luar yang sangat jauh dan malap (seperti Musytari, Zuhal, atau keluar dari Sistem Suria), kuar menggunakan bateri nuklear berkuasa termoelektrik radioisotop yang mereput perlahan-lahan untuk membekalkan elektrik yang stabil selama berpuluh-puluh tahun [page 272]."
10,B,Bab 10: Penerokaan Angkasa Lepas (Space Exploration) - Kuiz Set B,11,Mengapakah agensi angkasa lepas dunia memilih untuk menghantar **kuar angkasa (space probe) robotik** berbanding menghantar angkasawan manusia untuk mengkaji planet-planet luar seperti Musytari dan Zuhal?,Why do global space agencies choose to send **robotic space probes** instead of sending human astronauts to study outer planets like Jupiter and Saturn?,Kerana kuar angkasa robotik boleh bergerak dengan kelajuan melebihi kelajuan cahaya untuk sampai ke destinasi.,Because robotic space probes can travel at speeds exceeding the speed of light to reach destinations.,Kerana kos membina kuar angkasa robotik adalah jauh lebih murah berbanding kos melatih seorang angkasawan tempatan.,Because the cost of building a robotic space probe is much cheaper than the cost of training a local astronaut.,"Kerana masa perjalanan ke planet luar mengambil masa bertahun-tahun, mengandungi tahap radiasi kosmik yang membawa maut, dan keadaan persekitaran yang ekstrem yang tidak dapat disokong oleh had fisiologi kemandirian manusia.","Because travel time to outer planets takes years, contains lethal cosmic radiation levels, and extreme environments that cannot be supported by the physiological limits of human survival.",Kerana robot mempunyai keupayaan untuk melarutkan diri di dalam atmosfera gas Musytari tanpa musnah.,Because robots have the ability to dissolve inside Jupiter's gas atmosphere without being destroyed.,C,"Perjalanan fizikal ke planet luar seperti Musytari atau Neptun mengambil masa bertahun-tahun sehingga berpuluh-puluh tahun [page 272]. Dalam perjalanan tersebut, jasad akan terdedah kepada suhu sifar mutlak yang ekstrem, ketiadaan bekalan oksigen/makanan, dan pendedahan kepada sinaran kosmik mengion serta angin suria yang membawa maut kepada sel tisu manusia, menjadikannya mustahil dari sudut biologi kemandirian manusia [page 272]."
10,B,Bab 10: Penerokaan Angkasa Lepas (Space Exploration) - Kuiz Set B,12,Lembangan jisim korona (CME) dan angin suria dari Matahari boleh merosakkan peralatan elektronik kuar angkasa yang melintas berhampiran permukaan Matahari. Apakah **kesan fizikal** yang akan dialami oleh kuar angkasa jika perisai magnetnya gagal berfungsi semasa ribut suria tersebut?,Coronal mass ejections (CME) and solar winds from the Sun can damage the electronic equipment of space probes passing near the Sun's surface. What **physical effect** will the space probe experience if its magnetic shield fails during the solar storm?,Sel-sel fotosfera Matahari akan menarik kuar masuk ke dalam teras secara graviti kinetik yang kuat.,The Sun's photospheric cells will pull the probe into the core via strong kinetic gravity.,"Zarah bercas berkelajuan tinggi dan ribut radiasi mengion akan mengganggu litar elektronik, membakar komponen semikonduktor, dan memutuskan sistem telekomunikasi kuar dengan Bumi.","High-speed charged particles and ionizing radiation storms will disrupt electronic circuits, burn semiconductor components, and sever the probe's telecommunication system with Earth.",Kuar angkasa akan membeku secara tiba-tiba disebabkan oleh suhu sejuk mendadak angin suria.,The space probe will freeze suddenly due to the sudden cold temperature of the solar wind.,Tekanan mekanikal angin suria akan mengubah bentuk fizikal kuar menjadi gas helium tulen.,The mechanical pressure of the solar wind will change the physical shape of the probe into pure helium gas.,B,"Lentingan Jisim Korona (CME) dan angin suria terdiri daripada arus plasma berkelajuan tinggi yang mengandungi zarah bercas (proton, elektron) dan zarah bermagnet bertenaga tinggi [page 260, 261]. Jika zarah-zarah ini melanggar litar semikonduktor kuar angkasa tanpa perlindungan medan magnet, ia akan mencetuskan arus elektrik berlebihan yang membakar sistem komputer mikro dan memutuskan komunikasi satelit secara kekal [page 260, 262]."
10,B,Bab 10: Penerokaan Angkasa Lepas (Space Exploration) - Kuiz Set B,13,Stesen Angkasa Antarabangsa (ISS) dibina di orbit rendah Bumi. Apakah kelebihan utama persekitaran di dalam ISS yang membolehkan ahli sains menjalankan kajian biologi dan fizik yang tidak dapat dijalankan di permukaan Bumi?,The International Space Station (ISS) is built in low Earth orbit. What is the primary advantage of the environment inside the ISS that enables scientists to conduct biological and physics research that cannot be conducted on the Earth's surface?,Ketiadaan atmosfera luar yang membolehkan penyelidikan dijalankan dalam keadaan vakum yang sempurna.,The absence of an outer atmosphere which allows research to be conducted in a perfect vacuum.,"Persekitaran **mikrograviti** (tanpa berat) yang membolehkan kajian tentang pertumbuhan sel tisu, penghabluran protein, dan tingkah laku bendalir diperhatikan tanpa gangguan tarikan graviti normal.","A **microgravity** (weightless) environment that allows the study of tissue cell growth, protein crystallization, and fluid behavior to be observed without the interference of normal gravity.",Suhu yang sangat sejuk di dalam makmal ISS yang membolehkan tindak balas nuklear berlaku secara spontan.,The extremely cold temperature inside the ISS laboratory which allows nuclear reactions to occur spontaneously.,Kehadiran sinaran ultraungu (UV) kosmik secara langsung yang mempercepatkan kadar mutasi genetik tumbuhan padi.,The presence of direct cosmic ultraviolet (UV) radiation which accelerates the rate of genetic mutation in paddy plants.,B,"Di stesen angkasa ISS yang berada dalam orbit jatuh bebas yang berterusan mengelilingi Bumi, keadaan **mikrograviti** (tanpa berat) diwujudkan [page 272]. Keadaan ini membolehkan ahli sains mengkaji pertumbuhan sel tisu kanser dalam bentuk tiga dimensi tanpa mendap ke bawah, menghasilkan hablur protein farmaseutikal yang sangat tulen, dan mengkaji fizik bendalir yang tidak terjejas oleh daya tarikan graviti normal Bumi [page 272]."
10,B,Bab 10: Penerokaan Angkasa Lepas (Space Exploration) - Kuiz Set B,14,"Teknologi **Penderiaan Jauh (Remote Sensing)** banyak diaplikasikan dalam pelbagai sektor. Antara berikut, yang manakah merupakan takrifan yang paling tepat bagi penderiaan jauh?",The **Remote Sensing** technology is widely applied in various sectors. Which of the following is the most accurate definition of remote sensing?,Kaedah menghantar gelombang elektromagnet ke ruang angkasa lepas bagi memusnahkan jasad asing yang mendekati Bumi.,A method of sending electromagnetic waves into outer space to destroy alien bodies approaching Earth.,Kaedah mengumpul maklumat atau data tentang permukaan Bumi secara aerial (dari jauh) menggunakan sensor atau kamera yang dipasang pada satelit atau pesawat tanpa sentuhan fizikal secara terus.,A method of collecting information or data about the Earth's surface aerially (from a distance) using sensors or cameras mounted on satellites or aircraft without direct physical contact.,Sistem kawalan jauh yang digunakan oleh angkasawan untuk memandu kuar angkasa dari jarak beribu-ribu kilometer.,A remote control system used by astronauts to steer space probes from thousands of kilometers away.,Alat pengesan radioaktif yang digunakan untuk mengira dos sinaran latar belakang di dalam makmal nuklear.,A radioactive detector used to calculate background radiation doses inside nuclear laboratories.,B,"Penderiaan Jauh (*Remote Sensing*) secara literal bermaksud mengesan atau mengumpul maklumat tentang sesuatu objek dari jarak jauh tanpa menyentuh objek tersebut secara fizikal [page 276]. Penderiaan jauh menggunakan sensor/kamera khas yang dipasang pada satelit, pesawat udara, atau dron untuk merekod pantulan radiasi elektromagnet dari permukaan Bumi [page 276]."
10,B,Bab 10: Penerokaan Angkasa Lepas (Space Exploration) - Kuiz Set B,15,"Dalam sektor **Pertanian**, bagaimanakah data penderiaan jauh daripada satelit digunakan untuk menguruskan ladang tanaman secara sistematik dan berkesan?","In the **Agriculture** sector, how is remote sensing data from satellites used to manage crop fields systematically and effectively?",Menggunakan sensor laser bertenaga tinggi untuk membunuh serangga perosak di kawasan sawah padi secara automatik dari angkasa.,Using high-energy laser sensors to automatically kill pests in paddy fields from space.,"Memantau tahap klorofil, mengesan jangkitan penyakit atau serangan makhluk perosak, memetakan kelembapan tanah, dan meramal hasil pengeluaran tanaman secara menyeluruh.","Monitoring chlorophyll levels, detecting disease infections or pest attacks, mapping soil moisture, and predicting crop yield production comprehensively.",Menyiram air secara osmosis terus ke dalam akar tanaman menggunakan gelombang radio satelit.,Watering crops osmotically directly into the roots using satellite radio waves.,Meningkatkan kadar fotosintesis tanaman dengan memantulkan cahaya matahari tambahan melalui cermin satelit gergasi.,Increasing crop photosynthesis rates by reflecting additional sunlight via giant satellite mirrors.,B,"Dalam pertanian moden, data penderiaan jauh mengukur indeks kehijauan tanaman (NDVI) untuk menentukan tahap kesuburan daun (kandungan klorofil) [page 276]. Ini membolehkan peladang memantau tahap pertumbuhan pokok padi, mengesan jangkitan kulat atau serangan ulat perosak sebelum merebak, mengesan kawasan tanah kering yang memerlukan pengairan, dan menganggarkan jumlah hasil tuai padi secara efisien [page 276]."
10,B,Bab 10: Penerokaan Angkasa Lepas (Space Exploration) - Kuiz Set B,16,Ahli geologi sering menggunakan data penderiaan jauh (remote sensing) dalam aktiviti eksplorasi sumber asli Bumi. Apakah fungsi utama teknologi ini dalam bidang **Geologi**?,Geologists often use remote sensing data in Earth's natural resource exploration. What is the primary function of this technology in **Geology**?,Melakukan penggerudian batu di dasar laut secara maya menggunakan sensor satelit.,Performing ocean floor rock drilling virtually using satellite sensors.,"Mengesan dan memetakan struktur bentuk muka Bumi, serta mengenalpasti kawasan yang berpotensi tinggi untuk aktiviti cari gali petroleum, gas asli, dan mendapan mineral berharga.","Detecting and mapping Earth's surface structures, and identifying areas with high potential for petroleum, natural gas, and valuable mineral deposits exploration.",Mengukur diameter ketebalan kepingan plat tektonik Bumi menggunakan sinar beta dari angkasa.,Measuring the thickness diameter of Earth's tectonic plates using beta rays from space.,Mengubah komposisi batuan granit menjadi logam emas melalui penembusan radiasi elektromagnet.,Changing granite rock compositions into gold metal via electromagnetic radiation penetration.,B,"Sensor penderiaan jauh satelit boleh mengesan pantulan spektrum batuan dan mineral yang berbeza pada permukaan Bumi [page 276]. Data ini digunakan oleh ahli geologi untuk memetakan struktur tektonik, mengesan patahan bumi, dan mengenal pasti formasi batuan geologi yang berpotensi tinggi mengandungi takungan minyak petroleum, gas asli, atau bijih logam berharga tanpa perlu melakukan survei darat berskala besar terlebih dahulu [page 276]."
10,B,Bab 10: Penerokaan Angkasa Lepas (Space Exploration) - Kuiz Set B,17,"Semasa berlakunya bencana alam seperti **banjir besar**, bagaimanakah data penderiaan jauh (remote sensing) dapat membantu pihak penyelamat dalam bidang **Pengurusan Bencana**?","During natural disasters like **massive floods**, how can remote sensing data assist rescue teams in **Disaster Management**?",Membina benteng penghalang air banjir secara automatik menggunakan teknologi pancaran gelombang mikro.,Building flood barrier walls automatically using microwave beam technology.,"Menyediakan peta kawasan banjir secara masa nyata (*real-time*) untuk mengenalpasti kawasan penempatan yang terjejas, menentukan laluan penyelamatan yang selamat, dan mengesan pusat pemindahan sementara (PPS) yang sesuai.","Providing real-time flood area maps to identify affected residential areas, determine safe rescue routes, and locate suitable temporary evacuation centers (PPS).",Menghilangkan air banjir secara serta-merta melalui proses penyejatan haba satelit yang intensif.,Evaporating flood waters instantly through intensive satellite thermal evaporation processes.,Menghantar isyarat denyutan jantung mangsa yang tenggelam di bawah air secara terus ke telefon bimbit penyelamat.,Sending the heart rate signals of submerged victims directly to rescue teams' mobile phones.,B,"Semasa banjir besar berlaku, satelit penderiaan jauh radar (SAR) boleh menembusi litupan awan tebal dan hujan lebat untuk memetakan sempadan air banjir secara tepat pada masa nyata [page 276]. Maklumat ini sangat penting bagi agensi pertahanan awam untuk mengenal pasti kampung atau kawasan penempatan yang terputus hubungan, merancang laluan bot penyelamat yang selamat, dan mengesan pusat pemindahan sementara (PPS) yang bebas daripada ancaman takungan air [page 276]."
10,B,Bab 10: Penerokaan Angkasa Lepas (Space Exploration) - Kuiz Set B,18,"Dalam aspek keselamatan negara (**Pertahanan**), pihak tentera memanfaatkan data penderiaan jauh satelit untuk pelbagai tujuan strategik. Antara berikut, yang manakah merupakan aplikasi penderiaan jauh dalam bidang pertahanan?","In national security (**Defense**), the military utilizes satellite remote sensing data for various strategic purposes. Which of the following is an application of remote sensing in defense?",Melancarkan misil peledak untuk memusnahkan satelit cuaca milik negara-negara jiran.,Launching explosive missiles to destroy weather satellites owned by neighboring countries.,"Mengesan ujian nuklear haram bawah tanah di seluruh dunia, memantau pergerakan tentera atau aset musuh di sempadan, dan mengesan pencerobohan ruang udara serta perairan negara.","Detecting illegal underground nuclear tests globally, monitoring enemy troop or asset movements at borders, and detecting intrusions in national airspace and territorial waters.",Mengawal minda pasukan tentera musuh menggunakan isyarat elektromagnet frekuensi ultra tinggi.,Controlling the minds of enemy troops using ultra-high-frequency electromagnetic signals.,Memancarkan perisai halimunan (*force field*) untuk melindungi pangkalan tentera darat daripada serangan bom udara.,Beaming an invisible force field to protect army bases from aerial bomb attacks.,B,"Dalam sektor pertahanan, satelit penderiaan jauh tentera (satelit intai) digunakan untuk memantau keselamatan negara secara berterusan [page 276]. Satelit ini mengesan pergerakan armada tentera atau aset pertahanan asing berhampiran garisan sempadan darat/laut negara, mengesan pembinaan pangkalan haram, dan mengesan gelombang seismik serta radiasi elektromagnet yang berpunca daripada ujian senjata nuklear bawah tanah haram oleh mana-mana negara [page 276]."
10,B,Bab 10: Penerokaan Angkasa Lepas (Space Exploration) - Kuiz Set B,19,Satelit **MEASAT-3** milik Malaysia diletakkan di orbit geopegun. Apakah maksud **orbit geopegun** (*geostationary orbit*) dan mengapakah ciri ini sangat penting bagi satelit telekomunikasi?,Malaysia's **MEASAT-3** satellite is placed in a geostationary orbit. What is the meaning of a **geostationary orbit** and why is this characteristic very important for telecommunication satellites?,Satelit berada pada ketinggian yang sangat rendah dan bergerak lebih cepat daripada putaran Bumi untuk melawat semua negara.,The satellite is at a very low altitude and moves faster than Earth's rotation to visit all countries.,"Satelit mengorbit Bumi pada kelajuan yang sama dengan kadar putaran paksi Bumi, menyebabkannya kelihatan sentiasa pegun di atas titik rujukan yang sama di permukaan Bumi untuk memastikan sambungan isyarat TV/internet tidak terputus.","The satellite orbits the Earth at the same speed as the Earth's axial rotation rate, making it appear stationary over the same reference point on Earth's surface to ensure continuous TV/internet signal connection.",Satelit sentiasa pegun di angkasa tanpa mengorbit Bumi untuk menjimatkan penggunaan bahan api roket.,The satellite remains completely stationary in space without orbiting the Earth to save rocket fuel consumption.,Orbit satelit berbentuk elips melampau yang membolehkan ia melintasi kutub utara setiap 12 jam sekali.,"The satellite's orbit is highly elliptical, allowing it to cross the north pole once every 12 hours.",B,"Orbit geopegun (*geostationary orbit*) diletakkan tepat di atas garisan Khatulistiwa pada ketinggian kira-kira 35,786 km. Pada orbit ini, satelit mengambil masa tepat 24 jam untuk mengorbit Bumi, yang sama dengan tempoh putaran Bumi pada paksinya [page 272]. Kesannya, satelit kelihatan sentiasa pegun di atas satu koordinat geografi yang sama di Bumi, membolehkan piring antena tv atau internet di rumah sentiasa dihalakan ke arah satelit tersebut tanpa perlu menukar arah orientasinya secara berterusan [page 272]."
10,B,Bab 10: Penerokaan Angkasa Lepas (Space Exploration) - Kuiz Set B,20,Apakah peranan utama **Agensi Remote Sensing Malaysia (MACRES)** dalam konteks pembangunan dan keselamatan teknologi di Malaysia?,What is the primary role of the **Malaysian Centre for Remote Sensing (MACRES)** in the context of technology development and security in Malaysia?,Menguruskan pendaftaran lesen memandu kenderaan aeronautik awam di Malaysia.,Managing driver's license registrations for civil aeronautical vehicles in Malaysia.,"Menyelaraskan, melatih, mengumpul, memproses, dan menyebarkan semua data penderiaan jauh satelit bagi menyokong pengurusan pertanian, perancangan bandar, keselamatan pertahanan, dan bencana alam negara.","Coordinating, training, collecting, processing, and distributing all satellite remote sensing data to support agriculture management, town planning, defense security, and national natural disasters.",Membina roket pelancar angkasa lepas gergasi untuk bersaing dalam industri pelancongan angkasa komersial dunia.,Building giant space launcher rockets to compete in the global commercial space tourism industry.,Mengharamkan sebarang penggunaan alat GPS di dalam kenderaan awam atas faktor keselamatan privasi data.,Banning any usage of GPS devices in public vehicles due to data privacy security reasons.,B,"Agensi Angkasa Malaysia melalui bahagian penderiaan jauh atau dahulunya dikenali sebagai **MACRES** (*Malaysian Centre for Remote Sensing*) mempunyai peranan rasmi dalam menerajui, menyelaraskan, dan memproses semua data penderiaan jauh satelit bagi kegunaan pelbagai kementerian kerajaan (seperti Jabatan Pertanian, Jabatan Pengairan dan Saliran, dan Angkatan Tentera) demi memastikan kelestarian ekonomi dan pertahanan negara [page 276]."
10,B,Bab 10: Penerokaan Angkasa Lepas (Space Exploration) - Kuiz Set B,21,Astronomi bermula dengan pemerhatian langit menggunakan mata kasar. Tokoh manakah yang merupakan **manusia pertama** yang menggunakan alat **teleskop optik kanta** pada tahun 1609 untuk memerhatikan Bulan dan planet Zuhal secara terperinci?,Astronomy began with naked-eye sky observations. Which historical figure was the **first human** to use an **optical lens telescope** in 1609 to observe the Moon and Saturn in detail?,Johannes Kepler,,Nicolaus Copernicus,,Galileo Galilei,,Claudius Ptolemy,,C,"Tokoh astronomi terkenal Galileo Galilei pada tahun 1609 merupakan manusia pertama yang membina dan mengarahkan teleskop pembiasan optik berasaskan kanta ke arah langit [page 272]. Menerusi ciptaannya itu, beliau berjaya mengesan gunung-ganang di Bulan, empat bulan utama Musytari, dan gelung indah Zuhal, sekali gus membuktikan kebenaran fizikal bagi Teori Heliosentrik Copernicus [page 270, 272]."
10,B,Bab 10: Penerokaan Angkasa Lepas (Space Exploration) - Kuiz Set B,22,Sejarah perkembangan teknologi angkasa lepas mencatatkan bahawa **Sputnik 1** diluncurkan pada tahun 1957. Apakah kepentingan **Sputnik 1** dalam tamadun manusia?,The history of space technology development records that **Sputnik 1** was launched in 1957. What is the significance of **Sputnik 1** in human civilization?,Ia merupakan stesen angkasa pertama yang dihantar untuk menempatkan ahli sains.,It was the first space station sent to house scientists.,"Ia merupakan satelit buatan manusia pertama yang berjaya mengorbit Bumi, sekali gus memulakan era penerokaan angkasa lepas secara aktif.","It was the first artificial man-made satellite to successfully orbit the Earth, thereby starting the active space exploration era.",Ia mengandungi angkasawan pertama yang mendarat di permukaan planet Marikh.,It contained the first astronaut to land on the surface of Mars.,Ia merupakan teleskop radio pertama yang mengesan gelombang radio kosmik galaktik.,It was the first radio telescope to detect galactic cosmic radio waves.,B,"Peluncuran satelit **Sputnik 1** oleh Kesatuan Soviet (USSR) pada 4 Oktober 1957 menandakan permulaan rasmi Zaman Angkasa Lepas (*Space Age*) bagi tamadun manusia [page 272]. Kejayaan Sputnik 1 membuktikan bahawa manusia mampu menghantar objek buatan sendiri melepasi atmosfera dan kekal mengorbit Bumi secara stabil, mencetuskan perlumbaan teknologi angkasa yang pesat antara kuasa-kuasa besar [page 272]."
10,B,Bab 10: Penerokaan Angkasa Lepas (Space Exploration) - Kuiz Set B,23,Sistem Navigasi **GPS (Global Positioning System)** yang ada di dalam telefon bimbit pintar bergantung sepenuhnya kepada satelit angkasa lepas. Bagaimanakah isyarat satelit ini bertindak balas dengan alat penerima di Bumi?,The **GPS (Global Positioning System)** navigation system in smart mobile phones relies completely on space satellites. How do these satellite signals interact with receivers on Earth?,Satelit memancarkan sinar gama bertenaga tinggi untuk memanaskan cip litar telefon bimbit mangsa.,The satellite beams high-energy gamma rays to heat the circuit chips of the user's mobile phone.,Satelit memancarkan gelombang mikro (*microwave signals*) yang membawa data masa dan kedudukan yang dikoordinasikan secara triangulasi oleh sekurang-kurangnya 4 buah satelit GPS untuk menentukan koordinat geografi pengguna secara tepat.,The satellites beam microwave signals carrying time and position data coordinated via triangulation by at least 4 GPS satellites to determine the user's exact geographical coordinates.,Telefon bimbit memancarkan gas nitrogen ringan ke angkasa untuk menarik perhatian sensor satelit.,The mobile phone beams light nitrogen gas into space to attract the attention of satellite sensors.,Satelit mengukur suhu permukaan badan pengguna melalui sistem kamera terma inframerah optik.,The satellite measures the user's body surface temperature via optical infrared thermal camera systems.,B,"Sistem GPS menggunakan buruj satelit (sekurang-kurangnya 24 buah) yang mengorbit Bumi [page 272]. Setiap satelit memancarkan gelombang mikro secara berterusan yang mengandungi maklumat kedudukan satelit dan masa isyarat dipancarkan. Alat penerima di Bumi (seperti telefon pintar) akan mengira sela masa ketibaan isyarat tersebut daripada sekurang-kurangnya empat satelit untuk mengira lokasi koordinat X, Y, Z pengguna secara tepat melalui kaedah matematik trilaterasi [page 272]."
10,B,Bab 10: Penerokaan Angkasa Lepas (Space Exploration) - Kuiz Set B,24,Kapal angkasa **Vostok 1** mencatatkan sejarah penerokaan angkasa lepas pada tahun 1961. Siapakah angkasawan yang menaiki kapal angkasa tersebut dan menjadi manusia pertama yang berjaya mengorbit Bumi?,The **Vostok 1** spacecraft made space exploration history in 1961. Who was the astronaut aboard that spacecraft who became the first human to successfully orbit the Earth?,Neil Armstrong,,Yuri Gagarin,,Sheikh Muszaphar Shukor,,Buzz Aldrin,,B,"Pada 12 April 1961, angkasawan Kesatuan Soviet (USSR) **Yuri Gagarin** mencatatkan namanya dalam sejarah tamadun manusia sebagai manusia pertama yang meluncur ke angkasa lepas dan berjaya melengkapkan satu putaran orbit penuh mengelilingi Bumi dalam masa 108 minit menaiki kapal angkasa Vostok 1 [page 272]."
10,B,Bab 10: Penerokaan Angkasa Lepas (Space Exploration) - Kuiz Set B,25,Teleskop jenis **Teleskop Radio** diletakkan di Bumi untuk mengumpul maklumat astronomi. Bagaimanakah fungsi teleskop radio ini membezakannya daripada teleskop optik biasa?,The **Radio Telescope** type is placed on Earth to collect astronomical information. How does the function of this radio telescope differentiate it from a normal optical telescope?,Ia memancarkan isyarat siaran radio komersial ke seluruh Sistem Suria untuk berkomunikasi dengan robot Marikh.,It broadcasts commercial radio signals throughout the Solar System to communicate with Mars robots.,"Ia tidak mengumpul cahaya nampak (*visible light*), sebaliknya mengesan dan merekodkan gelombang radio frekuensi tinggi yang dipancarkan secara semula jadi oleh jasad angkasa lepas seperti bintang neutron, pulsar, dan lohong hitam.","It does not collect visible light, but instead detects and records high-frequency radio waves naturally emitted by celestial bodies such as neutron stars, pulsars, and black holes.",Ia memanaskan atmosfera Bumi untuk mengurangkan kadar pembentukan jerebu di kawasan bandar.,It heats the Earth's atmosphere to reduce haze formation rates in urban areas.,Ia menggunakan cermin cembung dan kanta tebal untuk membesarkan imej optik objek angkasa sejauh 100 kali ganda.,It uses convex mirrors and thick lenses to magnify optical images of celestial objects by 100 times.,B,"Berbeza dengan teleskop optik biasa yang menumpukan cahaya nampak (*visible light*), teleskop radio menggunakan piring pemantul logam gergasi (parabola) untuk mengesan gelombang elektromagnet dalam julat frekuensi radio yang dikeluarkan secara semula jadi oleh objek-objek angkasa lepas [page 272]. Ini membolehkan ahli astronomi mengesan jasad sejuk atau lohong hitam yang tidak mengeluarkan cahaya nampak tetapi memancarkan gelombang radio kosmik yang kuat [page 272]."
1,A,Bab 1: Rangsangan dan Gerak Balas (Stimuli and Responses) - Kuiz Set A,1,"Antara berikut, yang manakah merupakan komponen utama bagi Sistem Saraf Pusat (SSP)?","Of the following, which is the main component of the Central Nervous System (CNS)?",Saraf kranium dan saraf spina,Cranial nerves and spinal nerves,Otak dan saraf tunjang,Brain and spinal cord,Otak dan saraf kranium,Brain and cranial nerves,Saraf tunjang dan saraf spina,Spinal cord and spinal nerves,B,Sistem Saraf Pusat terdiri daripada otak dan saraf tunjang; saraf kranium dan saraf spina membentuk Sistem Saraf Periferi.
1,A,Bab 1: Rangsangan dan Gerak Balas (Stimuli and Responses) - Kuiz Set A,2,Berapakah pasang saraf spina yang terdapat dalam Sistem Saraf Periferi manusia?,How many pairs of spinal nerves are found in the Peripheral Nervous System of humans?,12 pasang,12 pairs,31 pasang,31 pairs,43 pasang,43 pairs,24 pasang,24 pairs,B,Sistem Saraf Periferi manusia mempunyai 31 pasang saraf spina yang bersambung dengan saraf tunjang.
1,A,Bab 1: Rangsangan dan Gerak Balas (Stimuli and Responses) - Kuiz Set A,3,Tindakan manakah yang dikelaskan sebagai tindakan luar kawal yang dikawal oleh medula oblongata?,Which action is classified as an involuntary action controlled by the medulla oblongata?,Berjalan ke sekolah,Walking to school,Menarik tangan daripada kuali panas,Pulling hand away from hot pot,Peristalsis di esofagus,Peristalsis in the esophagus,Mengangkat tangan untuk menjawab soalan,Raising a hand to answer a question,C,"Peristalsis ialah tindakan luar kawal yang diselaraskan oleh medula oblongata, manakala gerak refleks melibatkan saraf tunjang."
1,A,Bab 1: Rangsangan dan Gerak Balas (Stimuli and Responses) - Kuiz Set A,4,Seseorang atlet olahraga Olimpik akan dibatalkan kelayakan (false start) jika masa gerak balasnya dikesan kurang daripada:,An Olympic athlete will be disqualify (false start) if their reaction time is observed to be less than:,0.155 saat,0.155 seconds,0.100 saat,0.100 seconds,0.200 saat,0.200 seconds,0.050 saat,0.050 seconds,B,"Dalam acara pecut Olimpik, masa gerak balas kurang daripada 0.100 saat dianggap terlalu pantas untuk tindak balas manusia dan direkodkan sebagai permulaan palsu."
1,A,Bab 1: Rangsangan dan Gerak Balas (Stimuli and Responses) - Kuiz Set A,5,"Antara berikut, yang manakah merupakan turutan aliran impuls yang betul semasa tindakan terkawal seperti menjawab panggilan telefon?","Of the following, which is the correct sequence of impulse flow during a controlled action such as answering a phone call?",Rangsangan → Afektor → Saraf Tunjang → Efektor → Gerak Balas,Stimulus → Receptor → Spinal cord → Effector → Response,Rangsangan → Afektor → Otak → Efektor → Gerak Balas,Stimulus → Receptor → Brain → Effector → Response,Rangsangan → Saraf Tunjang → Otak → Efektor → Gerak Balas,Stimulus → Spinal cord → Brain → Effector → Response,Rangsangan → Efektor → Otak → Afektor → Gerak Balas,Stimulus → Effector → Brain → Receptor → Response,B,"Dalam tindakan terkawal, reseptor mengesan rangsangan, impuls dihantar ke otak untuk ditafsir, kemudian efektor menghasilkan gerak balas."
1,A,Bab 1: Rangsangan dan Gerak Balas (Stimuli and Responses) - Kuiz Set A,6,Apakah fungsi utama pupil pada mata manusia?,What is the main function of the pupil in the human eye?,Mengawal saiz kanta mata,Regulating the size of the cornea,Memfokuskan cahaya ke atas retina,Focusing light onto the retina,Mengawal kuantiti cahaya yang memasuki mata,Regulating the amount of light entering the eye,Mencegah pantulan cahaya di dalam bola mata,Preventing internal reflection of light in the eyeball,C,Pupil ialah bukaan yang mengawal kuantiti cahaya memasuki mata melalui perubahan saiz yang dikawal oleh iris.
1,A,Bab 1: Rangsangan dan Gerak Balas (Stimuli and Responses) - Kuiz Set A,7,Haiwan manakah yang dipadankan dengan betul bagi bentuk pupil matanya?,Which animal is correctly matched with its eye pupil shape?,Kambing - Bentuk huruf 'W',Goat - Shape of the letter 'W',Ikan pari - Bentuk sabit,Shark - Sword shape,Buaya - Segi empat bujur,Crocodile - Oblong shape,Sotong - Celahan tegak,Cuttlefish - Vertical slit,B,"Ikan pari mempunyai pupil berbentuk sabit. Kambing mempunyai pupil mendatar berbentuk segi empat, buaya mempunyai pupil celahan tegak, manakala sotong katak mempunyai pupil berbentuk W."
1,A,Bab 1: Rangsangan dan Gerak Balas (Stimuli and Responses) - Kuiz Set A,8,Apakah bahagian mata yang paling peka terhadap cahaya kerana mempunyai kepadatan fotoreseptor yang paling tinggi?,Which part of the eye is most sensitive to light due to having the highest photoreceptor density?,Bintik buta,Macular spot,Kornea,Cornea,Bintik kuning,Macula,Koroid,Choroid,C,Bintik kuning mempunyai kepadatan sel kon yang tinggi dan merupakan bahagian retina paling peka untuk penglihatan jelas.
1,A,Bab 1: Rangsangan dan Gerak Balas (Stimuli and Responses) - Kuiz Set A,9,Mengapakah sel rod pada retina sangat berguna dlm situasi malap atau gelap?,Why are rod cells in the retina very useful in low or dark conditions?,Kerana ia sangat peka terhadap warna merah,Because they are very sensitive to red color,Kerana ia sangat peka kepada keamatan cahaya yang rendah,Because they are very sensitive to low light intensity,Kerana ia berfungsi menukarkan imej songsang kepada tegak,Because they function to convert inverted images to upright,Kerana ia disambung terus ke tiub Eustachio,Because they are directly connected to the Eustachian tube,B,"Sel rod sangat peka terhadap keamatan cahaya rendah, maka membantu penglihatan dalam keadaan malap."
1,A,Bab 1: Rangsangan dan Gerak Balas (Stimuli and Responses) - Kuiz Set A,10,"Antara berikut, yang manakah fungsi koroid di dalam bola mata?","Of the following, which is the function of the choroid in the eye?",Melindungi bahagian hadapan sklera,To protect the anterior part of the sclera,Mengubah ketebalan kanta mata,To change the thickness of the cornea,Membiaskan dan memfokuskan cahaya,To refract and focus light,Mencegah pantulan cahaya di dalam bola mata serta membekalkan oksigen,To prevent internal reflection of light in the eye and to supply oxygen,D,"Pigmen gelap pada koroid menyerap cahaya untuk mengelakkan pantulan dalaman, manakala salur darahnya membekalkan oksigen dan nutrien."
1,A,Bab 1: Rangsangan dan Gerak Balas (Stimuli and Responses) - Kuiz Set A,11,Ligamen penggantung berfungsi untuk:,The suspensory ligament functions to:,Mengawal saiz pupil,Control the size of the pupil,Memegang kanta mata pada kedudukannya,Hold the lens in its position,Melindungi bahagian hadapan sklera,To protect the anterior part of the sclera,Membawa impuls saraf ke otak,Conduct nerve impulses to the brain,B,Ligamen penggantung memegang kanta pada kedudukannya dan memindahkan tarikan otot silia semasa akomodasi.
1,A,Bab 1: Rangsangan dan Gerak Balas (Stimuli and Responses) - Kuiz Set A,12,Di manakah terletaknya bintik buta pada mata manusia?,Where is the blind spot located in the human eye?,Di bahagian tengah kornea,In the central part of the cornea,Di kawasan kanta mata bertemu otot silia,In the area where the ciliary muscle meets the sclera,Di kawasan retina di mana gentian saraf keluar membentuk saraf optik,In the retinal area where the optic nerve exits to form the optic nerve,Di dalam gelemar,Within the lamina,C,Bintik buta terletak pada retina di tempat gentian saraf meninggalkan mata untuk membentuk saraf optik; kawasan itu tiada fotoreseptor.
1,A,Bab 1: Rangsangan dan Gerak Balas (Stimuli and Responses) - Kuiz Set A,13,Struktur telinga yang manakah bergetar mengikut frekuensi gelombang bunyi yang menerpanya dlm mekanisme pendengaran?,Which part of the ear vibrates according to the frequency of the sound wave it receives in the hearing mechanism?,Gegendang telinga,Eardrum,Koklea,Cochlea,Osikel,Ossicles,Jendela bujur,Round window,A,Gelombang bunyi menyebabkan gegendang telinga bergetar pada frekuensi yang sama sebelum getaran dipindahkan kepada osikel.
1,A,Bab 1: Rangsangan dan Gerak Balas (Stimuli and Responses) - Kuiz Set A,14,Apakah peranan tiga tulang kecil (osikel) di dalam telinga tengah?,What is the role of the three small bones (ossicles) in the middle ear?,Mengimbangkan tekanan udara,Equalizing air pressure,Mengesan kedudukan kepala,Detecting head position,Menguatkan getaran bunyi dan memindahkannya ke jendela bujur,Amplifying sound vibrations and transferring them to the oval window,Mengumpul gelombang bunyi dari udara,Collecting sound waves from the air,C,Osikel menguatkan getaran daripada gegendang telinga dan memindahkannya ke jendela bujur.
1,A,Bab 1: Rangsangan dan Gerak Balas (Stimuli and Responses) - Kuiz Set A,15,Struktur telinga dalam yang mengandungi bendalir dan berfungsi menukarkan getaran kepada impuls saraf ialah:,The inner ear structure that contains the cochlea and functions to convert vibrations into nerve impulses is:,Jendela bujur,Round window,Koklea,Cochlea,Salur separuh bulat,Semicircular canal,Tiub Eustachio,Eustachian tube,B,Koklea berisi bendalir dan mengandungi reseptor yang menukarkan getaran kepada impuls saraf.
1,A,Bab 1: Rangsangan dan Gerak Balas (Stimuli and Responses) - Kuiz Set A,16,Apakah fungsi tiub Eustachio?,What is the function of the Eustachian tube?,Menghantar impuls saraf dari koklea ke otak,Transmit nerve impulses from the cochlea to the brain,Mengimbangkan tekanan udara di kedua-dua belah gegendang telinga,Equalize air pressure on both sides of the eardrum,Mengesan kedudukan kepala dan keseimbangan badan,Detect head position and body balance,Mengumpul dan menghantar gelombang bunyi,Collect and transmit sound waves,B,Tiub Eustachio menyamakan tekanan udara di telinga tengah dengan tekanan udara di luar gegendang telinga.
1,A,Bab 1: Rangsangan dan Gerak Balas (Stimuli and Responses) - Kuiz Set A,17,Bahagian telinga yang manakah berfungsi mengawal keseimbangan badan tetapi TIDAK terlibat dalam mekanisme pendengaran?,Which part of the ear functions to control balance but IS NOT involved in the hearing mechanism?,Koklea,Cochlea,Osikel,Ossicles,Salur separuh bulat,Semicircular canal,Jendela bujur,Round window,C,Salur separuh bulat mengesan pergerakan kepala untuk keseimbangan dan tidak terlibat dalam pendengaran.
1,A,Bab 1: Rangsangan dan Gerak Balas (Stimuli and Responses) - Kuiz Set A,18,Urutan laluan gelombang bunyi di dalam telinga yang manakah betul?,What is the correct order of sound wave travel in the ear?,Cuping telinga → Salur telinga → Osikel → Gegendang telinga → Koklea,Pinna → Ear canal → Ossicles → Eardrum → Cochlea,Cuping telinga → Salur telinga → Gegendang telinga → Osikel → Jendela bujur → Koklea,Pinna → Ear canal → Eardrum → Ossicles → Oval window → Cochlea,Cuping telinga → Gegendang telinga → Koklea → Jendela bujur → Osikel,Pinna → Eardrum → Cochlea → Oval window → Ossicles,Cuping telinga → Osikel → Gegendang telinga → Koklea → Saraf auditori,Pinna → Ossicles → Eardrum → Cochlea → Auditory nerve,B,"Bunyi bergerak melalui cuping telinga, salur telinga, gegendang telinga, osikel, jendela bujur dan akhirnya koklea."
1,A,Bab 1: Rangsangan dan Gerak Balas (Stimuli and Responses) - Kuiz Set A,19,Bagaimanakah otak manusia memproses imej songsang yang jatuh pada retina?,How does the human brain process an inverted image that falls on the retina?,Otak mengekalkan imej songsang tersebut,The brain retains the inverted image,Otak menterbalikkan semula imej songsang itu kepada tegak,The brain reverses the inverted image to upright,Otak membesarkan saiz imej tersebut sebanyak dua kali ganda,The brain enlarges the size of the image two times,Otak menghantar imej tersebut ke koklea untuk ditukar kepada bunyi,The brain sends the image to the cochlea to be converted into sound,B,"Walaupun imej pada retina terbentuk secara songsang, otak mentafsirkannya sebagai imej tegak."
1,A,Bab 1: Rangsangan dan Gerak Balas (Stimuli and Responses) - Kuiz Set A,20,"Tiga jenis sel kon pada retina peka terhadap warna cahaya yang berbeza, iaitu:","Three types of cone cells in the retina are sensitive to different colors of light, namely:","Merah, Kuning, Biru","Red, Yellow, Blue","Merah, Hijau, Biru","Red, Green, Blue","Kuning, Hijau, Merah","Yellow, Green, Red","Hitam, Putih, Kelabu","Black, White, Gray",B,"Tiga jenis sel kon peka terutamanya terhadap cahaya merah, hijau dan biru, membolehkan penglihatan warna."
1,A,Bab 1: Rangsangan dan Gerak Balas (Stimuli and Responses) - Kuiz Set A,21,Apakah tindakan yang akan berlaku secara serta-merta tanpa disedari apabila seseorang terpijak paku yang tajam?,"What immediate, unperceived action occurs when someone steps on a sharp nail?",Saraf kranium menghantar isyarat ke otak untuk memikirkan langkah seterusnya,The cranial nerves transmit signals to the brain to think of the next step,Otak mengarahkan otot biseps mengecut secara perlahan,The brain directs the biceps to slowly contract,Saraf tunjang mengawal tindakan refleks untuk menarik kaki dengan pantas,The accessory nerves control the reflex action to pull the leg back appropriately,Medula oblongata meningkatkan denyutan jantung untuk melarikan diri,The medulla oblongata increases the heart rate for escape,C,Rangsangan sakit mencetuskan arka refleks di saraf tunjang supaya kaki ditarik dengan cepat sebelum otak menyedari kesakitan.
1,A,Bab 1: Rangsangan dan Gerak Balas (Stimuli and Responses) - Kuiz Set A,22,Suhu kuali panas merangsang reseptor kulit (afektor) untuk menghantar impuls melalui:,The heated pan's temperature stimulates the skin receptors (afferent) to transmit impulses through:,Saraf kranium terus ke otak,Cranial nerves continue to the brain,Saraf spina ke saraf tunjang,Spinal nerves to associate nerves,Tiub Eustachio ke koklea,Eustachian tube to cochlea,Saraf optik ke bintik kuning,Optic nerve to the fovea,B,Reseptor kulit menghantar impuls melalui saraf spina ke saraf tunjang untuk menghasilkan gerak refleks.
1,A,Bab 1: Rangsangan dan Gerak Balas (Stimuli and Responses) - Kuiz Set A,23,Bahan jeli lut sinar yang mengisi ruang besar di dalam bola mata untuk mengekalkan bentuk bulat bola mata ialah:,The clear jelly-like substance that fills the large space inside the eyeball to maintain the round shape of the eyeball is:,Gelemar,Vitreous humor,Gelemaca,Vitreous gel,Koroid,Choroid,Konjunktiva,Conjunctiva,A,Gelemar ialah bahan jeli lut sinar yang memenuhi ruang besar di belakang kanta dan mengekalkan bentuk bola mata.
1,A,Bab 1: Rangsangan dan Gerak Balas (Stimuli and Responses) - Kuiz Set A,24,Pusat kawalan utama bagi tindakan terkawal seperti menulis jawapan peperiksaan ialah:,The main control center for actions like writing exam answers is:,Saraf tunjang,Parietal lobe,Medula oblongata,Medulla oblongata,Otak,Brain,Saraf periferi,Peripheral nerves,C,Otak ialah pusat kawalan bagi tindakan terkawal seperti berfikir dan menulis.
1,A,Bab 1: Rangsangan dan Gerak Balas (Stimuli and Responses) - Kuiz Set A,25,Apakah yang akan berlaku sekiranya medula oblongata seseorang mengalami kerosakan yang sangat serius?,What would happen if the medulla oblongata of a person suffers very serious damage?,Seseorang itu akan mengalami rabun jauh,That person would experience far-sightedness,Seseorang itu akan kehilangan deria rasa umami,That person would lose the ability to taste umami,Kegagalan pernafasan dan denyutan jantung yang memerlukan ventilator untuk terus hidup,Respiratory failure and heartbeats requiring a ventilator to keep alive,Seseorang itu tidak boleh menarik tangan daripada benda panas,That person would not be able to remove their hand from a hot object,C,Medula oblongata mengawal fungsi luar kawal penting seperti pernafasan dan denyutan jantung; kerosakan serius boleh menyebabkan kedua-duanya gagal.
1,B,Bab 1: Rangsangan dan Gerak Balas (Stimuli and Responses) - Kuiz Set B,1,Berapakah anggaran bilangan sel deria bau (reseptor bau) yang terdapat di dalam rongga hidung manusia?,What is the estimated number of olfactory receptor cells (smell receptors) found in the human nasal cavity?,10 ribu,10 thousand,10 juta,10 million,1 juta,1 million,100 juta,100 million,B,Rongga hidung manusia mengandungi lebih kurang 10 juta sel deria bau.
1,B,Bab 1: Rangsangan dan Gerak Balas (Stimuli and Responses) - Kuiz Set B,2,Bagaimanakah zarah bahan kimia bau dikesan oleh sel deria bau di dalam hidung?,How does the chemical substance odour is detected by the olfactory receptor cells in the nose?,Zarah kimia dikesan dalam keadaan gas kering,The chemical substance is detected in the form of dry gas,Zarah kimia melarut di dalam lapisan mukus sebelum merangsang reseptor,The chemical substance dissolves in the mucus layer before stimulating the receptors,Zarah kimia disalurkan terus melalui tiub Eustachio,The chemical substance is continuously conducted through the Eustachian tube,Zarah kimia ditukar menjadi cahaya oleh sel rod,The chemical substance is converted into light by the rod cells,B,Zarah bahan kimia bau mesti melarut di dalam lapisan mukus terlebih dahulu sebelum boleh dikesan oleh sel deria bau.
1,B,Bab 1: Rangsangan dan Gerak Balas (Stimuli and Responses) - Kuiz Set B,3,Bintil-bintil kecil pada permukaan lidah yang dilapisi oleh beratus-ratus tunas rasa dikenali sebagai:,"Tiny bumps on the tongue's surface, covered by hundreds of taste buds, are known as:",Reseptor rasa,Taste receptors,Liang tunas rasa,Taste pore,Papila,Taste papilla,Sel penyokong,Support cells,C,Papila ialah bintil-bintil pada permukaan lidah yang mengandungi tunas rasa.
1,B,Bab 1: Rangsangan dan Gerak Balas (Stimuli and Responses) - Kuiz Set B,4,Rasa umami merujuk kepada:,Umami taste refers to:,Rasa manis dan masin yang bercampur,A combination of sweet and salty tastes,"Rasa lazat seperti rasa sup daging, keju, atau penambah perasa MSG","A delicious taste like that of beef broth, cheese, or MSG flavor enhancer",Rasa pahit herba tumbuhan liar,A bitter taste from wild herbs,Rasa masam asid sitrik,A sour taste from citric acid,B,"Umami ialah rasa lazat, seperti rasa MSG, sup daging, cendawan, atau keju."
1,B,Bab 1: Rangsangan dan Gerak Balas (Stimuli and Responses) - Kuiz Set B,5,Kawasan lidah yang manakah paling peka terhadap rasa pahit?,Which area of the tongue is most sensitive to bitterness?,Hujung lidah,Kawasan hadapan,Sisi hadapan lidah,Tongue's front side,Pangkal lidah,Bahagian paling belakang,Sisi belakang lidah,Tongue's back side,C,Bahagian pangkal lidah (paling belakang) sangat sensitif terhadap rasa pahit.
1,B,Bab 1: Rangsangan dan Gerak Balas (Stimuli and Responses) - Kuiz Set B,6,Apakah organ deria yang paling besar dalam badan manusia?,What is the largest organ in the human body?,Peparu,Lung,Kulit,Skin,Hidung,Nose,Mata,Eye,B,Kulit ialah organ deria paling besar dalam badan manusia.
1,B,Bab 1: Rangsangan dan Gerak Balas (Stimuli and Responses) - Kuiz Set B,7,Reseptor kulit yang manakah terletak paling dekat dengan permukaan kulit (di bahagian atas epidermis) untuk mengesan kecederaan?,Which skin receptor is closest to the skin surface (in the upper epidermis) to detect injuries?,Reseptor sentuhan,Touch receptor,Reseptor sejuk,Cold receptor,Reseptor sakit,Pain receptor,Reseptor tekanan,Pressure receptor,C,Reseptor sakit berada di bahagian atas epidermis untuk mengesan kecederaan awal.
1,B,Bab 1: Rangsangan dan Gerak Balas (Stimuli and Responses) - Kuiz Set B,8,Reseptor tekanan diletakkan di bahagian manakah dlm lapisan kulit?,Where is the pressure receptor placed in the skin layer?,Lapisan epidermis paling atas,The uppermost layer of the epidermis,Bahagian atas dermis,The upper part of the dermis,"Bahagian paling bawah dermis, berdekatan lapisan lemak","The deepest part of the dermis, adjacent to the fatty layer",Di dalam liang rambut,Inside the hair follicle,C,Reseptor tekanan terletak paling dalam (bahagian bawah dermis) kerana memerlukan tekanan yang kuat untuk merangsangnya.
1,B,Bab 1: Rangsangan dan Gerak Balas (Stimuli and Responses) - Kuiz Set B,9,Dua faktor utama yang mempengaruhi kepekaan kulit terhadap rangsangan sentuhan ialah:,The two main factors affecting skin sensitivity to touch stimuli are:,Kepadatan reseptor dan ketebalan epidermis,Receptor density and epidermis thickness,Luas permukaan kulit dan kelembapan persekitaran,Skin surface area and environmental humidity,Bilangan bulu roma dan suhu badan,Number of tactile hairs and body temperature,Ketebalan lapisan lemak dan saiz liang peluh,Subcutaneous layer thickness and sweat pore size,A,Kepekaan kulit bergantung kepada kepadatan reseptor sentuhan dan ketebalan epidermis di kawasan tersebut.
1,B,Bab 1: Rangsangan dan Gerak Balas (Stimuli and Responses) - Kuiz Set B,10,Mengapakah hujung jari sangat peka terhadap sentuhan sehinggakan boleh digunakan untuk membaca tulisan Braille?,Why are fingertips very sensitive to touch and can be used to read Braille?,Mempunyai lapisan lemak yang sangat tebal,Has a very thick layer of fat,Mempunyai kepadatan reseptor sentuhan yang tinggi dan epidermis yang nipis,Has a high density of touch receptors and a thin epidermis,Mempunyai reseptor sakit yang paling sedikit,Has the fewest pain receptors,Membawa impuls saraf secara terus ke saraf kranium,Carries neural impulses continuously to the cranial nerves,B,Hujung jari mempunyai epidermis yang sangat nipis dan kepadatan reseptor sentuhan yang sangat tinggi.
1,B,Bab 1: Rangsangan dan Gerak Balas (Stimuli and Responses) - Kuiz Set B,11,Bahagian badan manakah yang paling KURANG peka terhadap rangsangan sentuhan?,Which part of the body is LEAST sensitive to touch stimuli?,Bibir,Lips,Siku dan belakang badan,Elbow and back of the body,Hujung jari,Fingertips,Tapak tangan,Palm of the hand,B,Siku dan belakang badan mempunyai epidermis tebal serta bilangan reseptor sentuhan yang sedikit.
1,B,Bab 1: Rangsangan dan Gerak Balas (Stimuli and Responses) - Kuiz Set B,12,Mengapakah makanan terasa tawar apabila seseorang mengalami selesema yang teruk?,Why does food taste bland when someone has severe dehydration?,Reseptor rasa pada lidah rosak sepenuhnya,Taste receptors on the tongue are completely damaged,Lapisan mukus tebal menghalang zarah kimia larut merangsang sel deria bau,A thick mucus layer prevents chemical particles from stimulating olfactory cells,Otak tersumbat oleh cecair selesema,The brain is blocked by excessive dehydration fluid,Tiub Eustachio tertutup rapat,The Eustachian tube is tightly closed,B,"Mukus yang tebal menghalang zarah kimia bau melarut dan sampai ke reseptor bau di rongga hidung, menjejaskan perisa makanan."
1,B,Bab 1: Rangsangan dan Gerak Balas (Stimuli and Responses) - Kuiz Set B,13,Mengapakah makanan panas dirasai lebih lazat berbanding makanan sejuk?,Why does hot food taste better than cold food?,Kerana makanan panas mempunyai kandungan gula yang lebih tinggi,Because hot food has a higher content of sugar,Kerana zarah kimia makanan panas bergerak/meruap lebih cepat untuk merangsang sel deria bau,Because the chemical components of hot food move/form more quickly to stimulate the olfactory cells,Kerana lidah mengecut di bawah suhu tinggi,Because the tongue becomes more sensitive at higher temperatures,Kerana reseptor umami hanya berfungsi pada suhu di atas 80 °C,Because umami receptors only function at temperatures above 80 °C,B,Suhu tinggi meningkatkan kadar pergerakan zarah makanan untuk merangsang sel deria bau di rongga hidung.
1,B,Bab 1: Rangsangan dan Gerak Balas (Stimuli and Responses) - Kuiz Set B,14,Apakah yang dimaksudkan dengan ilusi optik?,What is optical illusion?,Keadaan di mana seseorang kehilangan penglihatan sepenuhnya,A condition where a person loses complete vision,Keadaan di mana imej objek jatuh tepat pada bintik buta,A condition where the image of an object falls precisely on the blind spot,Otak gagal mentafsir maklumat visual dengan tepat disebabkan gangguan sekitar objek,The brain fails to interpret visual information accurately due to object interference,Penglihatan yang sangat jelas pada jarak jauh sahaja,Very clear vision only at a distance,C,Ilusi optik berlaku apabila otak silap mentafsir maklumat visual akibat gangguan sekitar objek.
1,B,Bab 1: Rangsangan dan Gerak Balas (Stimuli and Responses) - Kuiz Set B,15,Apakah punca berlakunya rabun jauh?,What are the causes of long-sightedness?,Kanta mata terlalu nipis atau bebola mata terlalu pendek,The eyeball is too short or the eyeball is too short in length,Imej objek jauh difokuskan di hadapan retina,Objects in the distance are focused in front of the retina,Permukaan kornea tidak sekata,The corneal surface is not spherical,Otot silia tidak dapat mengecut langsung,The ciliary muscles cannot accommodate directly,B,Rabun jauh disebabkan imej objek jauh difokuskan di hadapan retina (kerana bebola mata terlalu panjang atau kanta terlalu tebal).
1,B,Bab 1: Rangsangan dan Gerak Balas (Stimuli and Responses) - Kuiz Set B,16,Rabun jauh dapat dibetulkan dengan menggunakan kanta:,Far vision can be corrected with lenses:,Cembung,Concave,Cekung,Convex,Silinder,Cylindrical,Kaca biasa,Plain glass,B,Kanta cekung memaparkan cahaya untuk memfokuskan imej tepat di atas retina bagi pesakit rabun jauh.
1,B,Bab 1: Rangsangan dan Gerak Balas (Stimuli and Responses) - Kuiz Set B,17,Apakah punca rabun dekat dan bagaimanakah cara membetulkannya?,What are the causes of nearsightedness and how can it be corrected?,Kanta mata terlalu tebal; dibetulkan dengan kanta cekung,The lens of the eye is too thick; corrected with a concave lens,Kanta mata terlalu nipis/bebola mata terlalu pendek; dibetulkan dengan kanta cembung,The lens of the eye is too thin/ the eyeball is too short; corrected with a convex lens,Kornea tidak sekata; dibetulkan dengan kanta silinder,The cornea is irregular; corrected with a cylindrical lens,Bintik kuning tersumbat; dibetulkan dengan implan koklea,The yellow spot is blocked; corrected with a cochlear implant,B,"Rabun dekat disebabkan oleh kanta mata terlalu nipis/bebola mata terlalu pendek, dibetulkan dengan kanta cembung yang menumpukan cahaya."
1,B,Bab 1: Rangsangan dan Gerak Balas (Stimuli and Responses) - Kuiz Set B,18,Astigmatisme disebabkan oleh kelonggaran atau ketidaksekataan pada:,Astigmatism is caused by relaxation or irregularity in:,Otot silia,Scleral muscle,Permukaan kelengkungan kornea atau kanta mata,Corneal or lens surface curvature,Saraf optik,Optic nerve,Cecair gelemaca,Humor aqueous,B,Astigmatisme disebabkan permukaan kornea atau kanta mata yang tidak sekata kelengkungannya.
1,B,Bab 1: Rangsangan dan Gerak Balas (Stimuli and Responses) - Kuiz Set B,19,Kecacatan astigmatisme dapat dibetulkan dengan menggunakan kanta:,Astigmatism can be corrected with the use of lenses:,Kanta cembung,Concave lenses,Kanta cekung,Convex lenses,Kanta silinder,Cylindrical lenses,Kanta dwifokus,Bifocal lenses,C,Kanta silinder digunakan untuk membetulkan pembiasan tidak sekata pada pesakit astigmatisme.
1,B,Bab 1: Rangsangan dan Gerak Balas (Stimuli and Responses) - Kuiz Set B,20,Julat frekuensi pendengaran yang dapat dikesan oleh telinga manusia yang sihat ialah:,The frequency range audible to a healthy human ear is:,20 Hz hingga 20 000 Hz,"20 Hz to 20,000 Hz",50 Hz hingga 50 000 Hz,"50 Hz to 50,000 Hz",10 Hz hingga 10 000 Hz,"10 Hz to 10,000 Hz",200 Hz hingga 200 000 Hz,"200 Hz to 200,000 Hz",A,Julat pendengaran normal manusia ialah 20 Hz hingga 20 000 Hz.
1,B,Bab 1: Rangsangan dan Gerak Balas (Stimuli and Responses) - Kuiz Set B,21,Apakah alat bantuan yang diletakkan pada telinga dalam untuk membolehkan pesakit kerosakan telinga dalam mendengar semula?,What is the device placed in the ear canal to enable a patient with inner ear damage to regain hearing?,Stetoskop,Stethoscope,Implan koklea,Cochlear implant,Pembesar suara,Sound amplifier,Kanta silinder,Cylindrical lenses,B,Implan koklea dihantar untuk membolehkan pendengaran bagi pesakit kerosakan telinga dalam.
1,B,Bab 1: Rangsangan dan Gerak Balas (Stimuli and Responses) - Kuiz Set B,22,Apakah yang dimaksudkan dengan bintik buta pada mata manusia?,What does blind spot in human eyes mean?,Kawasan paling peka terhadap warna cahaya,The most sensitive area for light color,"Kawasan retina yang tidak mempunyai fotoreseptor, maka imej jatuh di sini tidak dikesan","The area of the retina that lacks photoreceptors, hence images fall here and are not perceived",Kawasan paling peka cahaya malap,The most sensitive area for dim light,Lapisan pelindung luaran mata,The outer protective layer of the eye,B,Bintik buta tidak mempunyai fotoreseptor sel rod atau sel kon.
1,B,Bab 1: Rangsangan dan Gerak Balas (Stimuli and Responses) - Kuiz Set B,23,"Deria sentuhan dikesan oleh organ kulit. Antara lapisan berikut, di manakah terletaknya reseptor sejuk dan reseptor sentuhan?","Deria sentuhan dikesan oleh organ kulit. Among the following layers, where are the cold receptors and touch receptors located?",Lapisan epidermis atas,Superficial layer of the epidermis,Lapisan dermis,Dermis,Lapisan lemak bawah,Subcutaneous layer,Kelenjar minyak,Sebaceous glands,B,"Reseptor sejuk, haba, sentuhan, dan tekanan terletak di lapisan dermis kulit."
1,B,Bab 1: Rangsangan dan Gerak Balas (Stimuli and Responses) - Kuiz Set B,24,Seseorang yang tidak merokok tetapi menyedut asap rokok daripada orang sekeliling dikenali sebagai:,A person who does not smoke but inhales second-hand smoke from people around them is known as:,Perokok aktif,Passive smoker,Perokok pasif,Passive smoker,Perokok tegar,Passive smoker,Perokok sosial,Social smoker,B,Perokok pasif menyedut asap rokok sekitar walaupun mereka sendiri tidak merokok.
1,B,Bab 1: Rangsangan dan Gerak Balas (Stimuli and Responses) - Kuiz Set B,25,Apakah kaitan antara deria rasa dengan deria bau?,What is the relationship between gustatory sensation and olfactory sensation?,Deria bau boleh menggantikan deria rasa sepenuhnya,Olfactory sensation can completely override gustatory sensation,Saling bekerjasama menentukan perisa makanan; bau merangsang sel deria bau manakala rasa mengesan rasa asas,They work together to determine food flavor; odor stimulates the olfactory sensation cells while taste perceives basic tastes,Tiada kaitan langsung antara kedua-dua deria,There is no direct relationship between the two sensations,Deria rasa menghalang fungsi deria bau,Gustatory sensation hinders the function of olfactory sensation,B,Rasa asas dikesan oleh lidah manakala perisa makanan dikesan melalui gandingan dengan sel deria bau di hidung.
2,A,Bab 2: Respirasi (Respiration) - Kuiz Set A,1,Apakah gerak balas fisiologi utama badan seorang atlet apabila diletakkan di dalam bilik latihan hipoksik (hypoxic) atau diletakkan di kawasan altitud tinggi?,What are the main physiological responses of an athlete's body when placed in a hypoxic chamber or in a high-altitude area?,Jantung berdegup lebih perlahan untuk mengurangkan penggunaan tenaga.,The heart beats slower to reduce energy usage.,Sel darah merah dibebaskan dari limpa dan kadar penghasilan sel darah merah meningkat.,Red blood cells are released from the spleen and the rate of red blood cell production increases.,Kadar pernafasan menurun kerana kepekatan oksigen di altitud tinggi adalah sangat tinggi.,Respiration rate decreases due to the very low oxygen concentration at high altitude.,Lebih banyak molekul karbon dioksida diikat pada hemoglobin untuk mengimbangi tekanan udara.,More molecules of carbon dioxide are bound to hemoglobin to balance the air pressure.,B,"Menurut Galeri Sains Bab 2, di kawasan altitud tinggi, kepekatan oksigen dalam udara adalah rendah. Tindak balas badan (respon fisiologi) terhadap kekurangan oksigen ini adalah dengan merangsang pembebasan sel darah merah yang tersimpan di dalam limpa, meningkatkan kadar penghasilan sel darah merah baharu, dan memudahkan penguraian oksihemoglobin untuk membebaskan oksigen ke sel badan."
2,A,Bab 2: Respirasi (Respiration) - Kuiz Set A,2,Susun mengikut urutan yang betul aliran laluan udara masuk semasa manusia menarik nafas.,Arrange the correct order of the air intake flow during human inhalation.,Rongga hidung → farinks → trakia → larinks → bronkus → bronkiol → alveolus,Nasal cavity → pharynx → trachea → larynx → bronchi → bronchioles → alveoli,Rongga hidung → farinks → larinks → trakia → bronkus → bronkiol → alveolus,Nasal cavity → pharynx → larynx → trachea → bronchi → bronchioles → alveoli,Rongga hidung → larinks → farinks → trakia → bronkiol → bronkus → alveolus,Nasal cavity → larynx → pharynx → trachea → bronchioles → bronchi → alveoli,Rongga hidung → trakia → farinks → larinks → bronkus → alveolus → bronkiol,Nasal cavity → trachea → pharynx → larynx → bronchi → alveoli → bronchioles,B,"Berdasarkan Rajah 2.2 dalam buku teks, urutan laluan udara pernafasan semasa menyedut udara ialah: Lubang hidung → Rongga hidung → Farinks → Larinks → Trakia → Bronkus → Bronkiol → Alveolus."
2,A,Bab 2: Respirasi (Respiration) - Kuiz Set A,3,Apakah fungsi struktur gelang rawan berbentuk huruf 'C' yang menyokong trakia manusia?,What is the function of the C-shaped elastic ring structure supporting the trachea in humans?,Membantu trakia mengecut semasa makanan ditelan melalui esofagus.,Helps the trachea expand during the passage of food through the esophagus.,Memastikan laluan udara (trakia) sentiasa terbuka dan tidak runtuh semasa perubahan tekanan udara.,Ensures the airway (trachea) remains open and does not collapse during changes in air pressure.,Menapis zarah habuk dan debu mikro daripada memasuki bronkus.,Filters dust and micro particles from entering the bronchi.,Melembapkan udara yang mengalir melaluinya sebelum sampai ke paru-paru.,Lubricates the air that flows through it before reaching the lungs.,B,Trakia disokong oleh gelang rawan berbentuk 'C' untuk mengekalkan bentuk silindernya dan memastikan laluan udara sentiasa terbuka supaya pernafasan berjalan lancar walaupun terdapat perubahan tekanan udara di dalam rongga toraks semasa bernafas.
2,A,Bab 2: Respirasi (Respiration) - Kuiz Set A,4,Bagaimanakah struktur rongga hidung membantu membersihkan udara yang disedut sebelum dialirkan ke farinks?,How does the nasal cavity structure help clean the air drawn in before it reaches the pharynx?,Dengan menyerap gas berbahaya seperti karbon monoksida menggunakan enzim khas.,By absorbing harmful gases like carbon monoxide using specific enzymes.,Dilapisi dengan rambut halus dan mukus yang menapis serta memerangkap habuk di dalam udara.,It is lined with fine hairs and mucus that filter and trap dust in the air.,Menggunakan sel pengawal untuk mengecilkan lubang hidung apabila terdapat asap.,Using guard cells to reduce the size of the nostrils when smoke is present.,Melarutkan gas oksigen secara langsung ke dalam aliran darah kapilari hidung.,Dissolving oxygen directly into the nasal capillary blood flow.,B,"Rongga hidung manusia dilapisi dengan rambut halus (silia) dan mukus yang berfungsi menapis habuk, debu, serta mikroorganisma daripada memasuki saluran pernafasan yang lebih dalam."
2,A,Bab 2: Respirasi (Respiration) - Kuiz Set A,5,Apakah peranan epiglotis semasa seseorang sedang menelan makanan?,What is the role of the epiglottis during swallowing?,Epiglotis terbuka luas untuk membolehkan udara terus masuk ke trakia semasa menelan.,The epiglottis opens widely to allow air to continue entering the trachea during swallowing.,Epiglotis jatuh ke bawah untuk menutup trakia supaya makanan tidak memasuki saluran pernafasan.,The epiglottis drops down to cover the trachea so that food does not enter the respiratory tract.,Epiglotis menghasilkan enzim pencernaan untuk mencernakan bolus sebelum ke esofagus.,The epiglottis does not produce digestive enzymes to break down the bolus before it reaches the esophagus.,Epiglotis menolak udara keluar dari paru-paru untuk mengelakkan tersedak.,The epiglottis prevents air from leaving the lungs to avoid choking.,B,"Mengikut Info Sains Bab 2, semasa menelan bolus makanan, epiglotis akan jatuh ke bawah dan menutup trakia. Tindakan ini menghalang makanan daripada memasuki trakia dan menyebabkan tersedak. Apabila bernafas, epiglotis akan naik ke atas semula untuk membuka trakia."
2,A,Bab 2: Respirasi (Respiration) - Kuiz Set A,6,"Antara berikut, yang manakah menerangkan pergerakan otot interkostal dan diafragma semasa manusia menarik nafas (inhalation)?","Of the following, which explains the movement of the intercostal muscles and diaphragm during human inhalation?","Otot interkostal mengecut, diafragma mengendur (melengkung ke atas).","The intercostal muscles relax, and the diaphragm relaxes (arches upwards).","Otot interkostal mengecut, diafragma mengecut (mendatar).","The intercostal muscles relax, and the diaphragm relaxes (remains flat).","Otot interkostal mengendur, diafragma mengecut (mendatar).","The intercostal muscles contract, and the diaphragm relaxes (remains flat).","Otot interkostal mengendur, diafragma mengendur (melengkung ke atas).","The intercostal muscles contract, and the diaphragm relaxes (arches upwards).",B,"Semasa menarik nafas, otot interkostal mengecut menyebabkan sangkar rusuk bergerak ke atas dan ke luar. Pada masa yang sama, otot diafragma mengecut menyebabkan diafragma mendatar dan bergerak ke bawah."
2,A,Bab 2: Respirasi (Respiration) - Kuiz Set A,7,Bagaimanakah tekanan udara di dalam paru-paru berubah semasa proses menghembus nafas (exhalation)?,How does the air pressure in the lungs change during the exhalation process?,"Isipadu rongga toraks berkurang, menyebabkan tekanan udara di dalam paru-paru bertambah dan memaksa udara keluar.","The volume of the thoracic cavity decreases, causing the air pressure in the lungs to increase and forcing air out.","Isipadu rongga toraks bertambah, menyebabkan tekanan udara di dalam paru-paru bertambah dan memaksa udara keluar.","The volume of the thoracic cavity increases, causing the air pressure in the lungs to decrease and forcing air out.","Isipadu rongga toraks berkurang, menyebabkan tekanan udara di dalam paru-paru berkurang dan menarik udara masuk.","The volume of the thoracic cavity decreases, causing the air pressure in the lungs to decrease and drawing air in.","Isipadu rongga toraks bertambah, menyebabkan tekanan udara di dalam paru-paru berkurang dan menarik udara masuk.","The volume of the thoracic cavity increases, causing the air pressure in the lungs to increase and drawing air in.",A,"Semasa menghembus nafas, pergerakan sangkar rusuk ke bawah dan ke dalam bersama-sama kenaikan diafragma yang melengkung ke atas mengecilkan isipadu rongga toraks. Mengikut hukum fizik, pengurangan isipadu meningkatkan tekanan udara di dalam paru-paru berbanding tekanan atmosfera di luar, menyebabkan udara dipaksa keluar."
2,A,Bab 2: Respirasi (Respiration) - Kuiz Set A,8,"Dalam model balang loceng (bell jar model) sistem respirasi manusia, bahagian manakah yang diwakili oleh kepingan getah di bahagian bawah balang?","In the bell jar model of the human respiratory system, which part is represented by the gum slice at the bottom of the jar?",Trakia,Trakia,Bronkus,Bronchus,Peparu,Lung,Diafragma,Diaphragm,D,"Kepingan getah yang kenyal di bahagian bawah balang loceng mewakili diafragma manusia. Menarik kepingan getah ke bawah menyimulasikan pengecutan diafragma semasa menarik nafas (belon mengembang), manakala melepaskan kepingan getah ke atas menyimulasikan pengenduran diafragma semasa menghembus nafas (belon mengempis)."
2,A,Bab 2: Respirasi (Respiration) - Kuiz Set A,9,Apakah salah satu had fizikal atau kelemahan utama model balang loceng dalam menerangkan mekanisme pernafasan manusia yang sebenar?,What is one of the physical limitations or main drawbacks of a bellows model in explaining the actual human respiratory mechanism?,Balang kaca tidak lut sinar seperti dinding dada manusia.,A glass bellows does not allow light to pass through like the human ribcage.,Dinding balang kaca adalah tegar dan tidak boleh bergerak ke atas atau ke luar untuk mewakili pergerakan sangkar rusuk.,The glass bellows wall is rigid and cannot move upwards or outwards to represent the movement of the ribcage.,Belon tidak boleh mengembang secara automatik seperti paru-paru yang berotot.,The bellows cannot expand automatically like the muscular lungs.,Tiub kaca berbentuk 'Y' menyekat pengaliran udara masuk berbanding trakia yang sebenar.,The glass Y-shaped tube obstructs the airflow compared to the actual trachea.,B,Paru-paru di dalam badan manusia dilindungi oleh dinding dada yang fleksibel (sangkar rusuk dikawal otot interkostal). Model balang loceng mempunyai kelemahan kerana balang kaca adalah tegar dan tidak dapat bergerak untuk mewakili pergerakan sangkar rusuk ke atas dan ke luar semasa pernafasan.
2,A,Bab 2: Respirasi (Respiration) - Kuiz Set A,10,Mengapakah lilin menyala lebih lama di dalam balang gas yang mengandungi udara sedutan berbanding balang gas yang mengandungi udara hembusan?,Why does a candle burn longer in a gas jar with a drawn-in air compared to a gas jar with blown air?,Udara sedutan mengandungi peratusan gas karbon dioksida yang lebih tinggi.,Drawn-in air contains a higher percentage of carbon dioxide.,Udara sedutan mengandungi kepekatan nitrogen yang menyemarakkan pembakaran.,Drawn-in air has a nitrogen concentration that enhances combustion.,Udara sedutan mempunyai peratusan gas oksigen yang lebih tinggi berbanding udara hembusan.,Drawn-in air has a higher percentage of oxygen compared to blown air.,Udara hembusan mengandungi lebih banyak habuk yang memadamkan api lilin.,Blown air contains more vapor that extinguishes the candle flame.,C,"Berdasarkan Eksperimen 2.1 (A), peratusan komposisi oksigen dalam udara sedutan adalah lebih tinggi (sekitar 21%) berbanding udara hembusan (sekitar 16%). Lilin memerlukan oksigen untuk pembakaran; oleh itu, lilin di dalam balang udara sedutan menyala lebih lama sebelum terpadam."
2,A,Bab 2: Respirasi (Respiration) - Kuiz Set A,11,Apakah pemerhatian yang direkodkan pada air kapur (limewater) apabila udara hembusan dialirkan ke dalamnya secara berterusan?,What observation is recorded in lime water when a continuous stream of exhaled air is blown into it?,Air kapur kekal jernih sepanjang eksperimen.,The lime water remains clear throughout the experiment.,Air kapur bertukar menjadi warna biru tua.,The lime water turns into a deep blue color.,Air kapur menjadi keruh dengan cepat kerana kepekatan karbon dioksida yang tinggi dalam udara hembusan.,The lime water becomes cloudy quickly due to the high carbon dioxide concentration in the exhaled air.,Air kapur mendidih secara spontan kerana pembebasan tenaga haba.,The lime water boils spontaneously due to the release of heat energy.,C,"Air kapur digunakan untuk menguji kehadiran gas karbon dioksida. Karbon dioksida bertindak balas dengan kalsium hidroksida dalam air kapur untuk membentuk mendakan kalsium karbonat yang tidak larut, menyebabkan air kapur bertukar menjadi keruh. Udara hembusan mengandungi kepekatan karbon dioksida yang tinggi (sekitar 4%) berbanding udara sedutan (0.03%)."
2,A,Bab 2: Respirasi (Respiration) - Kuiz Set A,12,"Antara berikut, yang manakah merupakan adaptasi struktur alveolus untuk memaksimumkan kadar pertukaran gas melalui resapan?","Of the following, which one represents an adaptation of the alveolar structure to maximize the rate of gas exchange by diffusion?",Dinding alveolus tebal dan mempunyai lapisan lilin yang kalis air.,The alveolar wall is thick and has a watery layer.,Dinding alveolus yang sangat nipis iaitu setebal satu sel sahaja.,"The alveolar wall is very thin, only one cell thick.",Alveolus tidak dilitupi oleh kapilari darah untuk mengelakkan gangguan aliran gas.,Alveoli are not covered by capillaries to avoid gas flow disruption.,Permukaan dalaman alveolus sentiasa kering untuk membolehkan gas meresap cepat.,The inner surface of the alveoli is always dry to allow rapid gas diffusion.,B,"Alveolus mempunyai dinding nipis setebal satu sel sahaja (dan dikelilingi oleh dinding kapilari yang juga setebal satu sel). Ini memendekkan jarak laluan resapan gas oksigen dan karbon dioksida, sekali gus memaksimumkan kadar pertukaran gas."
2,A,Bab 2: Respirasi (Respiration) - Kuiz Set A,13,Mengapakah permukaan dinding alveolus yang lembap sangat penting untuk proses respirasi manusia?,Why is the moist surface of the alveolar wall very important for human respiration?,Untuk membolehkan gas respirasi melarut terlebih dahulu sebelum meresap merentasi membran satu sel.,To allow respiratory gases to dissolve first before permeating through the single-cell membrane.,Untuk memerangkap bakteria berbahaya supaya tidak merosakkan sel darah merah.,To trap harmful bacteria to prevent them from damaging red blood cells.,Untuk mengekalkan suhu paru-paru agar sentiasa sejuk.,To maintain lung temperature to keep it consistently cool.,Untuk mengurangkan geseran antara alveolus dengan bronkiol semasa peparu mengembang.,To reduce friction between the alveoli and bronchioles during lung expansion.,A,Lembapan pada dinding alveolus membolehkan gas oksigen melarut di dalam cecair tipis tersebut sebelum meresap merentasi dinding alveolus dan dinding kapilari darah untuk bergabung dengan hemoglobin.
2,A,Bab 2: Respirasi (Respiration) - Kuiz Set A,14,Gas oksigen bergerak dari kawasan alveolus masuk ke dalam kapilari darah melalui proses:,Oxygen gas moves from the alveolar region into the blood capillaries through the process:,Osmosis aktif,Active osmosis,Resapan ringkas,Summary diffusion,Pengangkutan aktif menggunakan ATP,Active transport using ATP,Tekanan hidrostatik,Hydrostatic pressure,B,Pergerakan gas oksigen dan karbon dioksida di alveolus berlaku secara resapan ringkas yang didorong oleh perbezaan kecerunan kepekatan (tekanan separa gas). Oksigen meresap dari kawasan kepekatan tinggi (di alveolus) ke kawasan kepekatan rendah (di dalam kapilari darah).
2,A,Bab 2: Respirasi (Respiration) - Kuiz Set A,15,"Di dalam kapilari darah, gas oksigen akan berpadu dengan sebatian pigmen gelap hemoglobin untuk membentuk sebatian tidak stabil berwarna merah cerah yang dikenali sebagai:","Within the blood capillaries, oxygen gas will combine with the dark pigment hemoglobin to form an unstable bright red compound known as:",Karboksihemoglobin,Carbocyanohemoglobin,Oksihemoglobin,Oxyhemoglobin,Karbaminohemoglobin,Carbaminohemoglobin,Methemoglobin,Methemoglobin,B,"Sel darah merah mengandungi hemoglobin. Di kawasan yang kaya dengan oksigen (peparu/alveolus), oksigen bergabung dengan hemoglobin membentuk oksihemoglobin yang tidak stabil dan berwarna merah cerah. Sebatian ini akan diangkut ke tisu badan."
2,A,Bab 2: Respirasi (Respiration) - Kuiz Set A,16,Apakah yang berlaku kepada oksihemoglobin apabila sel darah merah sampai ke kawasan tisu badan yang mempunyai kepekatan oksigen yang rendah?,What happens to oxyhaemoglobin when red blood cells reach tissues in the body with low oxygen concentration?,Oksihemoglobin menjadi lebih stabil dan kekal dalam sel darah merah.,Oxyhaemoglobin becomes more stable and persists in red blood cells.,Oksihemoglobin terurai untuk membebaskan molekul oksigen ke sel-sel tisu badan.,Oxyhaemoglobin is broken down to release oxygen molecules to the body tissues.,Oksihemoglobin bertukar menjadi karboksihemoglobin yang beracun.,"Oxyhaemoglobin is converted into carboxyhaemoglobin, which is toxic.",Oksihemoglobin meresap keluar dari kapilari darah dan disimpan di dalam limpa.,Oxyhaemoglobin penetrates out of the blood capillaries and is stored in the spleen.,B,"Kerana oksihemoglobin adalah sebatian yang tidak stabil, apabila ia mengalir ke kawasan tisu yang kekurangan oksigen (kepekatan oksigen rendah akibat digunakan dalam respirasi sel), oksihemoglobin akan terurai semula menjadi hemoglobin dan oksigen, membolehkan oksigen meresap masuk ke dalam sel tisu."
2,A,Bab 2: Respirasi (Respiration) - Kuiz Set A,17,Persamaan perkataan yang manakah meringkaskan proses respirasi sel yang berlaku di dalam sel badan manusia untuk menjanakan tenaga?,Which word equation summarizes the process of cellular respiration that occurs in human body cells to produce energy?,Karbon dioksida + Air → Glukosa + Oksigen,Carbon dioxide + Water → Glucose + Oxygen,Glukosa + Karbon dioksida → Oksigen + Air,Glucose + Carbon dioxide → Oxygen + Water,Glukosa + Oksigen → Karbon dioksida + Air + Tenaga,Glucose + Oxygen → Carbon dioxide + Water + Energy,Karbon dioksida + Oksigen → Glukosa + Air,Carbon dioxide + Oxygen → Glucose + Water,C,"Respirasi sel ialah proses pengoksidaan makanan (glukosa) oleh gas oksigen untuk membebaskan karbon dioksida, air, dan tenaga kimia yang diperlukan oleh sel tubuh."
2,A,Bab 2: Respirasi (Respiration) - Kuiz Set A,18,Gas karbon monoksida yang terkandung dalam asap rokok dan asap ekzos kenderaan adalah sangat berbahaya kepada kesihatan pernafasan kerana ia:,The carbon monoxide contained in cigarette smoke and exhaust vehicle smoke is very harmful to respiratory health because it:,Menghalang peparu daripada mengembang semasa menarik nafas.,Prevents the lungs from expanding during inhalation.,Memusnahkan dinding tipis alveolus secara fizikal.,Physically damages the thin walls of the alveoli.,"Berpadu dengan hemoglobin secara kekal membentuk karboksihemoglobin, sekali gus mengurangkan kebolehan darah mengangkut oksigen.","Binds permanently with hemoglobin to form carboxyhemoglobin, thereby reducing the blood's ability to carry oxygen.",Menyebabkan sel pengawal pada stoma tumbuhan tertutup.,Causes cells in the plant stomata to be sealed.,C,Karbon monoksida mempunyai kecenderungan (afiniti) yang jauh lebih tinggi untuk bergabung dengan hemoglobin berbanding oksigen. Ia berpadu dengan hemoglobin membentuk karboksihemoglobin yang merupakan sebatian stabil. Ini menyebabkan kekurangan hemoglobin bebas untuk mengangkut oksigen ke sel-sel badan.
2,A,Bab 2: Respirasi (Respiration) - Kuiz Set A,19,"Seorang perokok tegar didiagnosis mengalami penyakit emfisema. Antara berikut, yang manakah merupakan penerangan patologi yang betul bagi penyakit ini?","A non-smoker diagnosed with emphysema. Among the following, which is the correct pathological explanation for this disease?",Keradangan dan pembengkakan pada tiub bronkus yang menyekat aliran udara.,Inflammation and swelling of the bronchioles that obstruct air flow.,"Dinding alveolus pecah dan rosak akibat bahan kimia tar, mengurangkan luas permukaan untuk pertukaran gas.","The alveolar walls break down and are damaged due to chemical tar, reducing the surface area for gas exchange.",Saluran bronkiol menjadi sempit secara tiba-tiba akibat serangan asma alergik.,The bronchioles suddenly narrow due to an allergic asthma attack.,Sel-sel kanser tumbuh secara tidak terkawal di dalam lobus peparu kanan.,Cancer cells grow uncontrollably within the right lung lobe.,B,"Emfisema ialah penyakit di mana dinding alveolus rosak dan pecah akibat terdedah kepada toksin asap rokok (seperti tar). Ini mengurangkan jumlah luas permukaan alveolus untuk resapan gas, menyebabkan pesakit berasa sangat letih dan sesak nafas walaupun semasa melakukan aktiviti ringan."
2,A,Bab 2: Respirasi (Respiration) - Kuiz Set A,20,Mengapakah kehadiran gas sulfur dioksida dan nitrogen dioksida dalam udara persekitaran boleh memudaratkan pesakit asma dan bronkitis?,Why can the presence of sulfur dioxide and nitrogen dioxide gases in the ambient air darken asthma and bronchitis patients' condition?,Gas-gas ini bersifat asid dan merangsang keradangan serta menyempitkan laluan pernafasan (bronkiol).,"These gases are acidic and irritant, causing inflammation and narrowing of the airways (bronchioles).",Gas-gas ini membeku di dalam trakia dan menyumbat laluan udara secara fizikal.,These gases freeze in the trachea and physically obstruct airways.,Gas-gas ini menguraikan hemoglobin di dalam sel darah merah dengan cepat.,These gases rapidly break down hemoglobin in red blood cells.,Gas-gas ini menghalang diafragma daripada mengecut semasa menarik nafas.,These gases prevent the diaphragm from contracting during inhalation.,A,"Sulfur dioksida (hasil pembakaran arang batu) dan nitrogen dioksida (pembakaran bahan api fosil kenderaan) adalah gas berasid yang merengsa laluan pernafasan, menyebabkan batuk, sukar bernafas, asma, dan bronkitis akut."
2,A,Bab 2: Respirasi (Respiration) - Kuiz Set A,21,"Dalam eksperimen demonstrasi kesan merokok terhadap paru-paru (Eksperimen 2.2), apakah yang diwakili oleh perubahan warna kapas menjadi perang di dalam tiub-U?","In the demonstration experiment on the effects of smoking on the lungs (Experiment 2.2), what does the change in the color of the cotton from white to red in the U-tube represent?",Kehadiran gas berasid nitrogen dioksida yang melarut.,The presence of nitrogen dioxide gas that dissolves.,Pembentukan karboksihemoglobin dalam paru-paru.,Formation of carboxyhemoglobin in the lungs.,Pengendapan tar rokok yang melekit pada permukaan dinding paru-paru.,Deposition of tobacco tar on the surface of the lung walls.,Kerosakan alveolus akibat suhu tinggi asap rokok.,Alveolus damage due to high-temperature smoke.,C,"Tar rokok ialah bahan melekit berwarna perang yang terkandung dalam asap rokok. Dalam eksperimen model merokok, kapas putih mewakili alveolus paru-paru. Kapas bertukar menjadi perang menunjukkan pengumpulan tar rokok berasap pada tisu paru-paru yang boleh menyekat resapan gas dan merosakkan silia."
2,A,Bab 2: Respirasi (Respiration) - Kuiz Set A,22,Amfibia seperti katak mempunyai kebolehan bernafas melalui kulit luar yang lembap selain peparu. Apakah adaptasi pada kulit luar katak yang membolehkan pertukaran gas berlaku secara efisien?,Amphibians like frogs have the ability to breathe through their moist external skin in addition to their lungs. What adaptation on the frog's external skin allows for efficient gas exchange to occur?,Kulit katak tebal dan dilapisi lapisan keratin yang kalis air.,Frog skin is thick and coated with a water-permeable layer of keratin.,"Kulit katak adalah sangat nipis, sentiasa lembap oleh mukus, dan dilitupi dengan jaringan kapilari darah yang padat di bawahnya.","Frog skin is very thin, constantly moistened by mucus, and covered with a dense network of blood capillaries beneath it.",Kulit katak mengandungi liang spirakel yang boleh terbuka dan tertutup secara aktif.,Frog skin contains spiracle pores that can be opened and closed actively.,Kulit katak diliputi bulu halus untuk menapis zarah udara persekitaran.,Frog skin is covered with fine hairs to filter surrounding air particles.,B,"Kulit katak disesuaikan untuk pertukaran gas di darat dan air kerana ia nipis, dilitupi mukus (memudahkan pelarutan gas), dan mempunyai rangkaian kapilari darah yang sangat padat di bawah epidermis untuk memudahkan resapan oksigen terus ke dalam sistem peredaran darah."
2,A,Bab 2: Respirasi (Respiration) - Kuiz Set A,23,Sistem respirasi serangga seperti belalang terdiri daripada tiub udara halus yang meresap terus ke sel tisu tanpa melibatkan sistem pengangkutan darah. Sistem ini dikenali sebagai:,The respiratory system of insects like grasshoppers consists of fine air tubes that penetrate continuously into the tissue cells without involving the blood transport system. This system is known as:,Sistem filamen insang,Tracheal system,Sistem trakea,Tracheal system,Sistem kulit luar lembap,Externa moist skin system,Sistem alveolus mikro,Microalveolar system,B,"Serangga bernafas menggunakan sistem trakea. Udara masuk melalui liang spirakel di abdomen, mengalir melalui trakea yang bercabang menjadi saluran yang sangat halus setebal satu sel dinamakan trakeol. Oksigen meresap terus dari trakeol ke dalam sel-sel badan serangga tanpa diangkut oleh darah."
2,A,Bab 2: Respirasi (Respiration) - Kuiz Set A,24,Bagaimanakah mekanisme resapan karbon dioksida berlaku di dalam stoma daun tumbuhan semasa waktu siang untuk menyokong fotosintesis?,How does the mechanism of carbon dioxide absorption occur in plant leaf stomata during the day to support photosynthesis?,"Kepekatan karbon dioksida di dalam sel daun adalah lebih tinggi daripada udara luar, menyebabkan gas meresap masuk.","The concentration of carbon dioxide in the leaf cells is higher than that in the external air, causing the gas to absorb and enter.",Karbon dioksida melarut dalam kutikel lilin epidermis atas sebelum ditolak masuk oleh sel pengawal.,Carbon dioxide dissolves in the waxy epidermis cuticle before being rejected into the guard cells.,"Apabila karbon dioksida digunakan dalam fotosintesis, kepekatannya di dalam sel daun menjadi rendah berbanding ruang udara antara sel, menyebabkan karbon dioksida dari atmosfera meresap masuk melalui liang stoma yang terbuka.","When carbon dioxide is used in photosynthesis, its concentration in the leaf cells becomes lower than that in the air space between cells, causing carbon dioxide from the atmosphere to absorb and enter through the open stomatal aperture.",Sel mesofil palisad mengepam karbon dioksida masuk secara aktif menggunakan liang air kapur.,Palisade mesophyll cells actively absorb carbon dioxide through the calcium carbonate pore.,C,"Semasa fotosintesis di waktu siang, karbon dioksida digunakan secara aktif oleh sel daun. Keadaan ini merendahkan kepekatan karbon dioksida di dalam ruang udara antara sel berbanding udara luar. Akibatnya, kecerunan kepekatan terbentuk dan karbon dioksida meresap masuk dari atmosfera melalui stoma ke dalam daun."
2,A,Bab 2: Respirasi (Respiration) - Kuiz Set A,25,Apakah fenomena osmosis yang menyebabkan liang stoma terbuka pada waktu siang apabila terdapat cahaya matahari?,What is the osmotic phenomenon that causes the stoma hole to open during the day when there is sunlight?,"Air meresap keluar dari sel pengawal secara osmosis, menyebabkan sel pengawal menjadi flasid dan lurus.","Water osmotically permeates out from the epithelial cells, causing the cells to become flaccid and straight.","Air meresap masuk ke dalam sel pengawal secara osmosis, menyebabkan sel pengawal menjadi turgid dan membengkok ke luar.","Water osmotically permeates into the epithelial cells, causing the cells to become turgid and bulge outward.",Sel pengawal menghasilkan sukrosa tebal yang menyumbat liang stoma secara fizikal.,Epithelial cells produce thick sucrose which physically blocks the stoma hole.,Dinding luar sel pengawal yang nipis mengecut dan menarik dinding dalam yang tebal secara aktif.,The thin outer cell wall shrinks and actively draws in the thick inner wall.,B,"Pada waktu siang (dengan adanya cahaya), sel pengawal menjalankan fotosintesis dan menghasilkan glukosa. Ini meningkatkan kepekatan zat terlarut di dalam sel pengawal (hipertonik), menyebabkan air dari sel epidermis sekeliling meresap masuk ke dalam sel pengawal secara osmosis. Sel pengawal menjadi turgid. Disebabkan dinding dalam sel pengawal adalah tebal dan kurang kenyal manakala dinding luarnya nipis dan kenyal, sel pengawal membengkok ke luar dan membuka liang stoma."
2,B,Bab 2: Respirasi (Respiration) - Kuiz Set B,1,"Atlet larian jarak jauh sering menjalani latihan intensif di kawasan pergunungan yang tinggi seperti Kundasang, Sabah. Antara berikut, yang manakah merupakan gerak balas fisiologi jangka pendek limpa (spleen) atlet tersebut akibat kepekatan oksigen yang rendah pada altitud tinggi?","Long-distance runners often undergo intensive training in high-altitude mountain areas like Kundasang, Sabah. Which of the following is the short-term physiological response of the athlete's spleen due to the low oxygen concentration at high altitudes?",Mengecilkan saiz jantung untuk mengekalkan kecekapan mengepam.,Reducing the size of the heart to maintain efficient pumping.,Membebaskan sel darah merah yang disimpan di dalamnya ke dalam aliran darah.,Releasing stored red blood cells into the bloodstream.,Mengurangkan kadar penghasilan sel darah merah bagi mengelakkan kelikatan darah.,Reducing the rate of red blood cell production to prevent blood thickening.,Melambatkan penguraian oksihemoglobin di dalam sel-sel badan.,Slowing down the breakdown of oxyhaemoglobin in body cells.,B,"Menurut buku teks, kekurangan oksigen pada altitud tinggi merangsang badan atlet untuk bertindak balas secara fisiologi dengan membebaskan sel darah merah yang disimpan di dalam limpa bagi meningkatkan kapasiti pengangkutan oksigen ke sel-sel badan [45]. Hal ini meningkatkan kecekapan pernafasan atlet [45]."
2,B,Bab 2: Respirasi (Respiration) - Kuiz Set B,2,"Antara bahagian sistem respirasi berikut, yang manakah disokong oleh gelang rawan berbentuk 'C'?",Which of the following parts of the respiratory system is supported by C-shaped cartilage rings?,Farinks,Pharynx,Larinks,Larynx,Trakia,Trachea,Bronkiol,Bronchiole,C,"Trakia disokong oleh gelang rawan berbentuk 'C' (*C-shaped cartilage rings*) untuk mengelakkannya daripada runtuh atau kempis semasa penarikan nafas, sekali gus memastikan laluan udara sentiasa terbuka [46]."
2,B,Bab 2: Respirasi (Respiration) - Kuiz Set B,3,Apakah peranan epiglotis semasa seseorang individu sedang menelan makanan (bolus)?,What is the role of the epiglottis when an individual is swallowing food (bolus)?,Epiglotis naik ke atas untuk membuka trakea supaya udara dapat dialirkan.,The epiglottis rises upwards to open the trachea so that air can flow through.,Epiglotis jatuh ke bawah dan menutup laluan trakea bagi menghalang makanan daripada memasuki saluran pernafasan.,The epiglottis drops downwards and covers the tracheal passage to prevent food from entering the respiratory tract.,Epiglotis mengecut untuk memaksa makanan masuk terus ke dalam larinks.,The epiglottis closes to force food to continue entering the larynx.,Epiglotis mengendur untuk membolehkan udara dan makanan masuk ke dalam paru-paru secara serentak.,The epiglottis relaxes to allow air and food to enter the lungs simultaneously.,B,"Semasa menelan makanan, epiglotis jatuh ke bawah dan menutup trakea supaya makanan tidak masuk ke dalam saluran pernafasan, sebaliknya dipaksa mengalir terus ke dalam esofagus [48]. Semasa bernafas pula, epiglotis naik ke atas untuk membolehkan trakea terbuka [48]."
2,B,Bab 2: Respirasi (Respiration) - Kuiz Set B,4,"Semasa aktiviti menghembus nafas (exhalation), apakah yang berlaku kepada otot interkostal luar dan dalam serta tindakan sangkar rusuk manusia?","During exhalation, what happens to the external and internal intercostal muscles and the movement of the human rib cage?","Otot interkostal mengecut, menyebabkan sangkar rusuk bergerak ke atas dan ke luar.","The external intercostal muscles contract, causing the rib cage to move upwards and outwards.","Otot interkostal mengendur, menyebabkan sangkar rusuk bergerak ke bawah dan ke dalam.","The internal intercostal muscles relax, causing the rib cage to move downwards and inwards.","Otot interkostal mengecut, menyebabkan diafragma mendatar dan meleper.","The external intercostal muscles contract, causing the diaphragm to flatten and descend.","Otot interkostal mengendur, menyebabkan sangkar rusuk ditarik ke atas secara pasif.","The internal intercostal muscles relax, causing the rib cage to be passively drawn upwards.",B,"Semasa menghembus nafas, otot interkostal mengendur dan sangkar rusuk bergerak ke bawah dan ke dalam [49]. Pada masa yang sama, otot diafragma juga mengendur untuk melengkung ke atas menjadi bentuk kubah semula [49]."
2,B,Bab 2: Respirasi (Respiration) - Kuiz Set B,5,"Seorang murid mendapati belon di dalam model balang kaca (bell jar model) gagal mengembang apabila kepingan getah ditarik ke bawah. Antara berikut, yang manakah punca yang paling mungkin bagi kegagalan tersebut?",A student finds that the balloons inside the bell jar model fail to expand when the rubber sheet is pulled downward. Which of the following is the most likely cause of this failure?,Tiub kaca berbentuk 'Y' tersumbat sepenuhnya oleh wap air.,A glass 'Y' tube is completely blocked by water wap.,Kepingan getah yang digunakan terlalu nipis dan elastik.,The rubber片尾符 should be,Terdapat keretakan pada dinding balang kaca yang menyebabkan kebocoran udara.,A crack in the glass cylinder wall causes air leakage.,Balang kaca ditutup terlalu ketat dengan penyumbat gabus tanpa sebarang liang udara.,The glass cylinder is sealed too tightly with a plug of reed without any air holes.,C,"Model balang kaca berfungsi berdasarkan perubahan isi padu dan tekanan di dalam balang [53]. Sekiranya balang kaca retak (*cracked glass jar*), kebocoran udara berlaku, menyebabkan tekanan udara di dalam balang tidak dapat diubah (sentiasa seimbang dengan tekanan atmosfera luar). Akibatnya, tiada udara luar dipaksa masuk untuk mengembangkan belon [53]."
2,B,Bab 2: Respirasi (Respiration) - Kuiz Set B,6,"Dalam Eksperimen 2.1 (A) untuk menentukan peratusan oksigen dalam udara, aras akhir air di dalam balang gas bagi udara hembusan adalah lebih rendah berbanding udara sedutan selepas lilin padam. Apakah kesimpulan daripada pemerhatian ini?","In Experiment 2.1 (A) to determine the percentage of oxygen in air, the final water level in the gas jar for exhaled air is lower compared to inhaled air after the candle extinguishes. What is the conclusion of this observation?",Udara hembusan tidak mempunyai sebarang kandungan gas oksigen.,Exhaled air does not contain any oxygen gas.,Udara hembusan mempunyai peratusan oksigen yang lebih rendah daripada udara sedutan.,Exhaled air has a lower percentage of oxygen than ambient air.,Kandungan karbon dioksida di dalam udara sedutan adalah lebih tinggi.,The carbon dioxide content in ambient air is higher.,Lilin menghasilkan lebih banyak oksigen semasa dibakar di dalam udara hembusan.,Candles produce more oxygen when burned in exhaled air.,B,"Lilin membakar oksigen yang ada di dalam balang gas [50]. Air akan naik untuk menggantikan ruang oksigen yang telah digunakan [50]. Aras air naik lebih rendah dalam balang berisi udara hembusan kerana sebahagian besar oksigen telah diserap oleh paru-paru semasa bernafas, membuktikan udara hembusan mempunyai peratusan oksigen yang lebih rendah [52]."
2,B,Bab 2: Respirasi (Respiration) - Kuiz Set B,7,"Dalam Eksperimen 2.1 (B), udara sedutan dan udara hembusan dialirkan ke dalam air kapur secara berasingan melalui Kelalang A dan Kelalang B. Apakah keputusan eksperimen yang membuktikan bahawa udara hembusan mengandungi kepekatan karbon dioksida yang tinggi?","In Experiment 2.1 (B), inhaled air and exhaled air are bubbled into limewater separately through Flask A and Flask B. What is the experimental result that proves exhaled air contains a high concentration of carbon dioxide?",Air kapur di dalam Kelalang A berubah warna menjadi ungu.,The lime water in Kelalang A changed color to purple.,Air kapur di dalam Kelalang B kekal jernih sepanjang eksperimen.,The lime water in Kelalang B remained clear throughout the experiment.,Air kapur di dalam Kelalang B menjadi keruh dengan sangat cepat.,The lime water in Kelalang B became turbid very quickly.,Air kapur di dalam Kelalang A bertukar menjadi mendidih dan berasid.,The lime water in Kelalang A boiled and produced gas.,C,"Kehadiran gas karbon dioksida yang tinggi bertindak balas secara kimia dengan kalsium hidroksida (air kapur) untuk menghasilkan mendakan putih kalsium karbonat yang tidak larut, menyebabkan air kapur menjadi sangat keruh [52]. Udara hembusan mengandungi kepekatan karbon dioksida yang jauh lebih tinggi daripada udara sedutan [51, 52]. #### Pergerakan dan Pertukaran Gas di Alveolus"
2,B,Bab 2: Respirasi (Respiration) - Kuiz Set B,8,Oksigen meresap dari alveolus ke dalam kapilari darah manakala karbon dioksida meresap dalam arah bertentangan. Apakah prinsip fizikal utama yang memacu pergerakan gas respirasi ini?,Oxygen diffuses from the alveolus into the blood capillary while carbon dioxide diffuses in the opposite direction. What is the primary physical principle driving this movement of respiratory gases?,Pengangkutan aktif menggunakan molekul pembawa tenaga ATP.,Active transport uses energy-carrying molecules ATP.,Pemendapan zarah mengikut tarikan graviti.,Deposition of particles follows gravitational pull.,Proses osmosis merentasi membran separa telap sel darah merah.,Osmosis process occurs across the semi-permeable cell membrane.,Proses resapan gas mengikut gradien kepekatan (perbezaan tekanan separa).,Gas absorption process follows concentration gradient (partial pressure difference).,D,"Pertukaran gas respirasi berlaku melalui proses resapan (*diffusion*) [54]. Gas sentiasa meresap dari kawasan yang berkepekatan tinggi (atau tekanan separa tinggi) ke kawasan yang berkepekatan rendah (atau tekanan separa rendah) secara pasif tanpa menggunakan tenaga [54, 68]."
2,B,Bab 2: Respirasi (Respiration) - Kuiz Set B,9,"Apabila oksigen meresap ke dalam sel darah merah, ia bergabung secara kimia dengan sebatian berwarna merah gelap untuk membentuk sebatian tidak stabil yang berwarna merah cerah. Apakah nama sebatian tidak stabil tersebut?","When oxygen diffuses into red blood cells, it combines chemically with a dark red compound to form an unstable, bright red compound. What is the name of this unstable compound?",Karboksihemoglobin,Carboxyhemoglobin,Oksihemoglobin,Oxyhemoglobin,Klorofil,Chlorophyll,Karbonmonoksida-hemoglobin,Carbon monoxide-hemoglobin,B,Oksigen bergabung secara kimia dengan hemoglobin (berwarna merah gelap) di dalam sel darah merah untuk membentuk oksihemoglobin yang merupakan sebatian tidak stabil dan berwarna merah cerah [55].
2,B,Bab 2: Respirasi (Respiration) - Kuiz Set B,10,Mengapakah oksihemoglobin yang terbentuk di dalam darah kapilari paru-paru terurai semula apabila sampai ke tisu atau sel-sel badan?,Why does the oxyhemoglobin formed in the lung capillaries dissociate again when it reaches the tissues or body cells?,Suhu di dalam sel badan adalah sangat sejuk berbanding di paru-paru.,The temperature inside the body cells is much cooler compared to the lungs.,Sel badan mempunyai kepekatan gas oksigen yang sangat rendah akibat respirasi sel.,Body cells have a very low concentration of oxygen gas due to cellular respiration.,Sel badan merembeskan enzim hidrolisis yang mencerna molekul hemoglobin.,Body cells secrete hydrolytic enzymes that break down hemoglobin molecules.,Nilai pH darah di kawasan tisu badan adalah terlalu beralkali.,The pH value of blood in the body tissues is too alkaline.,B,"Oksihemoglobin ialah sebatian yang tidak stabil [55]. Apabila darah sampai ke kawasan tisu badan yang mempunyai kepekatan oksigen yang rendah (kerana digunakan secara berterusan untuk respirasi sel), oksihemoglobin terurai semula untuk membebaskan molekul oksigen ke dalam sel badan [55]."
2,B,Bab 2: Respirasi (Respiration) - Kuiz Set B,11,"Antara berikut, yang manakah persamaan kimia ringkas yang menterjemahkan proses respirasi sel dengan betul?",Which of the following is the simple chemical equation that correctly represents the process of cellular respiration?,Glukosa + Karbon dioksida → Oksigen + Air,Glucose + Carbon dioxide → Oxygen + Water,Oksigen + Air → Glukosa + Karbon dioksida,Oxygen + Water → Glucose + Carbon dioxide,Glukosa + Oksigen → Karbon dioksida + Air + Tenaga,Glucose + Oxygen → Carbon dioxide + Water + Energy,Karboksihemoglobin → Hemoglobin + Karbon monoksida,Carboxyhaemoglobin → Haemoglobin + Carbon monoxide,C,"Di dalam sel badan, oksigen meresap masuk dan digunakan untuk mengoksidakan glukosa bagi menghasilkan tenaga, dengan karbon dioksida serta air sebagai bahan sampingan melalui tindak balas: $ ext{Glukosa} + ext{Oksigen} ightarrow ext{Karbon Dioksida} + ext{Air} + ext{Tenaga}$ [55]."
2,B,Bab 2: Respirasi (Respiration) - Kuiz Set B,12,Dinding alveolus dan dinding kapilari darah mempunyai ketebalan hanya satu lapisan sel. Apakah kepentingan ciri adaptasi ini terhadap fungsi paru-paru?,The alveolar wall and the blood capillary wall have a thickness of only one cell layer. What is the importance of this adaptation to the function of the lungs?,Menyediakan luas permukaan yang besar untuk memerangkap habuk halus.,Providing a large surface area to capture fine dust.,Memudahkan dan mempercepatkan kadar resapan gas respirasi merentasinya.,Facilitating and accelerating the rate of gas respiration penetration.,Mengelakkan alveolus daripada pecah apabila tekanan udara toraks meningkat mendadak.,Preventing alveoli from bursting when there is a sudden increase in thoracic air pressure.,Membolehkan kapilari menyerap molekul air secara osmosis terus dari atmosfera.,Allowing capillaries to continuously absorb water molecules from the atmosphere by osmosis.,B,"Struktur yang sangat nipis (setebal satu sel sahaja) mengurangkan jarak laluan gas respirasi, sekali gus memudahkan dan memaksimumkan kadar resapan gas antara alveolus dengan kapilari darah [56, 64]."
2,B,Bab 2: Respirasi (Respiration) - Kuiz Set B,13,"Selain ketebalan dinding yang nipis, alveolus juga diselaputi lapisan air yang nipis di permukaan dalamnya. Mengapakah kelembapan dinding alveolus ini sangat kritikal?","In addition to the thin wall thickness, the alveolus is also lined with a thin layer of water on its internal surface. Why is this moisture of the alveolar wall highly critical?",Membolehkan gas respirasi melarut terlebih dahulu sebelum meresap merentasi kapilari darah.,Allowing respiratory gases to dissolve first before penetrating the blood capillaries.,Menurunkan suhu udara sedutan supaya sama dengan suhu bilik.,Lowering the room air temperature to match the room temperature.,Menghalang pertukaran gas berlaku secara mengejut pada waktu malam.,Preventing gas exchange from occurring suddenly at night.,Melarutkan tar rokok yang masuk supaya tidak menyumbat bronkiol.,Dissolving the smoke inhaled to prevent it from blocking the bronchioles.,A,"Gas respirasi (oksigen dan karbon dioksida) mestilah melarut terlebih dahulu dalam lapisan air lembap di dinding alveolus sebelum ia dapat meresap merentasi membran sel yang telap gas [54, 56]. #### Kesihatan Sistem Respirasi"
2,B,Bab 2: Respirasi (Respiration) - Kuiz Set B,14,Gas karbon monoksida merupakan gas tanpa warna dan tanpa bau yang terdapat di dalam asap rokok dan asap ekzos kenderaan. Mengapakah gas ini sangat berbahaya kepada kesihatan manusia?,Carbon monoxide gas is a colorless and odorless gas present in cigarette smoke and vehicle exhaust fumes. Why is this gas extremely dangerous to human health?,Ia bertindak balas dengan air di dalam paru-paru untuk membentuk asid sulfurik.,It reacts with the water in the lungs to form sulfuric acid.,Ia merosakkan dan memusnahkan gelang rawan trakea secara fizikal.,It physically damages and destroys the tracheal mucous membrane.,"Ia mengikat hemoglobin secara kuat membentuk karboksihemoglobin yang stabil, mengurangkan pengangkutan oksigen ke sel badan.","It binds hemoglobin strongly to form stable carbaminohemoglobin, reducing the transport of oxygen to body cells.",Ia merangsang pembelahan sel-sel paru-paru secara tidak terkawal untuk membentuk tumor.,It stimulates uncontrolled cell division in the lung cells to form a tumor.,C,"Karbon monoksida meresap ke dalam darah dan bergabung dengan hemoglobin menghasilkan sebatian karboksihemoglobin yang sangat stabil [58]. Ini menyebabkan hemoglobin tidak dapat mengikat oksigen, mengurangkan kandungan oksigen dalam sel badan, dan boleh membawa maut akibat hipoksia tisu [58]."
2,B,Bab 2: Respirasi (Respiration) - Kuiz Set B,15,"Seorang bekas perokok tegar didiagnosis menghidap penyakit emfisema. Antara berikut, yang manakah merupakan perubahan patologi yang berlaku pada paru-paru pesakit tersebut?",A former heavy smoker is diagnosed with emphysema. Which of the following is the pathological change that occurs in the lungs of this patient?,Kehilangan kelenturan kulit luar paru-paru akibat pengumpulan asid.,Loss of lung skin elasticity due to acid accumulation.,"Dinding tipis alveolus pecah dan musnah, mengurangkan luas permukaan pertukaran gas secara drastik.","Thin alveolus walls break and disappear, drastically reducing the gas exchange surface area.",Penyempitan tiub trakea akibat pengumpulan sel karsinogen yang mereput.,Tracheal tube narrowing due to the accumulation of carcinogenic cells that proliferate.,Keradangan kronik pada dinding dalam bronkus yang menyekat aliran udara masuk.,Chronic inflammation of the inner bronchus walls that obstructs air intake.,B,"Emfisema disebabkan oleh kerosakan dinding alveolus oleh bahan toksik asap rokok [60]. Dinding alveolus pecah dan bergabung membentuk pundi udara yang lebih besar, tidak sekata, dan mempunyai luas permukaan yang jauh lebih kecil untuk pertukaran gas [60]. Akibatnya, pesakit mengalami sesak nafas kronik [60]."
2,B,Bab 2: Respirasi (Respiration) - Kuiz Set B,16,"Dalam Eksperimen 2.2 (demonstrasi kesan merokok terhadap paru-paru), pam turas digunakan untuk menyedut asap rokok melalui radas. Apakah pemerhatian dan inferens bagi kapas putih pada akhir eksperimen tersebut?","In Experiment 2.2 (demonstration of the effects of smoking on the lungs), a filter pump is used to draw cigarette smoke through the apparatus. What is the observation and inference of the white cotton wool at the end of the experiment?","Kapas bertukar menjadi merah, menunjukkan asap rokok mengandungi gas berasid.","The cotton changes to red, indicating that cigarette smoke contains carbon monoxide gas.","Kapas bertukar menjadi perang/hitam, menunjukkan asap rokok mengandungi tar rokok yang melekit.","The cotton changes to grey/black, indicating that cigarette smoke contains nicotine which sticks to it.","Kapas kekal putih bersih, menunjukkan asap rokok ditapis sepenuhnya oleh air kapur.","The cotton remains pure white, indicating that cigarette smoke is fully filtered by lime water.","Kapas menjadi basah dan cair, menunjukkan asap rokok membebaskan wap nitrogen dioksida.","The cotton becomes wet and discolored, indicating that cigarette smoke releases nitrogen dioxide.",B,Kapas putih bertindak sebagai analog tisu peparu [62]. Perubahan warna kapas kepada perang/hitam membuktikan kehadiran tar rokok (sisa aerosol melekit) di dalam asap rokok yang boleh mendap dan merosakkan tisu paru-paru dalam keadaan sebenar [63].
2,B,Bab 2: Respirasi (Respiration) - Kuiz Set B,17,"Semasa menjalankan demonstrasi kesan merokok, didapati larutan litmus ungu di dalam kelalang kon bertukar menjadi warna merah. Apakah kesimpulan yang diperoleh daripada perubahan warna larutan litmus ini?","While conducting the demonstration of smoking effects, it was found that the purple litmus solution inside the conical flask turned red. What is the conclusion obtained from this color change of the litmus solution?",Asap rokok bersifat neutral dan kaya dengan wap air.,Cigarette smoke is neutral and rich in water vapor.,Asap rokok mengandungi gas-gas berasid seperti sulfur dioksida dan nitrogen dioksida.,Cigarette smoke contains acidic gases such as sulfur dioxide and nitrogen dioxide.,Asap rokok mengandungi karsinogen beralkali tinggi yang membunuh sel.,Cigarette smoke contains highly alkaline carcinogens that kill cells.,Gas karbon monoksida bertukar menjadi garam kalsium berasid apabila dilarutkan.,Carbon monoxide gas forms calcium sulfate salt when dissolved.,B,"Larutan litmus ungu bertukar menjadi merah apabila didedahkan kepada bahan berasid [63]. Ini membuktikan asap rokok mengandungi gas-gas berasid yang larut di dalam kelembapan saluran respirasi, merengsakannya dan menyebabkan radang [63]."
2,B,Bab 2: Respirasi (Respiration) - Kuiz Set B,18,"Apakah maksud ""perokok pasif"" (passive smoker) dan bagaimanakah risiko kesihatan mereka berbanding perokok aktif?","What is meant by a ""passive smoker"" and how is their health risk compared to an active smoker?",Individu yang merokok sekali-sekala dan mempunyai risiko kesihatan yang sangat kecil.,Individuals who smoke occasionally and have a very low health risk.,"Individu yang tidak merokok tetapi menyedut asap rokok daripada persekitaran, menghadapi risiko kemudaratan respirasi yang sama besar dengan perokok aktif.",Non-smokers who inhale second-hand smoke from their environment face the same risk of respiratory damage as active smokers.,Pesakit asma yang menggunakan ubat penyedut inhaler untuk mengurangkan radang paru-paru.,Asthma patients using inhalers to reduce lung inflammation.,Pekerja industri arang batu yang terdedah kepada habuk sulfur dioksida secara pasif.,Workers in the coal industry who are passively exposed to sulfur dioxide fumes.,B,"Perokok pasif ialah individu yang tidak merokok tetapi tersedut asap rokok daripada perokok aktif berhampirannya [62]. Mereka mempunyai risiko yang sama untuk menghidap penyakit pernafasan seperti asma, bronkitis, emfisema, dan kanser peparu [62, 63]. #### Adaptasi Sistem Respirasi Haiwan Lain"
2,B,Bab 2: Respirasi (Respiration) - Kuiz Set B,19,"Amfibia seperti katak boleh menjalankan pertukaran gas melalui kulit luar yang lembap semasa berada di dalam air atau dalam keadaan pasif. Antara berikut, yang manakah merupakan ciri adaptasi kulit katak untuk memaksimumkan kadar resapan gas?",Amphibians like frogs can undergo gas exchange through their moist outer skin when in water or in a passive state. Which of the following is an adaptation of the frog's skin to maximize the rate of gas diffusion?,Kulit katak sangat tebal bagi menghalang kehilangan air secara penyejatan.,Frogs' skin is very thick to prevent water loss by evaporation.,Kulit katak diliputi lapisan lilin hidrofobik yang kalis gas nitrogen.,Frogs' skin is covered with a hydrophobic wax layer containing nitrogen gas.,"Kulit katak sangat nipis, telap gas, sentiasa lembap oleh lapisan mukus, dan dilengkapi jaringan kapilari darah yang padat di bawahnya.","Frogs' skin is very thin, constantly moist due to a mucus layer, and is equipped with a dense network of blood capillaries beneath it.",Kulit katak mengandungi liang spirakel yang dikawal oleh injap otot.,Frogs' skin contains spiracle pores controlled by muscle fibers.,C,"Katak menyesuaikan kulitnya agar menjadi permukaan respirasi yang cekap dengan memastikan kulitnya sangat nipis, sentiasa lembap diselaputi mukus (untuk melarutkan gas), serta mempunyai kapilari darah yang padat di bawah kulit untuk mengangkut gas dengan cepat [64]."
2,B,Bab 2: Respirasi (Respiration) - Kuiz Set B,20,Sistem respirasi ikan menggunakan insang (gills) yang terdiri daripada filamen dan unjuran nipis yang dipanggil lamela. Bagaimanakah lamela meningkatkan kecekapan pertukaran gas di dalam air?,The respiratory system of fish utilizes gills consisting of filaments and thin projections called lamellae. How do lamellae increase the efficiency of gas exchange in water?,Dengan menapis keluar garam mineral berlebihan daripada memasuki aliran darah.,By filtering out excess mineral salt from the incoming blood flow.,Dengan menyediakan luas permukaan yang besar dan aliran darah yang bertentangan dengan aliran air.,By providing a large surface area and blood flow in the opposite direction to the water flow.,Dengan menghasilkan oksigen secara kimia melalui tindak balas fotosintesis lamela.,By producing oxygen chemically through the lamella photosynthesis reaction.,Dengan mengecilkan saiz kapilari darah bagi meningkatkan tekanan resapan gas.,By reducing the size of blood capillaries to increase gas diffusion pressure.,B,"Bilangan filamen dan lamela yang banyak menyediakan luas permukaan yang besar [65]. Selain itu, arah aliran air yang bertentangan dengan arah aliran darah (*counter-current flow*) memelihara gradien kepekatan oksigen yang tinggi di sepanjang lamela, membolehkan oksigen meresap masuk dengan sangat cekap [65]."
2,B,Bab 2: Respirasi (Respiration) - Kuiz Set B,21,"Serangga seperti belalang menjalankan pernafasan menggunakan sistem trakea yang mengandungi spirakel, trakea, dan trakeol. Mengapakah serangga tidak memerlukan sistem peredaran darah untuk mengangkut oksigen ke sel-sel badannya?","Insects like grasshoppers breathe using a tracheal system containing spiracles, trachea, and tracheoles. Why do insects not require a blood circulatory system to transport oxygen to their body cells?",Sel-sel badan serangga sangat kecil dan tidak memerlukan sebarang bekalan oksigen.,Insect body cells are very small and do not require any oxygen supply.,Oksigen meresap secara terus dari trakeol yang lembap ke dalam sel otot tanpa melalui darah.,Oxygen diffuses continuously from the moist tracheoles into the muscle cells without passing through the blood.,Serangga menghasilkan oksigen sendiri di dalam kantung udara melalui respirasi anaerobik.,Insects produce their own oxygen within air sacs through anaerobic respiration.,Kapilari darah serangga digantikan oleh sistem salur limfa yang sangat berasid.,The insect blood capillaries are replaced by a highly acidic lymphatic circulation system.,B,"Sistem trakea serangga mempunyai cabang halus yang dipanggil trakeol [65]. Trakeol bersentuhan terus secara fizikal dengan sel-sel badan (seperti sel otot) [65]. Oleh itu, resapan oksigen berlaku secara terus dari trakeol ke dalam sel badan tanpa memerlukan pengangkutan oleh medium darah [65, 66]. #### Pertukaran Gas dalam Tumbuhan"
2,B,Bab 2: Respirasi (Respiration) - Kuiz Set B,22,"Tumbuhan menjalankan proses respirasi sel dan fotosintesis. Antara perbandingan berikut, yang manakah menerangkan perbezaan kedua-dua proses tersebut dengan betul?",Plants undergo cellular respiration and photosynthesis. Which of the following comparisons correctly describes the differences between the two processes?,Respirasi sel membebaskan oksigen manakala fotosintesis membebaskan karbon dioksida.,Cell respiration releases oxygen while photosynthesis releases carbon dioxide.,Respirasi sel hanya berlaku pada waktu malam manakala fotosintesis hanya berlaku pada waktu siang.,Cell respiration only occurs at night while photosynthesis only occurs during the day.,Respirasi sel menggunakan karbon dioksida manakala fotosintesis menggunakan oksigen.,Cell respiration uses carbon dioxide while photosynthesis uses oxygen.,Respirasi sel berlaku sepanjang masa (siang dan malam) manakala fotosintesis hanya berlaku pada waktu siang (dengan kehadiran cahaya).,Cell respiration occurs throughout the day and night while photosynthesis only occurs during the day (with the presence of light).,D,"Menurut buku teks, respirasi sel ialah proses metabolisme asas sel hidup yang berlaku sepanjang masa (siang dan malam) [67, 73]. Manakala fotosintesis ialah proses menghasilkan makanan menggunakan tenaga cahaya, jadi ia hanya boleh berlaku pada waktu siang dengan kehadiran cahaya sahaja [67, 73]."
2,B,Bab 2: Respirasi (Respiration) - Kuiz Set B,23,Peningkatan kepekatan glukosa di dalam sel pengawal (guard cells) pada waktu siang menyebabkan air meresap masuk secara osmosis. Apakah kesan akhir daripada pergerakan air ini terhadap liang stoma?,The increase in glucose concentration in guard cells during the day causes water to diffuse in via osmosis. What is the ultimate effect of this water movement on the stomatal pore?,"Sel pengawal menjadi flasid dan lurus, menyebabkan liang stoma tertutup.","The guard cells become flaccid and straight, causing the stoma aperture to close.","Sel pengawal menjadi segah dan membengkok ke luar, menyebabkan liang stoma terbuka.","The guard cells swell and bend outward, causing the stoma aperture to open.",Sel pengawal mengecut secara mekanikal dan memusnahkan kloroplas di sekeliling stoma.,The guard cells undergo mechanical expansion and destroy the chloroplasts around the stoma.,Tekanan osmosis di dalam sel pengawal menurun secara mendadak dan liang stoma mengecil.,"Osmotic pressure inside the guard cells drops suddenly, causing the stoma aperture to shrink.",B,"Fotosintesis pada siang hari menghasilkan glukosa, meningkatkan tekanan osmosis sel pengawal [69]. Air meresap masuk secara osmosis, menyebabkan sel pengawal menjadi segah (*turgid*) [69, 70]. Oleh sebab dinding luar sel pengawal adalah nipis dan kenyal manakala dinding dalamnya adalah tebal dan kurang kenyal, sel pengawal membengkok ke luar dan menarik liang stoma terbuka [70]."
2,B,Bab 2: Respirasi (Respiration) - Kuiz Set B,24,"Pada hari yang sangat panas, tumbuhan akan menutup liang stomanya walaupun terdapat cahaya matahari yang terang. Apakah kepentingan tindakan penutupan stoma ini?","On an extremely hot day, plants will close their stomatal pores despite the presence of bright sunlight. What is the importance of this stomatal closure?",Untuk membenarkan air kapur dari tanah meresap masuk secara osmosis.,To allow the absorption of calcium carbonate from the soil through osmosis.,Untuk mempercepatkan kadar penyerapan gas nitrogen dioksida dari udara.,To accelerate the absorption rate of nitrogen dioxide from the air.,Untuk mencegah kehilangan air yang berlebihan melalui proses transpirasi.,To prevent excessive loss of water through the process of transpiration.,Untuk merangsang penguraian glukosa kepada kanji di dalam sel mesofil.,To stimulate the breakdown of glucose into pyruvate within the mesophyll cells.,C,"Suhu yang tinggi meningkatkan kadar transpirasi [69, 72]. Untuk mengelakkan tumbuhan layu atau mati akibat dehidrasi (kehilangan air berlebihan), sel pengawal kehilangan air secara osmosis, menjadi flasid, dan melurus kembali untuk menutup liang stoma bagi memelihara air di dalam tisu tumbuhan [69, 72]."
2,B,Bab 2: Respirasi (Respiration) - Kuiz Set B,25,"Bagaimanakah pemendapan jerebu, habuk, dan debu di atas permukaan daun memudaratkan kemandirian tumbuh-tumbuhan?","How does the deposition of haze, dust, and particulate matter on the surface of leaves jeopardize the survival of plants?","Ia menyumbat liang stoma, mengurangkan kadar pertukaran gas respirasi, dan menghalang cahaya matahari untuk fotosintesis.","It blocks the stoma hole, reducing the respiratory gas exchange rate, and blocking sunlight for photosynthesis.",Ia merangsang pembelahan sel mesofil palisad secara tidak terkawal.,It uncontrolledly stimulates the palisade mesophyll cell division.,Ia bertindak sebagai pemangkin yang mempercepatkan osmosis air keluar dari akar.,It acts as a catalyst that speeds up the osmosis of water out of the root.,Ia menukarkan warna kloroplas daripada hijau kepada ungu pekat.,It changes the chloroplast color from green to dark purple.,A,"Zarah-zarah halus daripada jerebu, debu, atau habuk boleh terenap pada daun dan menyumbat liang stoma [70]. Ini menghalang pertukaran gas karbon dioksida dan oksigen [70]. Selain itu, lapisan debu menghalang penyerapan cahaya matahari, mengurangkan fotosintesis, dan membantutkan pertumbuhan tumbuhan [70]."
3,A,Bab 3: Pengangkutan (Transportation) - Kuiz Set A,1,Mengapakah organisma unisel seperti Amoeba sp. dan Paramecium sp. tidak memerlukan sistem pengangkutan yang khusus untuk mengangkut bahan keperluan sel dan menyingkirkan bahan kumuh?,Why do unicellular organisms like Amoeba sp. and Paramecium sp. not require a specialized transport system to transport cellular requirements and eliminate waste products?,Organisma unisel mempunyai isi padu badan yang sangat besar berbanding luas permukaannya.,Organisms unicellular have a very large surface area to volume ratio compared to their surface area.,"Nisbah jumlah luas permukaan terhadap isi padu (JSTI/TSA:V) organisma unisel adalah sangat besar, membolehkan resapan ringkas berlaku secara cekap merentasi membran sel.","The surface area to volume ratio (SA:V) of unicellular organisms is very large, allowing for efficient diffusion across the cell membrane.",Organisma unisel hanya hidup di dalam air tawar dan tidak memerlukan pertukaran gas.,Unicellular organisms only live in fresh water and do not require gas exchange.,Kepekatan bahan keperluan sel di dalam persekitaran unisel sentiasa lebih rendah daripada kepekatan di dalam sel.,The concentration of cellular requirements in the surrounding of a unicellular organism is always lower than that within the cell.,B,"Organisma unisel mempunyai nisbah jumlah luas permukaan terhadap isi padu (JSTI) yang sangat besar. Keadaan ini membolehkan bahan keperluan sel (oksigen, nutrien) meresap masuk dan bahan kumuh (karbon dioksida) meresap keluar secara langsung dan cepat melalui membran sel secara resapan ringkas tanpa memerlukan sistem pengangkutan khusus."
3,A,Bab 3: Pengangkutan (Transportation) - Kuiz Set A,2,"Berdasarkan siri evolusi vertebrata, manakah antara berikut menerangkan struktur jantung ikan dan laluan peredaran darahnya secara tepat?","Based on the vertebrate evolutionary series, which of the following accurately describes the heart structure and blood circulatory pathway of a fish?","Jantung terdiri daripada 3 ruang (2 atrium, 1 ventrikel) dengan peredaran darah ganda dua lengkap.","The heart consists of 3 chambers (2 atria, 1 ventricle) with complete double circulation.","Jantung mempunyai 2 ruang (1 atrium, 1 ventrikel) dan mengalami peredaran darah tunggal di mana darah mengalir melalui jantung sekali sahaja dalam satu kitaran lengkap.","The heart has 2 chambers (1 atrium, 1 ventricle) and experiences single circulation where blood flows through the heart only once in a complete circuit.",Jantung mempunyai 4 ruang lengkap dengan sekat (septum) berotot tebal untuk mengelakkan percampuran darah.,The heart has 4 complete chambers with a thick muscular septum to prevent mixing of blood.,"Jantung terdiri daripada 3 ruang (1 atrium, 2 ventrikel) dengan pemisahan darah beroksigen dan terdeoksigen secara separa.","The heart consists of 3 chambers (1 atrium, 2 ventricles) with partial separation of oxygenated and deoxygenated blood.",B,"Ikan mempunyai jantung dua ruang yang terdiri daripada 1 atrium dan 1 ventrikel. Ikan mengamalkan sistem peredaran tunggal di mana darah terdeoksigen mengalir dari jantung ke kapilari insang (untuk dioksigenkan), kemudian terus ke kapilari badan, dan kembali ke jantung."
3,A,Bab 3: Pengangkutan (Transportation) - Kuiz Set A,3,Rajah jantung katak menunjukkan terdapat tiga ruang. Apakah kesan fisiologi utama struktur ini terhadap kecekapan pengangkutan gas beroksigen?,The three-chambered heart diagram of a frog has a specific physiological effect. What is its main effect on the efficiency of oxygenated gas transport?,Memastikan darah beroksigen dan terdeoksigen terpisah sepenuhnya di dalam ventrikel.,Ensuring that oxygenated and deoxygenated blood are completely separated within the ventricles.,Darah beroksigen dari atrium kiri dan darah terdeoksigen dari atrium kanan bercampur secara separa di dalam satu ventrikel tunggal sebelum dipam keluar.,Oxygenated blood from the left atrium and deoxygenated blood from the right atrium mix partially within a single ventricle before being pumped out.,Meningkatkan tekanan darah di dalam kapilari badan secara drastik melebihi mamalia.,Increasing blood pressure in the body capillaries drastically exceeds that of mammals.,Darah terpaksa mengalir melalui kulit terlebih dahulu sebelum boleh memasuki atrium kiri.,Blood is forced to flow through the skin first before entering the left atrium.,B,"Jantung amfibia terdiri daripada 3 ruang (2 atrium, 1 ventrikel). Kehadiran hanya satu ventrikel tunggal menyebabkan darah beroksigen (dari ovari/peparu/kulit) dan darah terdeoksigen (dari tisu badan) bercampur secara separa di dalamnya sebelum dipam keluar ke seluruh badan dan peparu."
3,A,Bab 3: Pengangkutan (Transportation) - Kuiz Set A,4,"Kecuali buaya, kebanyakan reptilia mempunyai jantung tiga ruang dengan septum yang tidak lengkap. Apakah fungsi septum yang tidak lengkap ini jika dibandingkan dengan septum lengkap pada mamalia?","Except for crocodiles, most reptiles have a three-chambered heart with an incomplete septum. What is the role of this incomplete septum compared to the complete septum in mammals?",Septum tidak lengkap membenarkan percampuran darah berlaku secara maksimum bagi mengekalkan suhu badan poikilotermik.,The incomplete septum allows maximum blood mixing to maintain the poikilothermic body temperature.,"Ia berfungsi mengasingkan ruang ventrikel kiri dan kanan secara separa, mengurangkan sedikit tahap percampuran antara darah beroksigen dengan darah terdeoksigen berbanding amfibia.","It functions to separate the left and right ventricular cavities partially, reducing the degree of mixing between oxygenated and deoxygenated blood compared to amphibians.",Ia menghalang darah daripada mengalir ke dalam aorta pulmonari semasa reptilia menyelam di dalam air.,It prevents blood from flowing into the pulmonary aorta during reptiles diving underwater.,Ia menukarkan peredaran ganda dua reptilia menjadi peredaran tunggal yang lebih cekap tenaga.,It transforms the double circulation of reptiles into a more efficient single circulation.,B,Kebanyakan reptilia mempunyai septum yang tidak lengkap di dalam ventrikel mereka (kecuali buaya yang mempunyai septum lengkap). Septum yang tidak lengkap ini mengurangkan tahap percampuran antara darah beroksigen dengan darah terdeoksigen di dalam ventrikel berbanding sistem amfibia.
3,A,Bab 3: Pengangkutan (Transportation) - Kuiz Set A,5,"Apakah kepentingan utama evolusi jantung empat ruang lengkap (2 atrium, 2 ventrikel) dengan septum berotot tebal pada mamalia dan burung?",What is the primary evolutionary importance of a complete four-chambered heart in mammals and birds?,Untuk memastikan darah mengalir dengan sangat perlahan di kapilari darah bagi meningkatkan resapan glukosa.,To ensure blood flows very slowly in the capillaries to enhance glucose absorption.,"Membolehkan darah beroksigen tinggi dipam ke sel-sel badan secara cekap tanpa sebarang percampuran dengan darah terdeoksigen, bagi menyokong kadar metabolisme yang tinggi (homeoterma).","Allowing oxygen-rich blood to be pumped to body cells efficiently without any mixing with deoxygenated blood, to support high metabolic rates (homeothermy).",Untuk mengurangkan tekanan di dalam ventrikel kiri bagi mengelakkan kerosakan alveolus.,To reduce pressure in the left ventricle to prevent alveolus damage.,Membolehkan mamalia menahan nafas di dalam air untuk tempoh beberapa jam.,Enabling mammals to hold their breath underwater for periods of several hours.,B,"Jantung mamalia dan burung mempunyai septum yang lengkap membahagikan jantung kepada bahagian kiri dan kanan secara total. Ini menghalang percampuran darah beroksigen (sebelah kiri) dan terdeoksigen (sebelah kanan), memastikan tisu badan menerima kepekatan oksigen maksimum bagi respirasi sel tinggi."
3,A,Bab 3: Pengangkutan (Transportation) - Kuiz Set A,6,Manakah antara padanan ciri salur darah berikut adalah benar dan tepat?,"Which of the following blood vessel characteristics comparison is accurate?
| Ciri | Arteri (Artery) | Vena (Vein) |
| :--- | :--- | :--- |
| A | Dinding nipis dan kurang berotot | Dinding tebal, berotot dan sangat elastik |
| B | Lumen kecil, tiada injap | Lumen besar, mempunyai injap |
| C | Membawa darah pada tekanan tinggi | Membawa darah pada tekanan rendah, mempunyai injap |
| D | Aliran darah dengan denyutan nadi perlahan | Aliran darah dengan denyutan nadi laju |",Padanan A,Equivalent A,Padanan B,Equivalent B,Padanan C,Equivalent C,Padanan D,Equivalent D,C,"Arteri mempunyai dinding yang tebal, berotot, dan kenyal untuk menahan tekanan darah yang sangat tinggi semasa dipam dari jantung, serta menunjukkan denyutan nadi. Sebaliknya, vena membawa darah pada tekanan rendah kembali ke jantung, mempunyai lumen yang besar, dinding yang nipis, dan dilengkapi dengan injap di sepanjang laluannya untuk menghalang aliran balik darah."
3,A,Bab 3: Pengangkutan (Transportation) - Kuiz Set A,7,Kapilari darah mempunyai struktur dinding yang sangat berbeza berbanding arteri dan vena. Apakah adaptasi struktur kapilari darah bagi memaksimumkan kadar pertukaran gas respirasi?,Capillaries have a very different wall structure compared to adjectives. What is their structural adaptation to maximize the rate of respiratory gas exchange?,Mempunyai lumen yang sangat besar bagi memperlambat aliran darah.,Having very large lumens to slow down blood flow.,"Dinding kapilari adalah sangat nipis, iaitu hanya setebal satu lapisan sel sahaja dan tidak berotot atau kenyal.","Capillary walls are very thin, i.e., only as thick as a single layer of cells and are neither muscular nor elastic.",Membawa darah bertekanan sangat tinggi terus dari aorta.,Carrying blood under very high pressure continuously from the aorta.,Dilengkapi dengan banyak injap sabit bagi mempercepat aliran darah kembali ke jantung.,Equipped with many semilunar valves to speed up the blood flow back to the heart.,B,"Dinding kapilari darah adalah sangat nipis, dibina daripada satu lapisan sel sahaja tanpa tisu otot atau elastik. Struktur ini membenarkan gas respirasi (O2, CO2), nutrien, dan bahan kumuh meresap dengan sangat cepat dan cekap merentasi dinding kapilari ke sel badan."
3,A,Bab 3: Pengangkutan (Transportation) - Kuiz Set A,8,Rajah keratan rentas jantung menunjukkan ventrikel kiri mempunyai dinding berotot yang jauh lebih tebal berbanding ventrikel kanan. Apakah penjelasan fisiologi bagi perbezaan struktur ini?,A cross-section of the human heart shows that the left ventricle has a much thicker muscular wall than the right ventricle. What is the physiological explanation?,Ventrikel kiri perlu mengepam darah terdeoksigen ke peparu pada tekanan yang tinggi.,The left ventricle needs to pump deoxygenated blood to the lungs at high pressure.,Ventrikel kiri mengandungi darah beroksigen yang mempunyai ketumpatan lebih tinggi daripada darah terdeoksigen.,The left ventricle contains oxygenated blood which has a higher density than deoxygenated blood.,Ventrikel kiri perlu menghasilkan daya mengecut yang kuat untuk mengepam darah beroksigen keluar ke seluruh bahagian badan melalui aorta (peredaran sistemik).,The left ventricle needs to produce a strong ejection force to pump oxygenated blood throughout the body via the aorta (systemic circulation).,Ventrikel kiri bertindak sebagai pusat simpanan darah utama jantung semasa fasa diastolik.,The left ventricle acts as the main blood storage center of the heart during the diastolic phase.,C,"fisiologi bagi perbezaan struktur ini?
*A cross-section of the human heart shows that the left ventricle has a much thicker muscular wall than the right ventricle. What is the physiological explanation?*

A. Ventrikel kiri perlu mengepam darah terdeoksigen ke peparu pada tekanan yang tinggi.
B. Ventrikel kiri mengandungi darah beroksigen yang mempunyai ketumpatan lebih tinggi daripada darah terdeoksigen.
C. Ventrikel kiri perlu menghasilkan daya mengecut yang kuat untuk mengepam darah beroksigen keluar ke seluruh bahagian badan melalui aorta (peredaran sistemik).
D. Ventrikel kiri bertindak sebagai pusat simpanan darah utama jantung semasa fasa diastolik.

* Jawapan Betul: C
* Penjelasan: Ventrikel kiri mempunyai dinding berotot yang paling tebal kerana ia bertanggungjawab mengepam darah beroksigen ke seluruh badan (kecuali peparu) merentasi laluan peredaran sistemik yang jauh dan berintangan tinggi. Sebaliknya, ventrikel kanan hanya mengepam darah pada jarak dekat ke peparu via peredaran pulmonari."
3,A,Bab 3: Pengangkutan (Transportation) - Kuiz Set A,9,Apakah fungsi mekanikal spesifik bagi injap trikuspid dan injap bikuspid di dalam jantung manusia?,What is the specific mechanical function of the tricuspid and bicuspid valves in the human heart?,Menolak darah masuk ke dalam aorta secara paksaan.,Forcing blood to enter the aorta.,"Membenarkan darah mengalir satu hala sahaja dari atrium ke ventrikel, dan menghalang darah daripada mengalir balik ke atrium semasa ventrikel mengecut.","Allowing blood to flow in only one direction from the atrium to the ventricle, and preventing blood from flowing back to the atrium during ventricular systole.",Menutup laluan arteri pulmonari semasa fasa pengisian jantung (diastolik).,Closing the pulmonary artery during the cardiac filling phase (diastole).,Mengawal kelajuan denyutan jantung berdasarkan rangsangan saraf kranium.,Controlling the heart rate based on cranial nerve stimulation.,B,"Injap trikuspid (sebelah kanan) dan injap bikuspid (sebelah kiri) membenarkan aliran darah satu hala dari atrium ke ventrikel, serta menutup rapat apabila ventrikel mengecut untuk menghalang darah daripada melonjak balik ke dalam atrium."
3,A,Bab 3: Pengangkutan (Transportation) - Kuiz Set A,10,Di manakah terletaknya injap sabit (semilunar) di dalam sistem peredaran darah manusia dan apakah fungsinya?,Where are the semilunar valves located in the human circulatory system and what is their function?,Terletak di antara vena kava superior dan atrium kanan; mengawal pengaliran darah dari kepala.,Located between the superior vena cava and the right atrium; controls blood flow from the head.,Terletak di pangkal aorta dan pangkal arteri pulmonari; memastikan darah tidak mengalir balik ke dalam ventrikel apabila ventrikel mengendur.,Located at the base of the aorta and the pulmonary artery; ensures that blood does not flow back into the ventricles when they relax.,Terletak di dalam kapilari darah; mengawal resapan oksihemoglobin.,Located within the blood capillaries; controls the diffusion of oxygenated hemoglobin.,Terletak di dalam vena pulmonari; mengawal darah beroksigen dari peparu.,Located within the pulmonary vein; controls oxygenated blood from the lungs.,B,"Injap sabit terletak di pangkal aorta dan pangkal arteri pulmonari. Fungsi injap ini adalah memastikan darah yang telah dipam keluar dari ventrikel terus mengalir ke seluruh badan atau peparu, dan menghalang darah tersebut daripada mengalir patah balik ke dalam ventrikel apabila ventrikel mengalami relaksasi."
3,A,Bab 3: Pengangkutan (Transportation) - Kuiz Set A,11,Laluan peredaran darah manusia terbahagi kepada dua kitaran utama. Manakah antara berikut menerangkan laluan Peredaran Pulmonari secara urutan yang betul?,The human circulatory pathway is divided into two main loops. Which of the following describes the Pulmonary Circulation pathway in the correct sequence?,Atrium Kiri -> Ventrikel Kiri -> Aorta -> Sel Badan -> Vena Kava -> Atrium Kanan,Left Atrium -> Left Ventricle -> Aorta -> Body Cell -> Superior Vena Cava -> Right Atrium,Ventrikel Kanan -> Arteri Pulmonari -> Peparu -> Vena Pulmonari -> Atrium Kiri,Right Ventricle -> Pulmonary Artery -> Lungs -> Pulmonary Vein -> Left Atrium,Atrium Kanan -> Ventrikel Kanan -> Aorta -> Peparu -> Vena Pulmonari -> Atrium Kiri,Right Atrium -> Right Ventricle -> Aorta -> Lungs -> Pulmonary Vein -> Left Atrium,Ventrikel Kiri -> Vena Pulmonari -> Peparu -> Arteri Pulmonari -> Atrium Kanan,Left Ventricle -> Pulmonary Vein -> Lungs -> Pulmonary Artery -> Right Atrium,B,Peredaran pulmonari bermula apabila ventrikel kanan mengecut mengepam darah terdeoksigen melalui arteri pulmonari ke peparu (untuk pertukaran gas). Darah yang kini kaya dengan oksigen kembali dari peparu ke atrium kiri jantung melalui vena pulmonari.
3,A,Bab 3: Pengangkutan (Transportation) - Kuiz Set A,12,"Semasa mengukur tekanan darah menggunakan sfigmomanometer, bacaan klinikal yang biasa ditulis ialah 120/75 mmHg. Apakah maksud fisiologi bacaan tekanan sistolik (120 mmHg) dan tekanan diastolik (75 mmHg)?","During blood pressure measurement using a sphygmomanometer, a typical reading is 120/75 mmHg. What is the physiological meaning of systolic and diastolic readings?","Sistolik ialah tekanan semasa atrium mengecut, manakala diastolik ialah tekanan semasa ventrikel mengecut.","Systolic is the pressure during atrial contraction, while diastolic is the pressure during ventricular contraction.","Sistolik ialah tekanan darah maksimum di dalam arteri semasa ventrikel jantung mengecut, manakala diastolik ialah tekanan minimum semasa ventrikel mengendur untuk mengisi darah.","Systolic is the maximum blood pressure in the arteries during ventricular contraction of the heart, while diastolic is the minimum pressure during ventricular relaxation to fill with blood.","Sistolik ialah tekanan darah di dalam vena kava, manakala diastolik ialah tekanan darah di dalam aorta.","Systolic is the blood pressure in the superior vena cava, while diastolic is the blood pressure in the aorta.","Sistolik mengukur kadar denyutan nadi seminit, manakala diastolik mengukur isi padu strok jantung.","Systolic measures the heart rate per minute, while diastolic measures the stroke volume of the heart.",B,Tekanan sistolik mengukur tekanan darah yang mengalir merintangi arteri apabila otot ventrikel mengecut memampatkan darah keluar dari jantung. Tekanan diastolik pula mengukur tekanan minimum di dalam arteri apabila ventrikel mengendur (relaks) untuk menerima pengisian darah dari atrium.
3,A,Bab 3: Pengangkutan (Transportation) - Kuiz Set A,13,Kadar denyutan nadi seseorang dipengaruhi oleh pelbagai faktor dalam kehidupan harian. Manakah antara perbandingan berikut adalah tepat berdasarkan konsep fisiologi yang dipelajari?,Pulse rate is influenced by various factors. Which of the following comparisons is physiologically accurate?,Kanak-kanak mempunyai kadar denyutan nadi yang lebih rendah daripada warga emas kerana saiz jantung mereka lebih besar.,Children have a lower heart rate than the elderly because their hearts are larger in size.,"Perempuan dewasa mempunyai kadar denyutan nadi yang lebih tinggi daripada lelaki dewasa kerana saiz jantung perempuan adalah lebih kecil, memerlukan denyutan lebih kerap untuk mengepam isi padu darah yang sama.","Adult women have a higher heart rate than adult men because women's hearts are smaller in size, requiring more frequent heartbeats to pump the same volume of blood.","Semasa melakukan aktiviti fizikal cergas, kadar denyutan nadi berkurang kerana sel otot tidak memerlukan oksigen tambahan.","During vigorous physical activity, the heart rate decreases because the muscle cells do not require additional oxygen.",Individu yang tidak sihat mempunyai kadar denyutan nadi yang lebih rendah secara konsisten berbanding atlet terlatih semasa berehat.,Unhealthy individuals have a consistently lower resting heart rate compared to trained athletes.,B,"Kadar denyutan nadi dipengaruhi oleh jantina, umur, tahap kesihatan, dan jenis aktiviti fizikal. Wanita dewasa mempunyai kadar nadi purata yang lebih tinggi (78-82 bpm) berbanding lelaki dewasa (70-72 bpm) disebabkan saiz jantung wanita yang secara relatifnya lebih kecil, memerlukan denyutan lebih cepat untuk mengalirkan kuantiti darah yang mencukupi."
3,A,Bab 3: Pengangkutan (Transportation) - Kuiz Set A,14,"Apabila satu sampel darah manusia diasingkan menggunakan kaedah emparan (centrifugation) berkelajuan tinggi di dalam makmal hematologi, apakah taburan komponen darah yang akan terbentuk?","When a human blood sample is separated using high-speed centrifugation in a hematology lab, what is the resulting distribution of blood components?","100% sel darah merah mendap di bawah, manakala semua plasma meruap keluar.","100% of red blood cells remain inside, while all plasma has drained out.","Plasma darah (cecair kuning) terapung di bahagian atas merangkumi kira-kira 55%, manakala sel darah (sel darah merah, sel darah putih, platlet) mendap di bawah membentuk 45%.","Plasma blood (yellow liquid) floats on the top and makes up about 55%, while blood cells (red blood cells, white blood cells, platelets) remain inside forming 45%.",Platlet membentuk 90% komponen di bahagian atas kerana saiznya yang paling kecil.,Platelets form 90% of the components on top due to their smallest size.,Cecair plasma merah pekat di bahagian atas dan cecair lut sinar di bahagian bawah.,Dark red liquid plasma is on the top and pale yellow liquid lymph is on the bottom.,B,"Melalui kaedah emparan (centrifugation), komponen darah manusia terasing berdasarkan ketumpatan kepada dua bahagian utama: cecair kuning straw di bahagian atas iaitu plasma darah (55%) dan mendapan sel darah di bahagian bawah yang terdiri daripada sel darah merah, sel darah putih, dan platlet (45%)."
3,A,Bab 3: Pengangkutan (Transportation) - Kuiz Set A,15,Manakah antara ciri struktur sel darah merah berikut membolehkannya mengangkut oksigen dengan sangat cekap ke seluruh sel badan?,Which structural characteristics of red blood cells enable them to transport oxygen highly efficiently to body cells?,Mempunyai bentuk sfera berbulu dan nukleus yang sangat besar untuk membahagi secara mitosis di dalam kapilari.,Having a furry spherical shape and a very large nucleus for mitosis within capillaries.,"Berbentuk cakera dwicekung tanpa nukleus pada peringkat matang, menyediakan luas permukaan yang besar untuk resapan oksigen serta mengandungi pigmen hemoglobin.","Forming a double-curved disc without a nucleus at maturity, providing a large surface area for oxygen absorption and containing hemoglobin pigment.",Mempunyai ekor flagelum panjang untuk berenang melawan arus tekanan arteri.,Possessing a long flagellum for swimming against arterial pressure.,Boleh berubah bentuk secara amoeboid untuk menembusi dinding kapilari darah keluar ke ruang tisu.,Can change its shape to an amoeboid form to penetrate the blood vessel wall and enter the tissue space.,B,"Sel darah merah (eritrosit) tidak mempunyai nukleus apabila matang untuk menyediakan lebih banyak ruang bagi pigmen hemoglobin mengikat oksigen. Bentuk cakera dwicekungnya meningkatkan nisbah luas permukaan terhadap isi padu, memaksimumkan kadar resapan oksigen."
3,A,Bab 3: Pengangkutan (Transportation) - Kuiz Set A,16,Padankan fungsi sel darah putih (leukosit) dan platlet (platelet) di dalam mengekalkan kemandirian badan secara tepat.,Match the accurate functions of white blood cells (leukocytes) and platelets (platelets) in maintaining homeostasis.,Pilihan A,Option A,Pilihan B,Option B,Pilihan C,Option C,Pilihan D,Option D,B,Sel darah putih (leukosit) berfungsi melindungi badan daripada jangkitan penyakit dengan memusnahkan bakteria/virus secara fagositosis atau merembeskan antibodi spesifik. Platlet pula merupakan serpihan sel yang bertanggungjawab mencetuskan pembekuan darah pada salur darah yang tercedera bagi menghentikan pendarahan dan menghalang kemasukan kuman.
3,A,Bab 3: Pengangkutan (Transportation) - Kuiz Set A,17,"Seseorang individu dikategorikan mempunyai kumpulan darah AB. Apakah jenis antigen yang terdapat pada permukaan sel darah merahnya, dan jenis antibodi yang terkandung di dalam plasma darahnya?","An individual has blood group AB. What antigens are present on their red blood cells, and what antibodies are in their blood plasma?",Mempunyai Antigen A; mempunyai Antibodi Anti-B di dalam plasma.,Has Antigen A; has Anti-B antibodies in the plasma.,Mempunyai Antigen B; mempunyai Antibodi Anti-A di dalam plasma.,Has Antigen B; has Anti-A antibodies in the plasma.,Mempunyai kedua-dua Antigen A dan Antigen B; tidak mempunyai sebarang Antibodi Anti-A atau Anti-B di dalam plasma.,Has both Antigen A and Antigen B; has neither Anti-A nor Anti-B antibodies in the plasma.,Tidak mempunyai sebarang antigen; mempunyai kedua-dua Antibodi Anti-A dan Anti-B di dalam plasma.,Does not have any antigen; has both Anti-A and Anti-B antibodies in the plasma.,C,"Kumpulan darah AB dicirikan oleh kehadiran kedua-dua Antigen A dan Antigen B pada permukaan sel darah merah mereka. Oleh sebab itu, plasma darah mereka tidak mengandungi sebarang antibodi Anti-A atau Anti-B (jika ada, ia akan menyerang sel darah merah sendiri)."
3,A,Bab 3: Pengangkutan (Transportation) - Kuiz Set A,18,Apakah yang akan berlaku jika seorang pesakit yang mempunyai kumpulan darah A menerima pemindahan darah secara tidak serasi daripada penderma kumpulan darah B?,What will happen if a patient with blood group A receives incompatible blood transfusion from a donor with blood group B?,Sel darah merah penderma akan membahagi secara cepat menghasilkan antigen baru.,The donated red blood cells will rapidly divide to produce new antigens.,"Antibodi Anti-B di dalam plasma penerima akan menyerang Antigen B pada sel darah merah penderma, menyebabkan penggumpalan darah (agglutination) yang boleh membawa maut.","Antibodies Anti-B in the recipient's plasma will attack the Antigen B on the donated red blood cells, causing blood clotting (agglutination) which can be fatal.",Darah penderma akan cair secara automatik disebabkan suhu badan penerima yang tinggi.,The donated blood will automatically dilute due to the recipient's high body temperature.,Sel-sel darah putih penerima akan menukarkan kumpulan darah B penderma menjadi kumpulan darah O.,The recipient's white blood cells will change the donated B blood group to O blood group.,B,"Individu kumpulan darah A mempunyai antibodi Anti-B dalam plasma mereka. Sekiranya mereka menerima darah dari penderma kumpulan B (yang sel darah merahnya membawa Antigen B), antibodi Anti-B penerima akan bertindak balas secara kimia menyerang Antigen B penderma. Ini mengakibatkan penggumpalan darah (agglutination) yang boleh menyumbat kapilari darah dan membawa maut."
3,A,Bab 3: Pengangkutan (Transportation) - Kuiz Set A,19,Mengapakah individu dengan kumpulan darah O diiktiraf sebagai penderma universal?,Why are individuals with blood group O recognized as universal donors?,"Kerana sel darah merah mereka tidak mengandungi Antigen A atau Antigen B pada permukaannya, menyebabkan ia tidak akan diserang oleh antibodi di dalam plasma penerima mana-mana kumpulan darah lain.","Because their red blood cells do not contain Antigen A or Antigen B on their surface, this causes them not to be attacked by antibodies in the recipient's plasma from any other blood group.",Kerana plasma darah mereka tidak mempunyai sebarang antibodi Anti-A atau Anti-B.,Because their blood plasma does not contain any Anti-A or Anti-B antibodies.,Kerana darah mereka mengandungi kepekatan hemoglobin yang paling tinggi berbanding kumpulan lain.,Because their blood contains the highest concentration of hemoglobin compared to other groups.,Kerana mereka boleh menerima semua jenis kumpulan darah lain tanpa had.,Because they can receive all other blood types without restriction.,A,"Kumpulan darah O tidak mempunyai Antigen A mahupun Antigen B pada permukaan eritrositnya. Kesannya, apabila sel darah merah kumpulan O dimasukkan ke dalam tubuh penerima lain (A, B, mahupun AB), antibodi penerima tidak mempunyai sasaran antigen untuk diserang, menghalang berlakunya penggumpalan darah."
3,A,Bab 3: Pengangkutan (Transportation) - Kuiz Set A,20,Transpirasi ialah suatu proses fizikal yang sangat penting kepada tumbuhan. Manakah antara berikut menerangkan takrifan transpirasi secara tepat?,Transpiration is an essential physical process in plants. Which of the following accurately defines transpiration?,Proses pengangkutan glukosa dari daun ke seluruh bahagian tumbuhan melalui berkas vaskular floem.,The process of glucose transport from the leaves to the rest of the plant through the vascular phloem tissues.,Proses kehilangan air daripada tumbuhan dalam bentuk wap air ke atmosfera melalui resapan secara penyejatan dari liang stoma daun.,The process of water loss from the plant in the form of water vapor through transpiration from the stomata of the leaf.,Proses penyerapan air dan garam mineral terlarut secara osmosis aktif melalui rambut akar.,The process of water and dissolved mineral salts absorption through active osmosis via the root hairs.,Proses pembubaran gas karbon dioksida di permukaan sel mesofil berspan yang lembap.,The process of carbon dioxide dissolution on the surface of wet mesophyll cells.,B,Transpirasi ditakrifkan sebagai satu proses di mana tumbuhan kehilangan air dalam bentuk wap air (water vapour) melalui penyejatan dari liang-liang stoma yang terdapat pada permukaan daun ke atmosfera luar.
3,A,Bab 3: Pengangkutan (Transportation) - Kuiz Set A,21,Tumbuhan juga boleh kehilangan air melalui proses Gutasi (Pelembaban). Apakah perbezaan utama antara transpirasi dengan gutasi dari segi struktur fizikal tumbuhan yang terlibat?,Plants can also lose water via Guttation. What is the primary difference between transpiration and guttation in terms of the physical plant structures involved?,"Transpirasi melepaskan wap air melalui stoma, manakala gutasi melepaskan air dalam bentuk cecair (titisan air) melalui struktur khas yang dikenali sebagai hidatod di pinggir daun.","Transpiration releases water vapour through stomata, while gutation releases water in the form of droplets through a special structure known as hydathodes on the leaf margins.","Transpirasi berlaku melalui akar udara, manakala gutasi berlaku melalui lentisel batang.","Transpiration occurs through aerial roots, while gutation occurs through lenticels in the stem.","Transpirasi berlaku hanya pada waktu malam, manakala gutasi berlaku pada waktu siang yang terik.","Transpiration only occurs at night, while gutation occurs during the hot daytime.","Gutasi menggunakan sel mesofil berspan untuk menukarkan air menjadi glukosa, manakala transpirasi membebaskannya.","Gutation uses mesophyll cells to convert water into glucose, while transpiration releases it.",A,"Perbezaan nyata antara transpirasi dan gutasi (pelembaban) adalah: Transpirasi membebaskan air dalam bentuk wap air melalui stoma daun. Sebaliknya, gutasi membebaskan air dalam bentuk cecair (titisan air) melalui struktur liang khas di pinggir daun yang disebut hidatod (hydathodes), terutamanya pada waktu malam atau awal pagi dengan kelembapan udara yang tinggi."
3,A,Bab 3: Pengangkutan (Transportation) - Kuiz Set A,22,"Kadar transpirasi dipengaruhi oleh empat faktor persekitaran. Antara kombinasi keadaan persekitaran berikut, yang manakah akan menghasilkan kadar transpirasi yang paling tinggi?",The rate of transpiration is influenced by four environmental factors. Which of the following combinations will produce the highest rate of transpiration?,"Keamatan cahaya rendah, kelembapan tinggi, suhu rendah, udara tenang.","Low light intensity, high humidity, low temperature, calm air.","Keamatan cahaya tinggi, kelembapan rendah, suhu tinggi, angin laju.","High light intensity, low humidity, high temperature, strong wind.","Keamatan cahaya tinggi, kelembapan tinggi, suhu rendah, udara tenang.","High light intensity, high humidity, low temperature, calm air.","Keamatan cahaya rendah, kelembapan rendah, suhu tinggi, udara tenang.","Low light intensity, low humidity, high temperature, calm air.",B,"Kadar transpirasi meningkat apabila: (1) Keamatan cahaya tinggi (stoma terbuka luas), (2) Kelembapan relatif udara adalah rendah (atmosfera kering meningkatkan kecerunan resapan wap air), (3) Suhu tinggi (meningkatkan tenaga kinetik molekul air untuk menyejat), and (4) Pergerakan udara laju/angin (menyapu keluar wap air di sekeliling stoma)."
3,A,Bab 3: Pengangkutan (Transportation) - Kuiz Set A,23,"Di dalam sistem pengangkutan tumbuhan, apakah fungsi khusus tisu Xilem?","In the plant transport system, what is the specific function of the Xylem tissue?",Mengangkut sukrosa (hasil fotosintesis) dari daun ke seluruh bahagian tumbuhan seperti batang dan akar.,Transporting sucrose (from photosynthesis) from the leaves to other parts of the plant such as the stem and roots.,Mengangkut air dan garam mineral terlarut yang diserap oleh akar naik ke daun melalui batang bagi menjalankan fotosintesis serta memberi sokongan mekanikal.,Transporting water and dissolved mineral salts absorbed by the roots upwards to the leaves through the stem for photosynthesis and mechanical support.,Mengawal proses pembukaan dan penutupan liang stoma melalui osmosis.,Controlling the opening and closing of stomata through osmosis.,Menghasilkan sel-sel epidermis baru untuk mengurangkan kehilangan air melalui kutikel.,Producing new epidermal cells to reduce water loss through the cuticle.,B,Xilem ialah saluran berongga berkayu (mengandungi lignin) yang berfungsi mengangkut air dan garam mineral terlarut secara sehala dari akar naik ke atas (batang dan daun) serta memberikan sokongan struktur mekanikal kepada tumbuhan.
3,A,Bab 3: Pengangkutan (Transportation) - Kuiz Set A,24,"Apakah peranan utama tisu Floem di dalam berkas vaskular daun, batang, dan akar tumbuhan?","What is the primary role of the Phloem tissue in the vascular bundles of plant leaves, stems, and roots?",Menyerap oksigen dari luar untuk kegunaan respirasi sel akar pada waktu siang.,Absorbing oxygen from the external environment for root cell respiration during the day.,"Mengangkut sukrosa (makanan yang dihasilkan semasa fotosintesis di daun) ke bahagian lain tumbuhan seperti batang, akar, buah, dan pucuk yang sedang tumbuh (translokasi).","Translocating sucrose (food produced during photosynthesis in the leaves) to other parts of the plant such as the stem, roots, fruits, and growing shoots.",Mengalirkan air bertolak dari kawasan berkepekatan tinggi secara kapilari songsang.,Transpiring water from areas of high concentration via capillary reverse flow.,Melindungi sel mesofil berspan daripada terdedah kepada keamatan cahaya matahari melampau.,Protecting mesophyll cells from excessive sunlight exposure by forming a protective layer.,B,"Floem ialah sepasang salur hidup yang bertanggungjawab mengalirkan bahan organik terlarut seperti sukrosa (hasil fotosintesis) dari organ pengeluar (daun) ke seluruh bahagian tumbuhan (akar, batang, tisu simpanan) melalui proses yang dikenali sebagai translokasi."
3,A,Bab 3: Pengangkutan (Transportation) - Kuiz Set A,25,"Dalam eksperimen menyahsihkan satu gelang kulit luar batang kayu pokok bunga raya (Aktiviti 3.9), bahagian tisu floem telah dibuang manakala xilem dibiarkan utuh di bahagian dalam. Apakah pemerhatian yang akan direkodkan selepas tempoh sebulan?","In a bark ringing experiment, the phloem ring is removed while the xylem is left intact. What observation will be recorded after one month?",Pokok layu dan mati serta-merta kerana air gagal diangkut naik ke daun dari akar.,The leaves wilt and die immediately due to the failure to transport water from the roots to the leaves.,"Bahagian batang di atas gelang yang dibuang menjadi bengkak kerana pengangkutan sukrosa terhalang di situ, manakala bahagian bawah mengecut.","The upper part of the stem above the node swells due to the obstruction in the transport of sucrose, while the lower part becomes flaccid.",Bahagian batang di bawah gelang menjadi bengkak kerana air bertumpu di situ secara graviti.,The upper part of the stem below the node swells due to water accumulation there due to gravity.,Tiada sebarang perubahan fizikal dikesan pada mana-mana bahagian pokok bunga raya tersebut.,No physical changes are observed in any part of the Rafflesia plant stem.,B,"Memandangkan kulit pokok di mana tisu floem berada telah dibuang, sukrosa yang dihasilkan oleh fotosintesis di daun tidak dapat diangkut turun ke akar melintasi kawasan gelang tersebut. Hal ini menyebabkan pengumpulan sukrosa berlaku di bahagian atas gelang, menyebabkan tisu bahagian atas membengkak. Akar akan kehabisan makanan secara perlahan-lahan."
3,B,Bab 3: Pengangkutan (Transportation) - Kuiz Set B,1,"Antara organisma berikut, yang manakah tidak memerlukan suatu sistem pengangkutan yang khusus untuk mengangkut bahan keperluan sel dan menyingkirkan bahan kumuh?",Which of the following organisms does not require a specialized transport system to transport essential substances and eliminate waste products?,Amoeba sp.,Amoeba sp.,Pleurococcus sp.,Pleurococcus sp.,Mucor sp.,Mucor sp.,Semua di atas,All of the above,D,"Organisma ringkas uniselular seperti *Amoeba sp.* dan tumbuhan ringkas seperti *Pleurococcus sp.* serta kulat ringkas seperti *Mucor sp.* mempunyai nisbah luas permukaan terhadap isi padu (JSTI/TSA:V) yang sangat besar. Disebabkan ini, proses resapan ringkas merentasi membran sel sudah mencukupi untuk memenuhi keperluan metabolik sel tanpa memerlukan sistem pengangkutan vaskular yang kompleks."
3,B,Bab 3: Pengangkutan (Transportation) - Kuiz Set B,2,Mengapakah organisma multiselular kompleks seperti manusia dan pokok bunga raya memerlukan sistem pengangkutan yang khusus?,Why do complex multicellular organisms like humans and hibiscus plants require a specialized transport system?,JSTI mereka adalah terlalu besar menyebabkan kehilangan air yang tinggi.,"Just that they are too large, causing high water loss.",Kebanyakan sel terletak terlalu jauh dari persekitaran luar untuk resapan langsung yang cekap.,Most cells are located too far from the external environment for efficient direct absorption.,Sel-sel mereka tidak mempunyai selaput telap memilih.,Their cells do not have a selective permeable membrane.,Untuk membolehkan respirasi sel berlaku tanpa memerlukan oksigen.,To allow cellular respiration to occur without requiring oxygen.,B,"Organisma multiselular mempunyai saiz badan yang besar, yang menyebabkan nisbah luas permukaan terhadap isi padu (JSTI) mereka menjadi sangat kecil. Akibatnya, jarak resapan dari persekitaran luar ke sel-sel dalaman adalah terlalu jauh. Resapan ringkas tidak cukup pantas untuk membekalkan oksigen/nutrien dan menyingkirkan bahan kumuh bertoksik, maka sistem pengangkutan khusus diperlukan untuk kemandirian sel."
3,B,Bab 3: Pengangkutan (Transportation) - Kuiz Set B,3,"Rajah di bawah menunjukkan sistem peredaran darah bagi seekor haiwan vertebrata:
$$\text{Sinus Venosus} \rightarrow \text{Atrium} \rightarrow \text{Ventrikel} \rightarrow \text{Arteri} \rightarrow \text{Kapilari Insang} \rightarrow \text{Aorta Dorsal} \rightarrow \text{Sistem Tisu} \rightarrow \text{Vena}$$
Haiwan manakah yang dikaitkan dengan litar peredaran di atas?",The diagram above shows the circulatory system of a vertebrate. Which animal is associated with this circulatory circuit?,Katak,Rana temporaria,Ikan Bawal,Pampus argenteus,Cicak,Hemidactylus frenatus,Burung Pipit,Passer montanus,B,Sistem di atas menunjukkan sistem peredaran darah tunggal (*single circulatory system*) di mana darah mengalir menerusi jantung hanya sekali dalam satu peredaran lengkap. Jantung ikan hanya mempunyai 2 ruang (1 atrium dan 1 ventrikel). Darah terdeoksigen dari tisu dipam ke insang untuk pertukaran gas sebelum terus mengalir ke sel-sel badan lain tanpa kembali ke jantung terlebih dahulu.
3,B,Bab 3: Pengangkutan (Transportation) - Kuiz Set B,4,Amfibia mempunyai jantung dengan tiga ruang (dua atrium dan satu ventrikel). Apakah kelemahan fisiologi utama bagi struktur jantung sebegini berbanding mamalia?,Amphibians have a three-chambered heart (two atria and one ventricle). What is the main physiological disadvantage of this heart structure compared to mammals?,Darah mengalir pada tekanan yang sangat rendah dalam aorta.,Blood flows at very low pressure in the aorta.,Darah beroksigen dan darah terdeoksigen bercampur sedikit di dalam ventrikel tunggal.,Oxygenated and deoxygenated blood mix slightly in the atrioventricular chamber.,Atrium kanan tidak menerima darah daripada sistemik badan.,The right atrium does not receive blood from the systemic body.,Jantung tidak mampu mengecut secara automatik tanpa isyarat otak.,The heart cannot contract automatically without a brain signal.,B,"Di dalam ventrikel tunggal jantung amfibia, darah beroksigen yang kembali dari peparu/kulit (menerusi atrium kiri) bercampur sedikit dengan darah terdeoksigen yang kembali dari tisu badan (menerusi atrium kanan). Campuran darah ini mengurangkan kecekapan penghantaran oksigen ke sel-sel badan berbanding mamalia yang mempunyai septum lengkap bagi memisahkan sepenuhnya kedua-dua jenis darah."
3,B,Bab 3: Pengangkutan (Transportation) - Kuiz Set B,5,Dinding otot ventrikel kiri jantung manusia adalah jauh lebih tebal daripada dinding otot ventrikel kanan. Apakah kepentingan fungsi ciri anatomi ini?,The muscular wall of the left ventricle of the human heart is much thicker than that of the right ventricle. What is the functional significance of this anatomical feature?,Untuk membolehkan baki darah terdeoksigen ditapis sebelum ke aorta.,To allow deoxygenated blood to be filtered before reaching the aorta.,Untuk menahan tekanan darah tinggi yang kembali dari vena pulmonari.,To prevent high blood pressure from the pulmonary veins from returning.,Untuk menghasilkan daya kecutan yang cukup kuat bagi mengepam darah ke seluruh badan.,To generate sufficient systolic pressure to pump blood throughout the body.,Untuk melambatkan penutupan injap bikuspid semasa sistolik berlaku.,To delay the closure of the mitral valve during systole.,C,"Ventrikel kanan hanya mengepam darah ke peparu (jarak dekat, rintangan rendah) melalui arteri pulmonari, manakala ventrikel kiri perlu mengepam darah beroksigen keluar menerusi aorta ke seluruh sistemik badan (jarak jauh, rintangan tinggi). Oleh itu, ventrikel kiri memerlukan miokardium yang lebih tebal untuk menjana tekanan hidrostatik tinggi bagi mengatasi rintangan sistemik."
3,B,Bab 3: Pengangkutan (Transportation) - Kuiz Set B,6,"Antara laluan berikut, yang manakah menunjukkan aliran darah terdeoksigen yang betul di dalam jantung manusia?",Which of the following pathways shows the correct flow of deoxygenated blood within the human heart?,Vena pulmonari $\rightarrow$ Atrium kiri $\rightarrow$ Injap bikuspid $\rightarrow$ Ventrikel kiri,Pulmonary vein $\rightarrow$ Left atrium $\rightarrow$ Left mitral valve $\rightarrow$ Left ventricle,Vena kava $\rightarrow$ Atrium kanan $\rightarrow$ Injap trikuspid $\rightarrow$ Ventrikel kanan,Superior vena cava $\rightarrow$ Right atrium $\rightarrow$ Right tricuspid valve $\rightarrow$ Right ventricle,Aorta $\rightarrow$ Atrium kanan $\rightarrow$ Injap sabit $\rightarrow$ Ventrikel kanan,Aorta $\rightarrow$ Right atrium $\rightarrow$ Right atrioventricular valve (or tricuspid valve) $\rightarrow$ Right ventricle,Vena kava $\rightarrow$ Atrium kiri $\rightarrow$ Injap trikuspid $\rightarrow$ Ventrikel kanan,Superior vena cava $\rightarrow$ Left atrium $\rightarrow$ Left tricuspid valve $\rightarrow$ Right ventricle,B,"Darah terdeoksigen dari seluruh tisu badan mengalir melalui vena kava superior dan inferior ke dalam atrium kanan. Apabila atrium kanan mengecut, darah ditolak merentasi injap trikuspid masuk ke dalam ventrikel kanan. Dari situ, darah dipam merentasi injap sabit ke dalam arteri pulmonari menuju ke peparu untuk menjalani pengoksigenan."
3,B,Bab 3: Pengangkutan (Transportation) - Kuiz Set B,7,Apakah fungsi utama injap bikuspid dan injap trikuspid di dalam jantung?,What is the primary function of the bicuspid and tricuspid valves in the heart?,Menghalang darah beroksigen daripada bercampur dengan darah terdeoksigen di kawasan septum.,Preventing oxygenated blood from mixing with deoxygenated blood in the septum area.,Mengawal isi padu stroke volume yang keluar dari ventrikel ke dalam arteri pulmonari.,Controlling the volume of stroke that exits from the ventricle into the pulmonary artery.,Memastikan darah mengalir dalam satu arah sahaja dari atrium ke ventrikel dan menghalang aliran balik semasa ventrikel mengecut.,Ensuring blood flows in only one direction from the atrium to the ventricle and preventing backward flow during ventricular contraction.,Memisahkan aliran darah arteri koronari daripada darah pengalir utama.,Separating the coronary artery blood flow from the main blood flow.,C,"Injap atrioventrikel (bikuspid di sebelah kiri, trikuspid di sebelah kanan) berfungsi memastikan aliran darah sehala dari atrium ke ventrikel. Semasa sistol ventrikel (ventrikel mengecut untuk memompa darah ke aorta/arteri pulmonari), injap-injap ini akan tertutup rapat secara automatik untuk menghalang darah daripada melonjak patah balik ke dalam atrium."
3,B,Bab 3: Pengangkutan (Transportation) - Kuiz Set B,8,"Seorang pelajar mendapati salur darah $X$ mempunyai ciri-ciri berikut:
- Dinding yang nipis tetapi berotot dan elastik
- Mempunyai lumen yang besar
- Mempunyai injap di sepanjang salurnya
Apakah salur darah $X$ dan jenis darah yang lazimnya dibawa oleh salur darah ini?","A student observed that blood vessel $X$ has the following characteristics:
- Thin but muscular and elastic walls
- Has a large lumen
- Contains valves along its vessel
What is blood vessel $X$ and the type of blood it typically carries?",Arteri; darah beroksigen,Artery; oxygenated blood,Vena; darah terdeoksigen,Vein; deoxygenated blood,Kapilari; darah beroksigen,Capillary; oxygenated blood,Arteri pulmonari; darah terdeoksigen,Pulmonary artery; deoxygenated blood,B,"Salur darah yang mempunyai dinding nipis, lumen besar, dan injap di sepanjang laluannya ialah vena. Injap ini diperlukan kerana tekanan darah dalam vena adalah sangat rendah, dan pergerakan darah kembali ke jantung bergantung pada pengecutan otot rangka di sekeliling vena. Injap menghalang darah daripada mengalir balik ke bawah akibat tarikan graviti. Majoriti vena membawa darah terdeoksigen, kecuali vena pulmonari."
3,B,Bab 3: Pengangkutan (Transportation) - Kuiz Set B,9,"Mengapakah kapilari darah tidak mempunyai sebarang otot bersegmen atau injap, dan hanya terbina daripada satu lapisan sel (endotelium)?","Why do blood capillaries lack any segmented muscle or valves, and are constructed of only a single layer of cells (endothelium)?",Untuk membolehkan kapilari mengecut dengan pantas bagi memacu darah ke vena.,To allow capillaries to function properly to promote blood flow to veins.,Untuk menahan tekanan tinggi darah yang dipam langsung dari aorta.,To prevent high blood pressure from being pumped directly from the aorta.,Untuk merendahkan rintangan geseran bagi meningkatkan kelajuan aliran sel darah merah.,To reduce frictional resistance to increase the velocity of red blood cell flow.,"Untuk menyediakan jarak resapan yang paling minimum bagi memudahkan pertukaran gas, nutrien, dan bahan kumuh antara darah dengan sel tubuh.","To provide the minimum diffusion distance to facilitate the exchange of gases, nutrients, and waste between blood and body cells.",D,"Kapilari darah merupakan tapak berlakunya pertukaran bahan kimia antara sistem peredaran darah dengan sel-sel tisu. Dindingnya yang sangat nipis (setebal satu sel sahaja) membolehkan resapan oksigen, glukosa, asid amino, dan hormon keluar ke cecair interstisial, manakala karbon dioksida dan urea meresap masuk dengan cekap."
3,B,Bab 3: Pengangkutan (Transportation) - Kuiz Set B,10,"Rajah berikut menunjukkan sebahagian daripada litar peredaran darah manusia:
$$\text{Ventrikel Kanan} \rightarrow \text{Arteri Pulmonari} \rightarrow \text{Peparu} \rightarrow \text{Vena Pulmonari} \rightarrow \text{Atrium Kiri}$$
Apakah nama khusus bagi litar peredaran ini?",What is the specific name of this circulatory circuit?,Peredaran Sistemik,Systemic Circulation,Peredaran Portal Hepatik,Hepatic Portal Circulation,Peredaran Pulmonari,Pulmonary Circulation,Peredaran Koronari,Coronary Circulation,C,"Peredaran darah manusia adalah peredaran ganda dua (*double circulation*), yang terdiri daripada peredaran pulmonari dan peredaran sistemik. Peredaran pulmonari ialah aliran darah terdeoksigen yang keluar dari ventrikel kanan ke peparu untuk melepaskan $CO_2$ dan mengikat $O_2$, lalu kembali sebagai darah beroksigen ke atrium kiri melalui vena pulmonari."
3,B,Bab 3: Pengangkutan (Transportation) - Kuiz Set B,11,"Semasa mengukur tekanan darah menggunakan sfigmomanometer, bacaan menunjukkan ""120/80 mm Hg"". Apakah yang diwakili oleh nilai 80 mm Hg tersebut?","When measuring blood pressure using a sphygmomanometer, the reading shows ""120/80 mmHg"". What does the value of 80 mmHg represent?","Tekanan sistolik, iaitu tekanan ketika otot ventrikel jantung mengecut.","Systolic pressure, which is the pressure when the heart ventricle contracts.","Tekanan diastolik, iaitu tekanan ketika otot ventrikel jantung mengendur.","Diastolic pressure, which is the pressure when the heart ventricle relaxes.",Tekanan hidrostatik arteri pulmonari semasa penutupan injap trikuspid.,Pulmonary arterial hydrostatic pressure during tricuspid valve closure.,Kadar denyutan nadi purata seminit semasa rehat.,Average heart rate per minute during rest.,B,"Bacaan tekanan darah terdiri daripada tekanan sistolik (nombor atas - contohnya 120 mm Hg) yang berlaku apabila ventrikel mengecut untuk mengepam darah ke arteri, dan tekanan diastolik (nombor bawah - contohnya 80 mm Hg) yang berlaku apabila ventrikel mengendur dan diisi semula dengan darah dari atrium sebelum pengecutan seterusnya."
3,B,Bab 3: Pengangkutan (Transportation) - Kuiz Set B,12,"Antara individu berikut, yang manakah dijangka mempunyai kadar denyutan nadi rehat yang paling rendah?",Which of the following individuals is expected to have the lowest resting pulse rate?,Seorang wanita hamil berumur 28 tahun.,A 28-year-old pregnant woman.,Seorang bayi baru lahir berumur 2 bulan.,A newborn baby aged 2 months.,Seorang atlet marathon lelaki berumur 25 tahun yang aktif berlatih.,A 25-year-old male marathon athlete who is actively training.,Seorang lelaki berumur 65 tahun yang menghidap hipertensi kronik.,A 65-year-old man with chronic hypertension.,C,"Atlet yang terlatih mempunyai otot jantung (miokardium) yang sangat kuat dan tebal, membolehkan isi padu strok (*stroke volume*) mereka menjadi besar. Ini bermakna jantung mereka boleh mengepam lebih banyak darah dalam satu denyutan tunggal, memenuhi keperluan oksigen badan dengan kadar denyutan nadi rehat yang lebih rendah (bradikardia fisiologi atlet, sering di bawah 60 bpm)."
3,B,Bab 3: Pengangkutan (Transportation) - Kuiz Set B,13,"Apabila sampel darah manusia diasingkan menggunakan kaedah emparan (centrifugation), ia terpisah kepada dua bahagian utama. Apakah komponen yang membentuk bahagian cecair kuning atas (55% daripada isi padu darah)?","When a human blood sample is separated using centrifugation, it splits into two main parts. What component makes up the upper yellow liquid portion (55% of the total blood volume)?",Sel darah merah,Erythrocytes,Platlet dan sel darah putih,Buffy coat,Plasma darah,Blood plasma,Hemoglobin terlarut,Dissolved hemoglobin,C,"Darah terdiri daripada ampaian sel di dalam bendalir. Apabila dienapkan secara emparan, sel darah merah yang padat mendap di bawah (45%), sel darah putih dan platlet membentuk lapisan nipis tengah (*buffy coat* <1%), manakah cecair kuning lut sinar di atas ialah plasma darah (55%) yang mengandungi 90% air dan 10% bahan terlarut seperti nutrien, gas respirasi, protein plasma, enzim, hormon, dan bahan kumuh."
3,B,Bab 3: Pengangkutan (Transportation) - Kuiz Set B,14,"Antara komponen sel darah berikut, yang manakah tidak mempunyai nukleus pada peringkat matang, berbentuk dwicekung, dan mempunyai jangka hayat sekitar 120 hari sahaja?","Which of the following blood cell components lacks a nucleus at maturity, is biconcave-shaped, and has a lifespan of only about 120 days?",Leukosit,White blood cell,Eritrosit,Red blood cell,Platlet,Platelet,Sel stem hematopoietik,Hematopoietic stem cell,B,Sel darah merah (eritrosit) tidak mempunyai nukleus apabila matang bagi membolehkan lebih banyak ruang untuk memuatkan molekul hemoglobin (pigmen pembawa oksigen). Bentuk dwicekung (*biconcave*) meningkatkan nisbah luas permukaan terhadap isi padu untuk resapan gas yang lebih pantas. Eritrosit dihasilkan di sumsum tulang dan dimusnahkan di limpa atau hati selepas ~120 hari.
3,B,Bab 3: Pengangkutan (Transportation) - Kuiz Set B,15,"Seorang pesakit mengalami luka yang besar pada lengannya, tetapi darahnya didapati sukar membeku dan pendarahan berterusan berlaku dalam tempoh yang sangat lama. Kecacatan pada komponen darah yang manakah dikaitkan dengan masalah ini?","A patient has a large cut on his arm, but his blood is found to have difficulty clotting, resulting in prolonged bleeding. A defect in which blood component is associated with this issue?",Sel darah putih,Leukocytes,Sel darah merah,Erythrocytes,Platlet,Platelets,Albumin plasma,Plasma albumin,C,"Platlet (*platelets* atau trombosit) ialah serpihan sel mikro tanpa nukleus yang memainkan peranan kritikal dalam proses hemostasis (pembekuan darah). Apabila salur darah tercedera, platlet akan berkumpul di kawasan luka untuk membentuk palam platlet awal dan membebaskan faktor pembekuan bagi menukarkan fibrinogen larut kepada gentian fibrin tidak larut bagi memerangkap sel darah merah, menutup luka, dan menghentikan pendarahan."
3,B,Bab 3: Pengangkutan (Transportation) - Kuiz Set B,16,Ali mempunyai kumpulan darah A. Apakah jenis antigen yang terdapat pada permukaan sel darah merahnya dan jenis antibodi yang terkandung di dalam plasma darahnya?,Ali has blood group A. What type of antigen is present on the surface of his red blood cells and what type of antibody is contained in his blood plasma?,Antigen A; Antibodi Anti-A,Antigen A; Anti-A Antibody,Antigen B; Antibodi Anti-A,Antigen B; Anti-A Antibody,Antigen A; Antibodi Anti-B,Antigen A; Anti-B Antibody,Tiada Antigen; Antibodi Anti-A dan Anti-B,No Antigen; Anti-A and Anti-B Antibodies,C,"Sistem kumpulan darah ABO ditentukan oleh kehadiran antigen jenis glikoprotein khusus pada permukaan eritrosit. Individu kumpulan darah A mempunyai Antigen A pada eritrositnya. Secara semulajadi, plasma mereka mengandungi antibodi Anti-B (antibodi yang menyerang Antigen B). Jika mereka mempunyai antibodi Anti-A, antibodi tersebut akan memusnahkan sel darah merah mereka sendiri."
3,B,Bab 3: Pengangkutan (Transportation) - Kuiz Set B,17,Apakah yang akan berlaku dari segi fisiologi sekiranya seorang individu berkumpulan darah B menerima pemindahan darah daripada penderma berkumpulan darah A?,What will happen physiologically if an individual with blood group B receives a blood transfusion from a donor with blood group A?,Sel darah merah penderma akan merembeskan toksin untuk membunuh antibodi penerima.,Red blood cells from the donor will seep in toxins to kill the recipient's antibodies.,Antibodi Anti-A dalam plasma penerima akan menyerang dan menggumpalkan sel darah merah penderma yang membawa Antigen A.,Antibodies Anti-A in the recipient's plasma will attack and clump the donor's red blood cells carrying Antigen A.,Sel darah putih penerima akan menjalankan fagositosis terhadap semua protein plasma penderma.,The recipient's white blood cells will perform phagocytosis on all plasma proteins from the donor.,Darah penderma bertukar menjadi berasid secara spontan di dalam saluran kava.,The donor's blood will spontaneously become acidic in the caava duct.,B,"Individu berkumpulan darah B mempunyai antibodi Anti-A dalam plasma darah mereka. Jika sel darah merah berkumpulan A (yang membawa Antigen A) dimasukkan ke dalam badannya, antibodi Anti-A penerima akan mengikat Antigen A penderma. Ini mencetuskan tindak balas antigen-antibodi yang dikenali sebagai penggumpalan darah (agglutination), yang boleh menyumbat kapilari darah, merosakkan buah pinggang, dan boleh membawa maut."
3,B,Bab 3: Pengangkutan (Transportation) - Kuiz Set B,18,Mengapakah kumpulan darah AB dikenali sebagai penerima universal (universal recipient) manakala kumpulan darah O dikenali sebagai penderma universal (universal donor)?,Why is blood group AB known as the universal recipient while blood group O is known as the universal donor?,Kumpulan AB mempunyai antibodi Anti-A dan Anti-B; Kumpulan O tiada antibodi langsung.,Group AB has Anti-A and Anti-B antibodies; Group O does not have any direct antibodies.,Kumpulan AB tiada antigen pada eritrosit; Kumpulan O mempunyai Antigen A dan B.,Group AB does not have any antigens on the red blood cells; Group O has Antigen A and B.,Kumpulan AB tiada antibodi Anti-A atau Anti-B dalam plasma; Kumpulan O tiada sebarang antigen A atau B pada permukaan eritrositnya.,Group AB does not have Anti-A or Anti-B antibodies in the plasma; Group O has no antigen A or B on the surface of its red blood cells.,Kumpulan AB mengandungi kadar platlet yang sangat tinggi; Kumpulan O mengandungi sel darah putih paling agresif.,Group AB contains very high levels of platelets; Group O contains the most aggressive white blood cells.,C,"Individu berkumpulan darah AB tidak mengandungi antibodi Anti-A mahupun Anti-B dalam plasma mereka, maka mereka boleh menerima sel darah merah daripada mana-mana kumpulan darah tanpa risiko penggumpalan. Sebaliknya, kumpulan darah O tidak mempunyai sebarang Antigen A atau Antigen B pada permukaan eritrositnya, jadi eritrosit kumpulan O boleh didermakan kepada sesiapa sahaja tanpa diserang oleh antibodi plasma penerima."
3,B,Bab 3: Pengangkutan (Transportation) - Kuiz Set B,19,"Semasa proses penyimpanan darah penderma di bank darah, bahan kimia natrium sitrat dicampurkan ke dalam beg darah. Apakah fungsi bahan kimia ini?","During the storage of donor blood in blood banks, the chemical sodium citrate is added to the blood bags. What is the function of this chemical?",Untuk memusnahkan sel darah putih penderma bagi mencegah jangkitan kuman.,To destroy the donor's white blood cells to prevent infection.,Bertindak sebagai antikoagulan (mencegah darah daripada membeku semasa penyimpanan).,Acts as an anticoagulant (prevents blood from clotting during storage).,Meningkatkan keupayaan oksihemoglobin untuk mengikat lebih banyak gas nitrogen.,Enhances the ability of oxyhemoglobin to bind more nitrogen gas.,Mengekalkan suhu malar beg darah pada $4\text{ }^\circ\text{C}$ tanpa memerlukan peti sejuk.,Maintains the blood bag at a constant temperature of 4 °C without refrigeration.,B,"Beg darah penderma dicampurkan dengan agen pengkelat kalsium seperti natrium sitrat (*sodium citrate*). Ion kalsium ($Ca^{2+}$) adalah komponen penting dalam lata pembekuan darah. Dengan mengikat kalsium, natrium sitrat menghalang pengaktifan lata pembekuan, memastikan darah kekal dalam keadaan cecair semasa disimpan di dalam peti sejuk bank darah pada suhu $4\text{ }^\circ\text{C}$."
3,B,Bab 3: Pengangkutan (Transportation) - Kuiz Set B,20,Apakah perbezaan utama antara proses Transpirasi dengan proses Gutasi (Pelembaban) dalam tumbuhan?,What is the primary difference between the process of Transpiration and Guttation in plants?,Transpirasi membebaskan air dalam bentuk cecair; Gutasi membebaskan air dalam bentuk wap air.,Transpiration releases water in liquid form; Guttation releases water in the form of dew drops.,Transpirasi berlaku melalui stoma daun; Gutasi berlaku melalui liang khas di tepi daun (hidatod).,Transpiration occurs through leaf stomata; Guttation occurs through special pores on the leaf margins (hydathodes).,Transpirasi berlaku pada waktu malam sahaja; Gutasi hanya berlaku pada waktu siang yang terik.,Transpiration only occurs at night; Guttation only occurs during hot midday.,Transpirasi meningkatkan tekanan akar; Gutasi menurunkan keupayaan air mesofil.,Transpiration increases root pressure; Guttation decreases the ability of mesophyll cells to retain water.,B,"Transpirasi ialah kehilangan air daripada tumbuhan dalam bentuk wap air melalui proses penyejatan terutamanya melalui stoma pada waktu siang. Gutasi pula ialah pengeluaran titisan air (dalam bentuk cecair) melalui liang marginal daun yang dipanggil hidatod, biasanya berlaku pada waktu malam atau awal pagi ketika kelembapan udara sangat tinggi dan tekanan akar adalah kuat."
3,B,Bab 3: Pengangkutan (Transportation) - Kuiz Set B,21,"Antara perubahan faktor persekitaran berikut, yang manakah akan menurunkan kadar transpirasi bagi sepasu tumbuhan keembung?",Which of the following changes in environmental factors will decrease the transpiration rate of a potted balsam plant?,Peningkatan keamatan cahaya matahari dari mendung ke terik.,Increase in solar light intensity from cloudy to sunny.,Peningkatan kelembapan relatif udara persekitaran.,Increase in relative humidity of the surrounding air.,Peningkatan suhu atmosfera persekitaran daripada $25\text{ }^\circ\text{C}$ ke $35\text{ }^\circ\text{C}$.,Increase in atmospheric surrounding temperature from 25°C to 35°C.,Pergerakan udara yang lebih pantas akibat tiupan angin kuat.,More appropriate air movement due to strong wind gusts.,B,"Kelembapan relatif udara yang tinggi bermaksud atmosfera di luar daun kaya dengan wap air. Ini mengecilkan kecerunan kepekatan (gradien) wap air antara ruang udara di dalam daun dengan udara luar, mengurangkan kadar penyejatan air keluar dari stoma, sekali gus menurunkan kadar transpirasi. Faktor lain (A, C, D) kesemuanya meningkatkan kadar transpirasi."
3,B,Bab 3: Pengangkutan (Transportation) - Kuiz Set B,22,"Rajah berikut menunjukkan keratin rentas sebatang daun tumbuhan eudikot:
$$\text{Kutikel} \rightarrow \text{Epidermis atas} \rightarrow \text{Sel Mesofil Palisad} \rightarrow \text{Berkas Vaskular (X dan Y)} \rightarrow \text{Epidermis bawah}$$
Diberi $X$ terletak di bahagian atas berkas vaskular (menghadap epidermis atas) manakala $Y$ di bahagian bawah (menghadap epidermis bawah). Apakah struktur $X$ dan $Y$ serta fungsinya?","The diagram shows the transverse section of a plant leaf epidermis:
$$\text{Cuticle} \rightarrow \text{Upper epidermis} \rightarrow \text{Palisade mesophyll cells} \rightarrow \text{Vascular bundle (X and Y)} \rightarrow \text{Lower epidermis}$$
Given that $X$ is located in the upper part of the vascular bundle (facing the upper epidermis) while $Y$ is in the lower part (facing the lower epidermis). What are the structures of $X$ and $Y$ and their functions?",$X$ ialah Floem (translocasi sukrosa); $Y$ ialah Xilem,mengangkut air,$X$ ialah Xilem (mengangkut air); $Y$ ialah Floem,translocasi sukrosa,$X$ ialah Parenkima (sokongan mekanikal); $Y$ ialah Kolenkima,fotosintesis,$X$ ialah Xilem (fotosintesis); $Y$ ialah Floem,respirasi sel,B,"Di dalam berkas vaskular daun, Xilem terletak di bahagian atas (menghadap ke arah permukaan atas daun untuk menyalurkan air dan garam mineral yang diserap dari akar ke sel mesofil fotosintetik). Floem terletak di bahagian bawah berkas vaskular untuk mengangkut hasil fotosintesis (sucrose) dari daun ke bahagian tumbuhan yang lain (akar, pucuk, buah)."
3,B,Bab 3: Pengangkutan (Transportation) - Kuiz Set B,23,Dinding sel pengangkut xilem diselaputi oleh bahan organik kompleks lignin. Apakah fungsi utama lignin di dalam sistem pengangkutan tumbuhan?,The walls of xylem transport cells are coated with a complex organic substance called lignin. What is the primary function of lignin in the plant transport system?,Bertindak sebagai pemangkin organik untuk mempercepatkan proses osmosis sel.,Act as an organic catalyst to accelerate the osmosis process in cells.,Menyediakan lapisan kalis air sepenuhnya bagi membolehkan resapan gas aktif.,Provide a fully saturated water film to facilitate the absorption of active gases.,Memberikan sokongan mekanikal yang kuat kepada tumbuhan untuk menegak dan menahan tekanan negatif air tanpa kempis.,Offer strong mechanical support to plants to maintain and withstand negative water pressure without collapsing.,Menarik bakteria tanah simbiotik bagi meningkatkan penyerapan nitrogen.,Attract symbiotic soil bacteria to enhance nitrogen uptake.,C,"Salur xilem dibina daripada sel-sel mati yang memanjang hujung-ke-hujung tanpa sitoplasma bagi membentuk salur berongga berterusan. Dinding xilem ditebalkan dengan lignin (bercorak gegelang, pilin, atau tebal). Lignin sangat keras dan tegar, memberikan kekuatan mekanikal kepada batang tumbuhan dan menghalang salur xilem daripada kempis (*collapse*) akibat tarikan transpirasi yang menghasilkan tekanan tegangan negatif yang kuat semasa air ditarik ke atas."
3,B,Bab 3: Pengangkutan (Transportation) - Kuiz Set B,24,"Dalam Aktiviti 3.9, kulit kayu sebatang tumbuhan berkayu telah dikikis secara gelang (ringing/bark stripping) untuk membuang tisu floemnya sahaja. Selepas beberapa minggu, didapati bahagian atas gelang tersebut membengkak manakala bahagian bawah gelang mengecut. Apakah kesimpulan daripada pemerhatian ini?","In Activity 3.9, the bark of a woody plant was stripped in a ring shape to remove only its phloem tissue. After several weeks, the portion above the ring swelled while the portion below shrank. What is the conclusion of this observation?",Xilem mengangkut air dari akar ke atas daun.,Xylem transports water from the roots to the leaves.,Floem mengangkut bahan makanan organik (sukrosa) dari daun ke bahagian bawah tumbuhan.,Phloem transports organic food (sucrose) from the leaves to the lower parts of the plant.,Tumbuhan tersebut mengalami jangkitan kulat parasit di kawasan dikikis.,The plant is infected by a parasitic caterpillar in the defoliated area.,Air diserap secara terus dari atmosfera melalui sel epidermis yang terdedah.,Water is absorbed continuously from the atmosphere through the exposed epidermal cells.,B,"Pembuangan kulit luar tumbuhan berkayu memusnahkan saluran floem tetapi membiarkan salur xilem (di bahagian dalam) kekal utuh. Hasil fotosintesis (sukrosa) yang dihasilkan di daun mengalir turun melalui floem. Apabila sampai ke gelang yang dikikis, aliran makanan terhenti dan terkumpul di atas gelang, menyebabkan tisu di atas gelang membengkak. Sel-sel di bawah gelang (termasuk akar) tidak mendapat makanan, menyebabkan ia mengecut dan akhirnya tumbuhan boleh mati jika dibiarkan lama."
3,B,Bab 3: Pengangkutan (Transportation) - Kuiz Set B,25,"Antara pernyataan berikut, yang manakah menunjukkan perbandingan yang betul antara sistem peredaran darah haiwan dengan sistem pengangkutan tumbuhan?","Which of the following statements shows a correct comparison between the animal blood circulatory system and the plant transport system?
| Ciri (Feature) | Sistem Peredaran Darah Haiwan | Sistem Pengangkutan Tumbuhan |
| :--- | :--- | :--- |","Jenis Salur | Terdiri daripada xylem dan floem | Terdiri daripada arteri, vena dan kapilari","Conducting Tissue | Comprises xylem and phloem | Comprises arteries, veins, and capillaries",Struktur Pam | Jantung bertindak sebagai pam | Tiada struktur mengepam yang khusus,Pumping Structure | The heart acts as a pump | No specific pumping structure,Sambungan Salur | Salur-salur tidak bersambung | Semua salur bersambung membentuk gelung,Connection of Tissues | Tissues are not connected | All tissues are connected to form a loop,Bahan Diangkut | Hanya mengangkut mineral terlarut | Hanya mengangkut gas oksigen sahaja,Substance Transported | Only transports dissolved minerals | Only transports oxygen gas alone,B,"Sistem peredaran darah haiwan ialah sistem tertutup bertiub yang mempunyai organ pengepam berotot yang khusus (iaitu jantung) untuk memacu cecair pengangkutan (darah). Sistem pengangkutan tumbuhan pula tidak mempunyai sebarang organ pam; aliran air dipacu secara pasif oleh tarikan transpirasi, tindakan kapilari, dan tekanan akar, manakala makanan dipacu secara translokasi aktif dari kawasan sumber (*source*) ke kawasan sink (*sink*)."
4,A,Bab 4: Kereaktifan Logam (Reactivity of Metals) - Kuiz Set A,1,"Antara berikut, yang manakah dikelaskan sebagai mineral unsur semula jadi di dalam kerak Bumi?",Which of the following is classified as a natural elemental mineral in the Earth's crust?,Bauksit,Bauxite,Galena,Galena,Emas,Gold,Hematit,Hematite,C,"Emas (Au) dan Perak (Ag) wujud secara semula jadi sebagai unsur bebas di dalam kerak Bumi kerana tahap kereaktifannya yang sangat rendah, manakala bauksit, galena, dan hematit wujud sebagai sebatian mineral."
4,A,Bab 4: Kereaktifan Logam (Reactivity of Metals) - Kuiz Set A,2,Mineral kasiterit merupakan sebatian semula jadi logam timah. Apakah nama sistematik bagi mineral ini mengikut peraturan IUPAC?,Cassiterite is a natural compound of tin. What is the systematic name of this mineral according to IUPAC rules?,Stanum(IV) oksida,Tin(IV) oxide,Ferum(III) oksida,Iron(III) oxide,Plumbum(II) sulfida,Lead(II) sulfide,Kalsium karbonat,Calcium carbonate,A,"Sains Tingkatan 3 Bab 4 menyenaraikan nama biasa dan nama sistematik mineral: Kasiterit mempunyai nama sistematik Stanum(IV) oksida, yang merupakan gabungan unsur timah (stanum) dan oksigen."
4,A,Bab 4: Kereaktifan Logam (Reactivity of Metals) - Kuiz Set A,3,Apakah nama sistematik dan gabungan unsur bagi mineral galena?,What is the systematic name and combination of elements for the mineral galena?,Aluminium oksida; Aluminium + Oksigen,Aluminium oxide; Aluminium + Oxygen,Plumbum(II) sulfida; Plumbum + Sulfur,Lead(II) sulfide; Lead + Sulfur,Silikon dioksida; Silikon + Oksigen,Silicon dioxide; Silicon + Oxygen,Ferum sulfida; Ferum + Sulfur,Iron sulfide; Iron + Sulfur,B,"Galena merupakan bijih plumbum semula jadi yang mempunyai nama sistematik Plumbum(II) sulfida, terbentuk daripada gabungan unsur plumbum dan sulfur."
4,A,Bab 4: Kereaktifan Logam (Reactivity of Metals) - Kuiz Set A,4,Kalsit atau batu kapur terdiri daripada kalsium karbonat. Apakah gabungan unsur-unsur yang membina sebatian mineral ini?,Calcite or limestone consists of calcium carbonate. What is the combination of elements that make up this mineral compound?,Kalsium dan Karbon sahaja,Calcium and Carbon only,Kalsium dan Oksigen sahaja,Calcium and Oxygen only,"Kalsium, Karbon, dan Oksigen","Calcium, Carbon, and Oxygen","Kalsium, Karbon, dan Sulfur","Calcium, Carbon, and Sulfur",C,"Kalsium karbonat (CaCO3) dibina daripada gabungan tiga unsur kimia utama: Kalsium (Ca), Karbon (C), dan Oksigen (O)."
4,A,Bab 4: Kereaktifan Logam (Reactivity of Metals) - Kuiz Set A,5,"Dalam Aktiviti 4.1, apabila asid hidroklorik cair ditambahkan kepada kalsium karbonat, gas yang dibebaskan dialirkan melalui air kapur. Apakah pemerhatian yang berlaku pada air kapur dan gas yang terhasil?","In Activity 4.1, when dilute hydrochloric acid is added to calcium carbonate, the gas released is bubbled through limewater. What is the observation on the limewater and the identity of the gas?",Air kapur kekal jernih; Gas hidrogen,Limewater remains clear; Hydrogen gas,Air kapur menjadi keruh; Gas karbon dioksida,Limewater turns cloudy; Carbon dioxide gas,Air kapur mendap; Gas oksigen,Limewater precipitates; Oxygen gas,Air kapur bertukar merah; Gas sulfur dioksida,Limewater turns red; Sulfur dioxide gas,B,"Tindak balas antara kalsium karbonat dan asid hidroklorik cair menghasilkan kalsium klorida, air, dan membebaskan gas karbon dioksida. Gas karbon dioksida bertindak balas dengan air kapur membentuk kalsium karbonat tidak terlarut yang mengeruhkan air kapur."
4,A,Bab 4: Kereaktifan Logam (Reactivity of Metals) - Kuiz Set A,6,"Antara berikut, yang manakah menunjukkan persamaan perkataan yang betul bagi tindak balas kalsium karbonat dengan asid hidroklorik cair?",Which of the following shows the correct word equation for the reaction of calcium carbonate with dilute hydrochloric acid?,Kalsium karbonat + Asid hidroklorik -> Kalsium klorida + Air + Karbon dioksida,Calcium carbonate + Hydrochloric acid -> Calcium chloride + Water + Carbon dioxide,Kalsium karbonat + Asid hidroklorik -> Kalsium oksida + Karbon dioksida,Calcium carbonate + Hydrochloric acid -> Calcium oxide + Carbon dioxide,Kalsium karbonat + Asid hidroklorik -> Kalsium sulfat + Hidrogen,Calcium carbonate + Hydrochloric acid -> Calcium sulfate + Hydrogen,Kalsium karbonat + Asid hidroklorik -> Kalsium klorida + Hidrogen,Calcium carbonate + Hydrochloric acid -> Calcium chloride + Hydrogen,A,"Persamaan kimia lengkap bagi tindak balas ini mengikut silibus ialah: Kalsium karbonat bertindak balas dengan asid hidroklorik cair untuk menghasilkan garam (kalsium klorida), air, dan gas karbon dioksida."
4,A,Bab 4: Kereaktifan Logam (Reactivity of Metals) - Kuiz Set A,7,"Apabila kalsium karbonat dipanaskan dengan kuat dalam Aktiviti 4.1 (pemanasan kalsium karbonat), ia mengalami penguraian terma. Apakah produk pepejal baki yang tertinggal di dalam tabung didih?","When calcium carbonate is heated strongly in Activity 4.1 (heating of calcium carbonate), it undergoes thermal decomposition. What is the residual solid product left in the boiling tube?",Kalsium karbonat sahaja,Calcium carbonate only,Kalsium logam,Calcium metal,Kalsium oksida,Calcium oxide,Kalsium klorida,Calcium chloride,C,"Pemanasan kuat kalsium karbonat menguraikan sebatian tersebut secara terma kepada kalsium oksida (pepejal putih baki) dan membebaskan gas karbon dioksida:
Kalsium karbonat -> Kalsium oksida + Karbon dioksida (melalui pemanasan)"
4,A,Bab 4: Kereaktifan Logam (Reactivity of Metals) - Kuiz Set A,8,"Antara berikut, yang manakah bukan bentuk semula jadi bagi kalsium karbonat yang terdapat di Bumi?",Which of the following is not a natural form of calcium carbonate found on Earth?,Batu kapur,Limestone,Marmar,Marble,Kalsit,Calcite,Bauksit,Bauxite,D,"Bauksit ialah sebatian aluminium oksida (bijih aluminium). Batu kapur, marmar, kapor, kalsit, batu karang, dan cangkang haiwan laut merupakan bentuk semula jadi bagi kalsium karbonat."
4,A,Bab 4: Kereaktifan Logam (Reactivity of Metals) - Kuiz Set A,9,Siri kereaktifan logam dibina berdasarkan kecergasan tindak balas logam tersebut bertindak balas dengan unsur apa?,The reactivity series of metals is constructed based on the vigor of the reaction of the metals reacting with which element?,Hidrogen,Hydrogen,Oksigen,Oxygen,Karbon,Carbon,Nitrogen,Nitrogen,B,Siri kereaktifan logam ditakrifkan berdasarkan kecergasan tindak balas kimia logam-logam tersebut apabila dipanaskan dan bertindak balas dengan oksigen di dalam udara.
4,A,Bab 4: Kereaktifan Logam (Reactivity of Metals) - Kuiz Set A,10,"Apabila serbuk logam magnesium dipanaskan dalam oksigen, ia terbakar dengan sangat cergas. Bagaimanakah tindak balas bagi logam besi (ferum) apabila dipanaskan dalam oksigen?","When magnesium metal powder is heated in oxygen, it burns very vigorously. How does iron (ferrum) react when heated in oxygen?",Terbakar cergas dengan nyalaan putih terang,Burns vigorously with a bright white flame,Hanya membara dengan perlahan dan malap,Only glows slowly and dimly,Meletup secara spontan menghasilkan gas hidrogen,Explodes spontaneously producing hydrogen gas,Tidak bertindak balas langsung walaupun dipanaskan,Does not react at all even when heated,B,"Magnesium merupakan logam yang sangat reaktif terhadap oksigen, manaka besi (ferum) kurang reaktif, menyebabkan besi hanya membara secara perlahan tanpa nyalaan yang terang apabila dipanaskan dalam oksigen."
4,A,Bab 4: Kereaktifan Logam (Reactivity of Metals) - Kuiz Set A,11,"Dalam Aktiviti 4.3 (mengkaji tindak balas pemanasan logam dengan oksigen), apakah fungsi utama serbuk hablur kalium manganat(VII) yang diletakkan di hujung tabung didih?","In Activity 4.3 (studying the reaction of heating metals with oxygen), what is the primary function of the potassium manganate(VII) crystals placed at the end of the boiling tube?",Bertindak sebagai mangkin tindak balas,Acts as a reaction catalyst,Membekalkan gas oksigen apabila dipanaskan,Provides oxygen gas when heated,Menyerap wap air yang berlebihan di dalam radas,Absorbs excess water vapor in the apparatus,Mencegah kaca wul daripada terbakar,Prevents glass wool from burning,B,"Apabila hablur kalium manganat(VII) dipanaskan dengan kuat, ia terurai dan membebaskan gas oksigen yang tulen untuk bertindak balas dengan serbuk logam yang diletakkan di dalam piring porselin."
4,A,Bab 4: Kereaktifan Logam (Reactivity of Metals) - Kuiz Set A,12,Mengapakah piring porselin yang berisi serbuk logam dipisahkan daripada hablur kalium manganat(VII) menggunakan kaca wul (glass wool) di dalam tabung didih?,Why is the porcelain dish containing metal powder separated from the potassium manganate(VII) crystals using glass wool inside the boiling tube?,Untuk mempercepatkan penyebaran gas oksigen,To accelerate the diffusion of oxygen gas,Untuk menghalang serbuk kalium manganat(VII) daripada bercampur secara fizikal dengan serbuk logam semasa pemanasan,To prevent potassium manganate(VII) powder from physically mixing with the metal powder during heating,Untuk menyerap haba berlebihan supaya tabung didih tidak retak,To absorb excess heat so the boiling tube does not crack,Sebagai penapis bagi menapis habuk logam daripada keluar,As a filter to prevent metal dust from escaping,B,Kaca wul bertindak sebagai penghalang fizikal yang telap gas untuk memastikan serbuk kalium manganat(VII) tidak bercampur atau meletup apabila dipanaskan bersama serbuk logam yang reaktif.
4,A,Bab 4: Kereaktifan Logam (Reactivity of Metals) - Kuiz Set A,13,"Berdasarkan kecergasan tindak balas logam Magnesium (Mg), Aluminium (Al), Zink (Zn), Besi (Fe), dan Plumbum (Pb) dengan oksigen, susun logam tersebut mengikut urutan kereaktifan yang semakin berkurang.","Based on the vigor of the reactions of Magnesium (Mg), Aluminium (Al), Zinc (Zn), Iron (Fe), and Lead (Pb) with oxygen, arrange these metals in decreasing order of reactivity.",Mg -> Al -> Zn -> Fe -> Pb,Magnesium -> Aluminium -> Zinc -> Iron -> Lead,Pb -> Fe -> Zn -> Al -> Mg,Lead -> Iron -> Zinc -> Aluminium -> Magnesium,Al -> Mg -> Zn -> Pb -> Fe,Aluminium -> Magnesium -> Zinc -> Lead -> Iron,Mg -> Zn -> Al -> Fe -> Pb,Magnesium -> Zinc -> Aluminium -> Iron -> Lead,A,Kecergasan tindak balas dengan oksigen berkurang mengikut urutan: Magnesium (terbakar amat cepat/terang) > Aluminium (terbakar cepat/terang) > Zink (terbakar perlahan) > Besi (membara terang) > Plumbum (membara malap). Susunannya ialah Mg -> Al -> Zn -> Fe -> Pb.
4,A,Bab 4: Kereaktifan Logam (Reactivity of Metals) - Kuiz Set A,14,"Dalam Aktiviti 4.4, campuran serbuk karbon dipanaskan bersama beberapa oksida logam. Karbon didapati boleh menurunkan zink oksida kepada zink, tetapi tidak boleh menurunkan aluminium oksida kepada aluminium. Di manakah kedudukan karbon dalam siri kereaktifan logam?","In Activity 4.4, a mixture of carbon powder is heated with several metal oxides. Carbon is found to be able to reduce zinc oxide to zinc, but cannot reduce aluminium oxide to aluminium. Where is the position of carbon in the reactivity series of metals?",Di antara Magnesium dan Aluminium,Between Magnesium and Aluminium,Di antara Aluminium dan Zink,Between Aluminium and Zinc,Di antara Zink dan Ferum,Between Zinc and Iron,Di bawah Plumbum,Below Lead,B,"Karbon lebih reaktif daripada zink kerana ia mampu menyingkirkan oksigen daripada zink oksida (menurunkannya). Namun, karbon kurang reaktif daripada aluminium kerana gagal menyingkirkan oksigen daripada aluminium oksida. Maka, kedudukan karbon terletak di antara Aluminium dan Zink."
4,A,Bab 4: Kereaktifan Logam (Reactivity of Metals) - Kuiz Set A,15,"Antara berikut, yang manakah persamaan perkataan yang betul bagi tindak balas penurunan zink oksida oleh karbon?",Which of the following is the correct word equation for the reduction of zinc oxide by carbon?,Zink oksida + Karbon -> Zink karbonat,Zinc oxide + Carbon -> Zinc carbonate,Zink oksida + Karbon -> Zink + Karbon dioksida,Zinc oxide + Carbon -> Zinc + Carbon dioxide,Zink oksida + Karbon -> Zink + Karbon monoksida,Zinc oxide + Carbon -> Zinc + Carbon monoxide,Zink + Karbon dioksida -> Zink oksida + Karbon,Zinc + Carbon dioxide -> Zinc oxide + Carbon,B,"Apabila karbon bertindak balas dengan zink oksida pada suhu tinggi, ia menurunkan zink oksida kepada zink (logam bebas) dan menghasilkan gas karbon dioksida:
Zink oksida + Karbon -> Zink + Karbon dioksida"
4,A,Bab 4: Kereaktifan Logam (Reactivity of Metals) - Kuiz Set A,16,"Siri kereaktifan logam juga memuatkan unsur bukan logam hidrogen. Berdasarkan keputusan eksperimen, gas hidrogen dapat menurunkan ferum(III) oksida kepada besi, tetapi gagal menurunkan zink oksida kepada zink. Di manakah kedudukan hidrogen dalam siri?","The reactivity series of metals also includes the non-metal hydrogen. Based on experimental results, hydrogen gas can reduce iron(III) oxide to iron, but fails to reduce zinc oxide to zinc. Where is the position of hydrogen in the series?",Di bawah Kuprum,Below Copper,Di antara Zink dan Ferum,Between Zinc and Iron,Di antara Aluminium dan Zink,Between Aluminium and Zinc,Di atas Magnesium,Above Magnesium,B,"Hidrogen lebih reaktif daripada besi kerana ia berjaya menarik oksigen daripada ferum(III) oksida untuk membentuk air dan besi. Namun, hidrogen kurang reaktif daripada zink kerana gagal menurunkan zink oksida. Oleh itu, hidrogen terletak di antara Zink (Zn) dan Ferum (Fe)."
4,A,Bab 4: Kereaktifan Logam (Reactivity of Metals) - Kuiz Set A,17,"Dalam Rajah 4.6, asid sulfurik cair ditindakbalaskan dengan zink untuk menjana gas hidrogen. Apakah fungsi pepejal kalsium klorida kontang yang diletakkan di dalam tiub kaca selepas penjanaan gas tersebut?","In Figure 4.6, dilute sulfuric acid is reacted with zinc to generate hydrogen gas. What is the function of the anhydrous calcium chloride solid placed in the glass tube after the generation of the gas?",Sebagai pemangkin tindak balas,As a reaction catalyst,Menyerap gas asid yang berlebihan,To absorb excess acidic gases,Mengeringkan gas hidrogen dengan menyerap wap air,To dry the hydrogen gas by absorbing water vapor,Menguji kehadiran gas hidrogen,To test for the presence of hydrogen gas,C,Gas hidrogen yang terhasil mengandungi wap air. Laluan gas merentasi kalsium klorida kontang (CaCl2) adalah untuk menyerap wap air tersebut supaya gas hidrogen kering dapat dialirkan ke tiub pembakaran.
4,A,Bab 4: Kereaktifan Logam (Reactivity of Metals) - Kuiz Set A,18,"Antara siri berikut, yang manakah menunjukkan susunan siri kereaktifan logam lengkap (termasuk karbon dan hidrogen) yang betul mengikut arah kereaktifan meningkat?",Which of the following shows the correct complete reactivity series of metals (including carbon and hydrogen) in order of increasing reactivity?,Au -> Ag -> Cu -> Pb -> Sn -> Fe -> H -> Zn -> C -> Al -> Mg -> Ca -> Na -> K,Gold -> Silver -> Copper -> Lead -> Tin -> Iron -> Hydrogen -> Zinc -> Carbon -> Aluminum -> Magnesium -> Calcium -> Sodium -> Potassium,K -> Na -> Ca -> Mg -> Al -> C -> Zn -> H -> Fe -> Sn -> Pb -> Cu -> Ag -> Au,Potassium -> Sodium -> Calcium -> Magnesium -> Aluminum -> Carbon -> Zinc -> Hydrogen -> Iron -> Tin -> Lead -> Copper -> Silver -> Gold,Au -> Ag -> Cu -> H -> Pb -> Sn -> Fe -> Zn -> C -> Al -> Mg -> Ca -> Na -> K,Gold -> Silver -> Copper -> Hydrogen -> Lead -> Tin -> Iron -> Zinc -> Carbon -> Aluminum -> Magnesium -> Calcium -> Sodium -> Potassium,K -> Na -> Ca -> Mg -> Al -> Zn -> C -> H -> Fe -> Sn -> Pb -> Cu -> Ag -> Au,Potassium -> Sodium -> Calcium -> Magnesium -> Aluminum -> Zinc -> Carbon -> Hydrogen -> Iron -> Tin -> Lead -> Copper -> Silver -> Gold,A,"Siri kereaktifan yang disusun daripada kereaktifan paling rendah (Au/Emas) kepada kereaktifan paling tinggi (K/Kalium) ialah: Au -> Ag -> Hg -> Cu -> Pb -> Sn -> Fe -> H -> Zn -> C -> Al -> Mg -> Ca -> Na -> K. Karbon terletak di antara Al dan Zn, manakah Hidrogen terletak di antara Zn dan Fe."
4,A,Bab 4: Kereaktifan Logam (Reactivity of Metals) - Kuiz Set A,19,Logam aluminium merupakan logam yang terletak di atas karbon dalam siri kereaktifan logam. Apakah kaedah yang paling sesuai digunakan untuk mengekstrak logam aluminium daripada bijihnya?,Aluminium is a metal located above carbon in the reactivity series of metals. What is the most suitable method used to extract aluminium metal from its ore?,Penurunan oksida logam oleh karbon dalam relau bagas,Reduction of metal oxide by carbon in a blast furnace,Elektrolisis sebatian logam dalam keadaan lebur,Electrolysis of molten metal compounds,Pemanasan terus sebatian logam di dalam udara,Direct heating of metal compounds in air,Melombong terus sebagai unsur bebas di dalam kerak Bumi,Direct mining as free elements in the Earth's crust,B,"Bagi logam reaktif yang kedudukannya lebih tinggi daripada karbon dalam siri (seperti K, Na, Ca, Mg, Al), ikatan kimianya sangat kuat. Maka, ia hanya boleh diekstrak melalui kaedah elektrolisis sebatian leburannya menggunakan arus elektrik yang tinggi."
4,A,Bab 4: Kereaktifan Logam (Reactivity of Metals) - Kuiz Set A,20,Logam ferum (besi) dan stanum (timah) terletak di bawah karbon dalam siri kereaktifan. Apakah kaedah pengekstrakan industri yang paling ekonomik bagi kedua-dua logam ini?,Ferrum (iron) and stanum (tin) are located below carbon in the reactivity series. What is the most economical industrial extraction method for both metals?,Elektrolisis leburan garam klorida,Electrolysis of molten chloride salts,Penurunan oksida logam tersebut menggunakan karbon,Reduction of their metal oxides using carbon,Pemanasan terus sulfida logam di dalam udara terbuka,Direct heating of metal sulfides in open air,Menggunakan agen penurunan gas hidrogen tulen,Using hydrogen gas as a reducing agent,B,"Bagi logam-logam yang kurang reaktif daripada karbon (seperti Zn, Fe, Sn, Pb), oksida logamnya boleh diturunkan secara ekonomik melalui pemanasan kuat bersama karbon (arang kok) di dalam relau industri (seperti relau bagas)."
4,A,Bab 4: Kereaktifan Logam (Reactivity of Metals) - Kuiz Set A,21,"Antara berikut, yang manakah campuran bahan mentah utama yang dimasukkan melalui bahagian atas Relau Bagas (Blast Furnace) untuk pengekstrakan besi?",Which of the following is the mixture of primary raw materials fed through the top of the Blast Furnace for the extraction of iron?,Bijih besi + Gas asli + Batu kapur,Iron ore + Natural gas + Limestone,Bijih besi + Arang kok + Batu kapur,Iron ore + Coke + Limestone,Bijih besi + Serbuk aluminium + Pasir silika,Iron ore + Aluminium powder + Silica sand,Besi tuangan + Karbon dioksida + Batu kapur,Cast iron + Carbon dioxide + Limestone,B,"Bahan mentah utama pengekstrakan besi ialah: Bijih besi (hematit/Fe2O3), Arang kok (karbon/C sebagai bahan api dan agen penurunan), dan Batu kapur (kalsium karbonat/CaCO3 untuk membuang bendasing pasir)."
4,A,Bab 4: Kereaktifan Logam (Reactivity of Metals) - Kuiz Set A,22,Gas penurunan utama yang menurunkan ferum(III) oksida di dalam relau bagas ialah karbon monoksida. Bagaimanakah gas karbon monoksida ini dihasilkan di dalam relau?,The primary reducing gas that reduces iron(III) oxide in the blast furnace is carbon monoxide. How is this carbon monoxide gas produced in the furnace?,Pembakaran terus gas asli dengan udara panas,Direct combustion of natural gas with hot air,Tindak balas antara karbon dioksida dengan arang kok yang panas,Reaction between carbon dioxide and hot coke,Penguraian terma kalsium karbonat pada suhu tinggi,Thermal decomposition of calcium carbonate at high temperatures,Pengoksidaan sisa sanga kalsium silikat,Oxidation of calcium silicate slag residue,B,"Di dalam relau bagas, arang kok terbakar dahulu menghasilkan karbon dioksida. Karbon dioksida yang naik ke atas bertindak balas dengan arang kok panas yang selebihnya untuk menghasilkan gas karbon monoksida yang bertindak sebagai agen penurunan yang kuat:
Karbon dioksida + Karbon -> Karbon monoksida"
4,A,Bab 4: Kereaktifan Logam (Reactivity of Metals) - Kuiz Set A,23,Apakah fungsi utama batu kapur (kalsium karbonat) dan bagaimanakah sanga (slag) terbentuk di dalam relau bagas?,What is the primary function of limestone (calcium carbonate) and how is slag formed in the blast furnace?,Membakar besi; kalsium klorida bertindak balas dengan silika,Burning iron; calcium chloride reacts with silica,Menyingkirkan bendasing silika (pasir); kalsium oksida bertindak balas dengan silikon dioksida membentuk kalsium silikat,sanga,Membekalkan oksigen tambahan; kalsium oksida bertindak balas dengan besi oksida membentuk kalsium ferat,Supplying additional oxygen; calcium oxide reacts with iron oxide to form calcium ferrite,Menurunkan suhu relau; kalsium karbonat bertindak balas dengan arang kok membentuk kalsium karbida,Lowering the slagging temperature; calcium carbonate reacts with coke to form calcium carbide,B,"Batu kapur terurai membentuk kalsium oksida (CaO) yang bersifat bes. Kalsium oksida bertindak balas dengan bendasing berasid seperti silika/pasir (SiO2) membentuk kalsium silikat (CaSiO3) yang dikenali sebagai sanga (slag).
Kalsium oksida + Silikon dioksida -> Kalsium silikat"
4,A,Bab 4: Kereaktifan Logam (Reactivity of Metals) - Kuiz Set A,24,"Di bahagian bawah relau bagas, leburan besi dan leburan sanga terkumpul di dalam takungan. Bagaimanakah kedua-dua cecair ini dipisahkan secara fizikal?","At the bottom of the blast furnace, molten iron and molten slag accumulate in the hearth. How are these two liquids physically separated?",Leburan sanga dimalapkan menggunakan air sejuk,Molten slag is solidified using cold water,"Sanga yang kurang tumpat terapung di atas leburan besi yang lebih tumpat, lalu dikeluarkan melalui saluran keluar berasingan","Slag, being less dense, floats on top of the denser molten iron and is tapped out through separate outlets",Kedua-duanya dikeluarkan bersama dan ditapis menggunakan penapis magnetik,Both are tapped together and filtered using a magnetic filter,Leburan besi mengwap terlebih dahulu meninggalkan pepejal sanga di bawah,Molten iron evaporates first leaving solid slag below,B,"Leburan sanga mempunyai ketumpatan yang lebih rendah berbanding leburan besi tulen. Oleh itu, sanga terapung membentuk lapisan di atas leburan besi, membolehkan kedua-dua cecair dialirkan keluar melalui liang paip pengeluaran yang berbeza secara berasingan."
4,A,Bab 4: Kereaktifan Logam (Reactivity of Metals) - Kuiz Set A,25,"Antara berikut, yang manakah merupakan kesan buruk aktiviti perlombongan bijih logam yang tidak dirancang dengan baik terhadap alam sekitar?",Which of the following is a negative impact of poorly planned metal ore mining activities on the environment?,Hakisan tanah akibat penggalian bijih,Soil erosion due to ore excavation,Kemusnahan habitat akibat pembinaan lombong,Habitat destruction due to mine construction,Pencemaran air akibat pencucian bijih logam,Water pollution due to metal ore washing,Semua di atas,All of the above,D,"Silabus Sains Tingkatan 3 Bab 4 (Rajah 4.10) secara jelas membincangkan kesan negatif perlombongan terhadap alam sekitar termasuk hakisan tanah, pencemaran air oleh sisa batuan/logam, kemusnahan habitat flora dan fauna, serta pencemaran udara akibat pembakaran bahan api dan gas dari relau bagas."
4,B,Bab 4: Kereaktifan Logam (Reactivity of Metals) - Kuiz Set B,1,"Antara mineral berikut, yang manakah merupakan suatu mineral unsur (elemental mineral) semula jadi dalam kerak Bumi?",Which of the following minerals is a natural elemental mineral in the Earth's crust?,Bauksit,Bauxite,Hematit,Hematite,Perak,Silver,Kasiterit,Cassiterite,C,"Mineral unsur wujud bebas semula jadi tanpa terikat secara kimia sebagai sebatian. Perak (Silver) dan Emas (Gold) adalah contoh mineral unsur dalam kerak Bumi. Bauksit, Hematit, dan Kasiterit merupakan mineral sebatian.
*Translation:* Elemental minerals exist freely in nature without being chemically bonded as compounds. Silver and Gold are examples of elemental minerals in the Earth's crust. Bauxite, Hematite, and Cassiterite are compound minerals."
4,B,Bab 4: Kereaktifan Logam (Reactivity of Metals) - Kuiz Set B,2,Apakah nama sistematik IUPAC bagi mineral kasiterit (cassiterite) yang merupakan bijih logam utama di Malaysia?,"What is the systematic IUPAC name for the mineral cassiterite, which is a major metal ore in Malaysia?",Ferum(III) oksida,Iron(III) oxide,Stanum(IV) oksida,Tin(IV) oxide,Aluminium oksida,Aluminium oxide,Kalsium karbonat,Calcium carbonate,B,"Kasiterit ialah sebatian semula jadi bagi stanum dan oksigen. Nama sistematiknya ialah Stanum(IV) oksida (Tin(IV) oxide), yang digunakan untuk mengekstrak logam timah.
*Translation:* Cassiterite is a natural compound of tin and oxygen. Its systematic name is Tin(IV) oxide, which is used to extract tin metal."
4,B,Bab 4: Kereaktifan Logam (Reactivity of Metals) - Kuiz Set B,3,Sebutkan sebatian-sebatian unsur yang membina mineral semula jadi galena.,State the constituent elements that build the natural mineral galena.,Aluminium dan oksigen,Aluminium and oxygen,Plumbum dan sulfur,Lead and sulfur,Silikon dan oksigen,Silicon and oxygen,Ferum dan sulfur,Iron and sulfur,B,"Galena mempunyai nama sistematik Plumbum(II) sulfida (Lead(II) sulfide). Oleh itu, unsur-unsur yang membina sebatian ini ialah plumbum dan sulfur.
*Translation:* Galena has the systematic name Lead(II) sulfide. Therefore, the elements that make up this compound are lead and sulfur."
4,B,Bab 4: Kereaktifan Logam (Reactivity of Metals) - Kuiz Set B,4,"Dalam Aktiviti 4.1, kalsium karbonat ditambahkan dengan asid hidroklorik cair. Apakah pemerhatian bagi gas yang dibebaskan apabila dilalukan ke dalam air kapur?","In Activity 4.1, calcium carbonate is added to dilute hydrochloric acid. What is the observation for the released gas when passed through lime water?",Air kapur kekal jernih,Lime water remains clear,Air kapur bertukar menjadi warna merah,Lime water turns red,Air kapur menjadi keruh,Lime water turns cloudy,Mendakan kuning terbentuk,A yellow precipitate is formed,C,"Tindak balas antara kalsium karbonat (limestone) dengan asid hidroklorik membebaskan gas karbon dioksida. Gas karbon dioksida meruap lalu mengeruhkan air kapur apabila dialirkan ke dalamnya.
*Translation:* The reaction between calcium carbonate (limestone) and hydrochloric acid releases carbon dioxide gas. Carbon dioxide gas turns lime water cloudy when bubbled through it."
4,B,Bab 4: Kereaktifan Logam (Reactivity of Metals) - Kuiz Set B,5,Apakah baki pepejal (residue) yang tertinggal di dalam tabung didih selepas serbuk kalsium karbonat dipanaskan dengan kuat (penguraian terma)?,What is the solid residue left in the boiling tube after calcium carbonate powder is heated strongly (thermal decomposition)?,Kalsium klorida,Calcium chloride,Kalsium oksida,Calcium oxide,Kalsium hidroksida,Calcium hydroxide,Karbon,Carbon,B,"Apabila kalsium karbonat dipanaskan dengan kuat, ia mengalami penguraian terma untuk menghasilkan kalsium oksida (pepejal putih baki) dan membebaskan gas karbon dioksida.
*Translation:* When calcium carbonate is heated strongly, it undergoes thermal decomposition to produce calcium oxide (white solid residue) and release carbon dioxide gas."
4,B,Bab 4: Kereaktifan Logam (Reactivity of Metals) - Kuiz Set B,6,"Kalsium karbonat boleh wujud dalam pelbagai bentuk semula jadi di Bumi. Antara berikut, yang manakah BUKAN bentuk kalsium karbonat semula jadi?",Calcium carbonate can exist in various natural forms on Earth. Which of the following is NOT a natural form of calcium carbonate?,Batu kapur dan marmar,Limestone and marble,Terumbu karang dan cangkang haiwan laut,Coral reefs and marine shells,Kalsit dan kapur,Calcite and chalk,Kuarza dan silika sand,Quartz and silica sand,D,"Kuarza dan pasir silika terdiri daripada silikon dioksida (silicon dioxide), bukan kalsium karbonat. Batu kapur, marmar, kalsit, kapur, terumbu karang, dan cangkang haiwan laut semuanya merupakan bentuk semula jadi kalsium karbonat.
*Translation:* Quartz and silica sand consist of silicon dioxide, not calcium carbonate. Limestone, marble, calcite, chalk, coral reefs, and marine shells are all natural forms of calcium carbonate."
4,B,Bab 4: Kereaktifan Logam (Reactivity of Metals) - Kuiz Set B,7,"Mengapakah logam seperti magnesium bertindak balas dengan sangat cergas dan menyala dengan terang apabila dipanaskan dalam oksigen, manakala besi hanya berbara dengan malap?","Why does a metal like magnesium react very vigorously and burn with a bright flame when heated in oxygen, while iron only glows dimly?",Magnesium mempunyai takat lebur yang lebih tinggi,Magnesium has a higher melting point,Magnesium lebih reaktif terhadap oksigen berbanding besi,Magnesium is more reactive towards oxygen than iron,Besi adalah sejenis mineral unsur bebas,Iron is a type of free elemental mineral,Besi tidak boleh bergabung dengan oksigen,Iron cannot combine with oxygen,B,"Kecergasan tindak balas logam dengan oksigen bergantung kepada kedudukan logam tersebut dalam siri kereaktifan logam. Magnesium terletak lebih tinggi daripada besi, menjadikannya lebih reaktif dan bertindak balas dengan lebih cergas.
*Translation:* The vigor of the reaction of metals with oxygen depends on the position of the metal in the reactivity series of metals. Magnesium is located higher than iron, making it more reactive and causing it to react more vigorously."
4,B,Bab 4: Kereaktifan Logam (Reactivity of Metals) - Kuiz Set B,8,"Dalam Aktiviti 4.3 untuk membina siri kereaktifan logam, bahan kimia yang manakah digunakan sebagai ejen pembekal oksigen semasa pemanasan serbuk logam?","In Activity 4.3 to construct the reactivity series of metals, which chemical is used as the oxygen-providing agent during the heating of metal powders?",Kalium manganat(VII),Potassium manganate(VII),Kalsium karbonat,Calcium carbonate,Asid hidroklorik cair,Dilute hydrochloric acid,Anhidrus kalsium klorida,Anhydrous calcium chloride,A,"Hablur kalium manganat(VII) dipanaskan di dalam tabung didih untuk membebaskan gas oksigen bagi bertindak balas dengan serbuk logam yang dipanaskan.
*Translation:* Crystals of potassium manganate(VII) are heated in the boiling tube to release oxygen gas to react with the heated metal powder."
4,B,Bab 4: Kereaktifan Logam (Reactivity of Metals) - Kuiz Set B,9,Apakah fungsi utama wul kaca (glass wool) yang diletakkan di dalam tabung didih semasa menjalankan eksperimen tindak balas logam dengan oksigen?,What is the primary function of the glass wool placed inside the boiling tube during the experiment of metal reactions with oxygen?,Membakar logam dengan lebih cepat,To burn the metal faster,Menyerap gas berasid yang berbahaya,To absorb acidic toxic gases,Mengasingkan hablur kalium manganat(VII) daripada serbuk logam,To separate potassium manganate(VII) crystals from the metal powder,Mengesan perubahan suhu akhir,To detect final temperature changes,C,"Wul kaca bertindak sebagai penyumbat longgar untuk mengasingkan hablur kalium manganat(VII) (ejen pembekal oksigen) di bahagian hujung tabung didih daripada serbuk logam di bahagian tengah, bagi mengelakkan bahan-bahan tersebut bercampur secara fizikal sebelum pemanasan.
*Translation:* Glass wool acts as a loose plug to separate potassium manganate(VII) crystals (the oxygen source) at the end of the boiling tube from the metal powder in the middle, preventing them from mixing physically before heating."
4,B,Bab 4: Kereaktifan Logam (Reactivity of Metals) - Kuiz Set B,10,Logam plumbum dipanaskan dengan oksigen dalam Aktiviti 4.3. Apakah pemerhatian yang betul bagi tindak balas ini?,Lead metal is heated with oxygen in Activity 4.3. What is the correct observation for this reaction?,Terbakar dengan nyalaan sangat terang,Burns with a very bright flame,Membara dengan cergas,Glows vigorously,Membara dengan perlahan dan malap,Glows slowly and dimly,Tiada sebarang perubahan warna atau haba,No color or heat change at all,C,"Plumbum mempunyai kereaktifan yang sangat rendah terhadap oksigen berbanding magnesium, aluminium, dan zink. Ia hanya membara secara perlahan dan malap untuk menghasilkan plumbum(II) oksida (pepejal kuning semasa panas, putih semasa sejuk).
*Translation:* Lead has a very low reactivity towards oxygen compared to magnesium, aluminium, and zinc. It only glows slowly and dimly to produce lead(II) oxide (solid yellow when hot, white when cold)."
4,B,Bab 4: Kereaktifan Logam (Reactivity of Metals) - Kuiz Set B,11,Siri kereaktifan logam disusun mengikut kecenderungan logam bertindak balas dengan oksigen. Susun logam-logam berikut mengikut tertib kereaktifan meningkat (increasing reactivity order).,The metal reactivity series is arranged according to the tendency of metals to react with oxygen. Arrange the following metals in increasing reactivity order.,Mg -> Zn -> Fe -> Pb -> Al,Mg -> Zn -> Fe -> Pb -> Al,Pb -> Fe -> Zn -> Al -> Mg,Lead -> Iron -> Zinc -> Aluminium -> Magnesium,Mg -> Al -> Zn -> Fe -> Pb,Magnesium -> Aluminium -> Zinc -> Iron -> Lead,Pb -> Zn -> Fe -> Al -> Mg,Pb -> Zn -> Fe -> Al -> Mg,B,"Mengikut siri kereaktifan logam, Pb (plumbum) adalah paling kurang reaktif antara pilihan tersebut, diikuti oleh Fe (besi), Zn (zink), Al (aluminium), dan Mg (magnesium) sebagai yang paling reaktif. Susunan tertib meningkat ialah Pb -> Fe -> Zn -> Al -> Mg.
*Translation:* According to the reactivity series of metals, Pb (lead) is the least reactive among the choices, followed by Fe (iron), Zn (zinc), Al (aluminium), and Mg (magnesium) as the most reactive. The increasing order is Pb -> Fe -> Zn -> Al -> Mg."
4,B,Bab 4: Kereaktifan Logam (Reactivity of Metals) - Kuiz Set B,12,"Dalam eksperimen menentukan kedudukan karbon dalam siri kereaktifan (Aktiviti 4.4), campuran serbuk karbon dan zink oksida dipanaskan dengan kuat. Apakah pemerhatian dan inferensnya?","In the experiment to determine the position of carbon in the reactivity series (Activity 4.4), a mixture of carbon powder and zinc oxide is heated strongly. What is the observation and its inference?",Campuran membara dengan terang; Karbon berjaya menurunkan zink oksida kepada zink,Combustion is vigorous and bright; Carbon successfully reduces zinc oxide to zinc,Tiada tindak balas berlaku; Karbon tidak dapat menurunkan zink oksida,No reaction occurs; Carbon cannot reduce zinc oxide,Campuran meletup dengan kuat; Karbon lebih reaktif daripada aluminium,Combustion is strong; Carbon is more reactive than aluminium,Larutan bertukar menjadi warna biru; Kuprum dihasilkan,The solution turns blue; Copper is produced,A,"Karbon terletak di atas zink dalam siri kereaktifan logam. Oleh itu, karbon lebih reaktif daripada zink dan dapat menurunkan zink oksida kepada logam zink, menghasilkan bara yang terang semasa pemanasan.
*Translation:* Carbon is located above zinc in the metal reactivity series. Therefore, carbon is more reactive than zinc and can reduce zinc oxide to zinc metal, producing a bright glow during heating."
4,B,Bab 4: Kereaktifan Logam (Reactivity of Metals) - Kuiz Set B,13,"Apabila serbuk karbon dipanaskan bersama aluminium oksida, tiada sebarang tindak balas atau bara yang dikesan. Apakah inferens daripada pemerhatian ini?","When carbon powder is heated with aluminium oxide, no reaction or glow is detected. What is the inference from this observation?",Karbon lebih reaktif daripada aluminium,Carbon is more reactive than aluminium,Aluminium lebih reaktif daripada karbon,Aluminium is more reactive than carbon,Karbon dan aluminium mempunyai tahap kereaktifan yang sama,Carbon and aluminium have the same reactivity level,Aluminium oksida ialah sejenis mineral unsur bebas,Aluminium oxide is a free elemental mineral,B,"Tiada tindak balas berlaku menunjukkan karbon gagal menyingkirkan oksigen daripada aluminium oksida. Hal ini bermakna aluminium adalah lebih reaktif daripada karbon, sekali gus meletakkan karbon di bawah aluminium dalam siri kereaktifan.
*Translation:* No reaction occurs, indicating that carbon fails to remove oxygen from aluminium oxide. This means aluminium is more reactive than carbon, placing carbon below aluminium in the reactivity series."
4,B,Bab 4: Kereaktifan Logam (Reactivity of Metals) - Kuiz Set B,14,"Berdasarkan keputusan Aktiviti 4.4 dan tafsiran saintifik, di manakah kedudukan karbon diletakkan dalam siri kereaktifan logam?","Based on the results of Activity 4.4 and scientific interpretation, where is carbon positioned in the metal reactivity series?",Di antara kalium dan natrium,Between potassium and sodium,Di antara aluminium dan zink,Between aluminium and zinc,Di antara zink dan ferum,Between zinc and iron,Di bawah plumbum,Below lead,B,"Karbon dapat menurunkan zink oksida, ferum oksida, dan plumbum oksida, tetapi gagal menurunkan aluminium oksida. Oleh itu, karbon lebih reaktif daripada zink tetapi kurang reaktif daripada aluminium, meletakkannya di antara aluminium dan zink.
*Translation:* Carbon can reduce zinc oxide, iron oxide, and lead oxide, but fails to reduce aluminium oxide. Therefore, carbon is more reactive than zinc but less reactive than aluminium, placing it between aluminium and zinc."
4,B,Bab 4: Kereaktifan Logam (Reactivity of Metals) - Kuiz Set B,15,"Dalam eksperimen aliran gas hidrogen merentasi oksida logam (Rajah 4.6), gas hidrogen yang kering dilalukan ke atas ferum(III) oksida yang dipanaskan dengan kuat. Apakah pemerhatian yang berlaku?","In the experiment of hydrogen gas flow over metal oxides (Figure 4.6), dry hydrogen gas is passed over strongly heated iron(III) oxide. What is the observation?",Tiada sebarang tindak balas atau perubahan warna,No reaction or color change occurs,Pepejal perang menyala dengan terang dan bertukar menjadi kelabu berkilat,Brown solid burns brightly and turns into shiny grey,Pepejal kuning bertukar menjadi putih,Yellow solid turns white,Campuran berasap tebal dan meletup,The mixture smokes heavily and explodes,B,"Hidrogen adalah lebih reaktif daripada ferum. Hidrogen bertindak menurunkan ferum(III) oksida (perang) kepada logam besi (kelabu berkilat), membebaskan haba (membara dengan terang) dan menghasilkan wap air.
*Translation:* Hydrogen is more reactive than iron. Hydrogen reduces iron(III) oxide (brown) to iron metal (shiny grey), releasing heat (glowing brightly) and producing water vapor."
4,B,Bab 4: Kereaktifan Logam (Reactivity of Metals) - Kuiz Set B,16,"Antara pasangan logam dan oksida logam berikut, yang manakah TIDAK akan menghasilkan sebarang tindak balas apabila dipanaskan bersama?",Which of the following pairs of metal and metal oxide will NOT produce any reaction when heated together?,Karbon + Plumbum(II) oksida,Carbon + Lead(II) oxide,Hidrogen + Ferum(III) oksida,Hydrogen + Iron(III) oxide,Karbon + Magnesium oksida,Carbon + Magnesium oxide,Hidrogen + Kuprum(II) oksida,Hydrogen + Copper(II) oxide,C,"Magnesium terletak di atas karbon dalam siri kereaktifan logam (magnesium lebih reaktif). Oleh itu, karbon tidak boleh menurunkan magnesium oksida dan tiada tindak balas berlaku. Bagi pilihan lain, karbon/hidrogen adalah lebih reaktif daripada plumbum, besi, dan kuprum, maka tindak balas penurunan berlaku.
*Translation:* Magnesium is located above carbon in the reactivity series (magnesium is more reactive). Therefore, carbon cannot reduce magnesium oxide and no reaction occurs. For other choices, carbon/hydrogen is more reactive than lead, iron, and copper, so reduction reactions occur."
4,B,Bab 4: Kereaktifan Logam (Reactivity of Metals) - Kuiz Set B,17,Di manakah kedudukan hidrogen diletakkan dalam siri kereaktifan logam berdasarkan keputusan kajian saintifik (Jadual 4.2)?,Where is hydrogen positioned in the metal reactivity series based on the results of scientific studies (Table 4.2)?,Di antara aluminium dan zink,Between aluminium and zinc,Di antara magnesium dan aluminium,Between magnesium and aluminium,Di antara zink dan ferum,Between zinc and iron,Di antara ferum dan plumbum,Between iron and lead,C,"Gas hidrogen dapat menurunkan oksida bagi besi, plumbum, dan kuprum, tetapi gagal menurunkan oksida bagi zink dan aluminium. Maka, hidrogen terletak di antara zink dan ferum.
*Translation:* Hydrogen gas can reduce oxides of iron, lead, and copper, but fails to reduce oxides of zinc and aluminium. Thus, hydrogen is positioned between zinc and iron."
4,B,Bab 4: Kereaktifan Logam (Reactivity of Metals) - Kuiz Set B,18,"Bagi logam-logam yang terletak di atas karbon dalam siri kereaktifan (seperti kalium, natrium, kalsium, magnesium, dan aluminium), apakah kaedah pengekstrakan yang paling sesuai digunakan?","For metals located above carbon in the reactivity series (such as potassium, sodium, calcium, magnesium, and aluminium), what is the most suitable extraction method?",Penurunan oksida logam oleh karbon,Reduction of metal oxide by carbon,Elektrolisis sebatian logam dalam keadaan lebur,Electrolysis of molten metal compounds,Pemanasan terus sebatian logam dalam udara,Direct heating of metal compounds in air,Pengekstrakan fizikal terus daripada kerak Bumi,Direct physical mining from the Earth's crust,B,"Logam yang sangat reaktif (di atas karbon) mengikat oksigen atau klorida dengan sangat kuat. Ikatan kimia ini tidak boleh dipecahkan oleh penurunan karbon, sebaliknya memerlukan tenaga elektrik yang tinggi melalui proses elektrolisis leburan untuk mengekstrak logam tersebut.
*Translation:* Very reactive metals (above carbon) bind oxygen or chloride very strongly. These chemical bonds cannot be broken by carbon reduction; instead, they require high electrical energy through the electrolysis of molten compounds to extract the metal."
4,B,Bab 4: Kereaktifan Logam (Reactivity of Metals) - Kuiz Set B,19,Logam ferum (besi) dan timah diekstrak daripada bijihnya di kilang industri terutamanya melalui proses...,Iron and tin metals are extracted from their ores in industrial plants primarily through the process of...,Elektrolisis leburan garam,Molten electrolysis,Penurunan oksida logam oleh karbon dalam relau bagas,Reduction of metal oxide by carbon in a blast furnace,Tindak balas asid hidroklorik dengan mineral,Reaction of hydrochloric acid with minerals,Pemanasan terus tanpa karbon,Direct heating without carbon,B,"Besi dan timah terletak di bawah karbon dalam siri kereaktifan logam, menjadikan kaedah penurunan oksida logam oleh karbon (arang kok) di dalam relau bagas sebagai kaedah industri yang paling ekonomi dan cekap.
*Translation:* Iron and tin are located below carbon in the metal reactivity series, making the reduction of metal oxides by carbon (coke) in a blast furnace the most economical and efficient industrial method."
4,B,Bab 4: Kereaktifan Logam (Reactivity of Metals) - Kuiz Set B,20,"Dalam Relau Bagas (Blast Furnace) untuk pengekstrakan besi, apakah bahan kimia utama yang dimasukkan dari bahagian atas relau selain daripada bijih besi (hematit)?","In a Blast Furnace for iron extraction, what are the primary chemical materials fed from the top of the furnace other than iron ore (hematite)?",Arang batu sahaja,Coal only,Arang kok dan batu kapur,Coke and limestone,Kalsium klorida dan silika sand,Calcium chloride and silica sand,Gas karbon monoksida,Carbon monoxide gas,B,"Pengekstrakan besi memerlukan bijih besi (hematit), arang kok (karbon) sebagai ejen penurunan dan bahan api, serta batu kapur (kalsium karbonat) untuk menyingkirkan bendasing berasid (seperti silika).
*Translation:* Iron extraction requires iron ore (hematite), coke (carbon) as the reducing agent and fuel, and limestone (calcium carbonate) to remove acidic impurities (such as silica)."
4,B,Bab 4: Kereaktifan Logam (Reactivity of Metals) - Kuiz Set B,21,"Semasa pembakaran arang kok di dalam relau bagas pada suhu yang tinggi, gas manakah yang dihasilkan dan bertindak sebagai ejen penurunan kuat utama untuk menurunkan bijih besi kepada leburan besi?","During the combustion of coke in a blast furnace at high temperatures, which gas is produced and acts as the primary strong reducing agent to reduce iron ore into molten iron?",Karbon dioksida,Carbon dioxide,Karbon monoksida,Carbon monoxide,Gas nitrogen,Nitrogen gas,Wap air,Water vapor,B,"Karbon dioksida bertindak balas dengan arang kok yang panas untuk menghasilkan gas karbon monoksida (CO). Karbon monoksida ialah ejen penurunan utama yang menyingkirkan oksigen daripada ferum(III) oksida untuk menghasilkan leburan besi tulen.
*Translation:* Carbon dioxide reacts with hot coke to produce carbon monoxide gas (CO). Carbon monoxide is the main reducing agent that removes oxygen from iron(III) oxide to produce pure molten iron."
4,B,Bab 4: Kereaktifan Logam (Reactivity of Metals) - Kuiz Set B,22,Batu kapur (kalsium karbonat) terurai di dalam relau bagas untuk menghasilkan kalsium oksida. Apakah fungsi kalsium oksida dalam pembentukan sanga (slag)?,Limestone (calcium carbonate) decomposes in the blast furnace to produce calcium oxide. What is the function of calcium oxide in the formation of slag?,Menurunkan suhu operasi relau bagas,To lower the operating temperature of the blast furnace,Menurunkan ferum(III) oksida kepada besi,To reduce iron(III) oxide to iron,Bertindak balas dengan bendasing pasir (silika) untuk membentuk kalsium silikat,To react with sand/silica impurities to form calcium silicate,Menghalang gas karbon monoksida daripada terlepas,To prevent carbon monoxide gas from escaping,C,"Kalsium oksida (bes) bertindak balas dengan bendasing pasir silikon dioksida (asid) yang ada di dalam bijih besi untuk menghasilkan kalsium silikat, yang dikenali sebagai sanga (slag).
*Translation:* Calcium oxide (base) reacts with silica/silicon dioxide impurities (acid) present in the iron ore to produce calcium silicate, which is known as slag."
4,B,Bab 4: Kereaktifan Logam (Reactivity of Metals) - Kuiz Set B,23,Sanga (slag) dan leburan besi terkumpul di bahagian bawah relau bagas dalam fasa cecair. Bagaimanakah kedua-dua cecair ini dipisahkan secara fizikal?,Slag and molten iron accumulate at the bottom of the blast furnace in liquid phase. How are these two liquids physically separated?,"Sanga kurang tumpat daripada leburan besi, maka ia terapung di atas besi dan dikeluarkan melalui salur keluar yang berbeza","If the molten steel does not fit properly, it will float on top of the iron and be discharged through a different outlet",Leburan besi membeku lebih cepat berbanding sanga,Iron casting cools faster than steel,Sanga ditarik menggunakan elektromagnet kuat,The steel is drawn using a strong electromagnet,Kedua-dua cecair bercampur sebati dan membentuk aloi besi tuangan,The two liquids mix uniformly and form cast iron,A,"Sanga (kalsium silikat) mempunyai ketumpatan yang lebih rendah berbanding leburan besi. Oleh itu, sanga terapung di lapisan atas, memudahkan pengeluaran cecair besi dan cecair sanga dilakukan secara berasingan melalui paip keluar relau bagas masing-masing.
*Translation:* Slag (calcium silicate) has a lower density compared to molten iron. Therefore, slag floats on the top layer, allowing molten iron and molten slag to be tapped out separately through their respective outlets."
4,B,Bab 4: Kereaktifan Logam (Reactivity of Metals) - Kuiz Set B,24,"Antara berikut, yang manakah merupakan kegunaan industri bagi sanga (slag) yang dikumpulkan daripada sisa relau bagas?",Which of the following is an industrial application of the slag collected from blast furnace waste?,Bahan utama membuat badan kenderaan,Primary material for making vehicle bodies,Pembuatan simen dan asas pembinaan jalan raya,Manufacturing cement and road construction base,Ejen pembekal elektrik alternatif,Electrical power alternative source,Penghasilan bateri litium-kobalt,Production of lithium-cobalt batteries,B,"Sanga (slag) disejukkan dan dihancurkan untuk digunakan semula dalam industri pembinaan, terutamanya bagi pembuatan simen dan sebagai bahan asas dalam turapan jalan raya.
*Translation:* Slag is cooled and crushed to be reused in the construction industry, particularly for manufacturing cement and as a base material in road pavement."
4,B,Bab 4: Kereaktifan Logam (Reactivity of Metals) - Kuiz Set B,25,"Aktiviti perlombongan bijih logam yang tidak dirancang dengan baik boleh menyebabkan pelbagai isu alam sekitar. Antara berikut, yang manakah kesan negatif perlombongan terhadap biosfera dan hidrosfera?",Unplanned metal mining activities can cause various environmental issues. Which of the following is a negative effect of mining on the biosphere and hydrosphere?,Penggunaan tenaga elektrik yang menjimatkan,Efficient electricity usage,Kemusnahan habitat hidupan hutan dan pencemaran air sungai akibat kelodak bijih,Habitat loss of forest animals and river water pollution due to tailing dams,Peningkatan kadar fotosintesis tumbuhan di sekeliling,Increase in plant photosynthesis rates,Penurunan aras asid tanah,Decrease in soil acidity levels,B,"Perlombongan menuntut penebangan hutan (kemusnahan habitat/biodiversiti) dan pencucian bijih logam menghasilkan kelodak tanah serta sisa kimia yang mencemari aliran air sungai terdekat, memusnahkan kehidupan akuatik (hidrosfera).
*Translation:* Mining requires deforestation (habitat and biodiversity destruction), and washing metal ores produces silt and chemical wastes that pollute nearby rivers, destroying aquatic life (hydrosphere)."
5,A,Bab 5: Termokimia (Thermochemistry) - Kuiz Set A,1,Apakah definisi termokimia yang paling tepat?,What is the most accurate definition of thermochemistry?,Kajian tentang kadar tindak balas kimia yang dipengaruhi oleh suhu persekitaran.,A study on the rate of chemical reactions influenced by environmental temperature.,Kajian tentang perubahan haba semasa tindak balas kimia berlaku.,A study on the change in temperature during a chemical reaction occurs.,Kajian tentang pemindahan elektron antara bahan tindak balas dalam sel elektrokimia.,A study on the electron transfer between reactant materials in electrochemical cells.,Kajian tentang kekuatan asid dan alkali berdasarkan kepekatan ion hidrogen.,A study on the strength of acids and bases based on hydrogen ion concentration.,B,"Termokimia ditakrifkan secara khusus sebagai bidang sains yang mengkaji perubahan tenaga haba (sama ada dibebaskan atau diserap) yang mengiringi tindak balas kimia.
*Thermochemistry is specifically defined as the branch of science that studies the changes in heat energy (either released or absorbed) accompanying chemical reactions."
5,A,Bab 5: Termokimia (Thermochemistry) - Kuiz Set A,2,"Antara berikut, yang manakah merupakan sistem dalam kajian termokimia?","Which of the following constitutes the ""system"" in thermochemical studies?",Kawasan di luar bekas yang menerima haba daripada tindak balas.,The region outside the container that receives heat from the reaction.,"Termometer, bikar, dan udara di sekeliling tindak balas.","The thermometer, beaker, and air surrounding the reaction.",Campuran bahan kimia yang bertindak balas di dalam bekas.,The mixture of chemicals reacting inside the container.,Polistirena yang digunakan untuk menyalut bekas eksperimen.,The polystyrene used to insulate the experimental container.,C,"Dalam termokimia, ""sistem"" (system) merujuk kepada campuran bahan tindak balas yang sedang mengalami perubahan kimia di dalam bekas, manakala ""persekitaran"" (surroundings) adalah semua benda di luar sistem seperti bikar, termometer, dan udara sekitar.
*In thermochemistry, the ""system"" refers to the mixture of reactants undergoing chemical change inside the vessel, while the ""surroundings"" include everything outside the system, such as the beaker, thermometer, and surrounding air."
5,A,Bab 5: Termokimia (Thermochemistry) - Kuiz Set A,3,"Apabila natrium hidroksida pepejal (NaOH) dilarutkan dalam air, bacaan termometer meningkat. Apakah kesimpulan yang boleh dibuat tentang tindak balas ini?","When solid sodium hydroxide (NaOH) is dissolved in water, the thermometer reading increases. What conclusion can be drawn about this reaction?",Ia adalah tindak balas endotermik kerana haba diserap daripada persekitaran.,It is an exothermic reaction because heat is released into the surroundings.,Ia adalah tindak balas eksotermik kerana haba dibebaskan ke persekitaran.,It is an endothermic reaction because heat is absorbed from the surroundings.,"Tiada perubahan haba berlaku, dan kenaikan suhu disebabkan oleh gerakan mekanikal zarah.","There is no change in heat, and the increase in temperature is caused by the mechanical movement of particles.",Tenaga haba ditukarkan sepenuhnya kepada tenaga keupayaan kimia dalam hasil tindak balas.,Heat energy is completely converted into chemical potential energy in the products.,B,"Kenaikan suhu pada termometer (sebahagian daripada persekitaran) menunjukkan bahawa haba telah dibebaskan dari sistem ke persekitaran. Ini merupakan ciri utama tindak balas eksotermik.
*An increase in temperature on the thermometer (part of the surroundings) indicates that heat has been released from the system to the surroundings, which is the key characteristic of an exothermic reaction."
5,A,Bab 5: Termokimia (Thermochemistry) - Kuiz Set A,4,Bagaimanakah tenaga kimia hasil tindak balas dibandingkan dengan tenaga kimia bahan tindak balas dalam tindak balas eksotermik?,How does the chemical energy of the products compare to that of the reactants in an exothermic reaction?,Tenaga kimia hasil tindak balas adalah lebih tinggi daripada bahan tindak balas.,The chemical energy of the products is higher than that of the reactants.,Tenaga kimia hasil tindak balas adalah sama dengan bahan tindak balas.,The chemical energy of the products is the same as that of the reactants.,Tenaga kimia hasil tindak balas adalah lebih rendah daripada bahan tindak balas.,The chemical energy of the products is lower than that of the reactants.,Tiada kaitan antara tenaga kimia dengan pembebasan haba dalam tindak balas eksotermik.,There is no correlation between chemical energy and heat release in exothermic reactions.,C,"Dalam tindak balas eksotermik, sistem membebaskan tenaga haba ke persekitaran kerana hasil tindak balas mengandungi tenaga kimia yang lebih rendah daripada bahan tindak balas asal. Lebihan tenaga kimia ini dibebaskan sebagai haba.
*In an exothermic reaction, the system releases heat energy to the surroundings because the products contain less chemical potential energy than the original reactants. The excess chemical energy is emitted as heat."
5,A,Bab 5: Termokimia (Thermochemistry) - Kuiz Set A,5,"Antara berikut, yang manakah merupakan tindak balas endotermik?",Which of the following is an endothermic reaction?,Peneutralan antara asid hidroklorik dengan natrium hidroksida.,Neutralization of hydrochloric acid with sodium hydroxide.,Pelarutan garam amonium klorida (NH4Cl) di dalam air.,Dissolution of ammonium chloride (NH4Cl) in water.,Pembakaran pita magnesium dalam balang gas berisi oksigen.,Combustion of magnesium ribbon in a gas container filled with oxygen.,Respirasi sel dalam organisma hidup untuk menghasilkan tenaga.,Cell respiration in living organisms to produce energy.,B,"Pelarutan amonium klorida di dalam air menyerap haba dari persekitaran, menyebabkan suhu air dan bekas menurun. Oleh itu, ia dikategorikan sebagai tindak balas endotermik.
*Dissolving ammonium chloride in water absorbs heat from the surroundings, causing the temperature of the water and container to decrease. Hence, it is classified as an endothermic reaction."
5,A,Bab 5: Termokimia (Thermochemistry) - Kuiz Set A,6,"Rajah di atas menunjukkan profil pemindahan tenaga semasa tindak balas kimia.
[ Bahan tindak balas + Haba → Hasil tindak balas ]
Apakah jenis tindak balas ini dan apakah kesannya terhadap suhu persekitaran?","The diagram above shows the energy transfer profile during a chemical reaction.
[ Reactants + Heat -> Products ]
What type of reaction is this and what is its effect on surrounding temperature?",Eksotermik; Suhu persekitaran meningkat.,Exothermic; Ambient temperature increases.,Eksotermik; Suhu persekitaran menurun.,Exothermic; Ambient temperature decreases.,Endotermik; Suhu persekitaran meningkat.,Endothermic; Ambient temperature increases.,Endotermik; Suhu persekitaran menurun.,Endothermic; Ambient temperature decreases.,D,"Tindak balas yang memerlukan input haba untuk mengubah bahan tindak balas kepada hasil tindak balas (Bahan Tindak Balas + Haba -> Hasil Tindak Balas) ialah tindak balas endotermik. Pengambilan haba dari luar menyebabkan suhu persekitaran menurun.
*A reaction that requires heat input to convert reactants to products (Reactants + Heat -> Products) is an endothermic reaction. Absorbing heat from outside causes the surrounding temperature to fall."
5,A,Bab 5: Termokimia (Thermochemistry) - Kuiz Set A,7,Apakah tujuan utama menggunakan cawan polistirena dalam eksperimen untuk menentukan tindak balas eksotermik dan endotermik?,What is the primary purpose of using a polystyrene cup in experiments to determine exothermic and endothermic reactions?,Polistirena bertindak balas secara kimia dengan bahan untuk meningkatkan kepekaan eksperimen.,Polystyrene reacts chemically with the material to enhance the sensitivity of the experiment.,Polistirena adalah penebat haba yang baik untuk mengurangkan kehilangan haba ke persekitaran luar.,Polystyrene is a good thermal insulator to reduce heat loss to the surrounding environment.,Untuk membolehkan pemanasan langsung menggunakan penunu Bunsen dilakukan dengan selamat.,"To allow direct heating using a Bunsen burner, it is done safely.",Polistirena dapat mempercepatkan kadar resapan zarah pepejal di dalam larutan akues.,Polystyrene can accelerate the rate of dissolution of solid particles in an aqueous solution.,B,"Untuk mengukur perubahan suhu persekitaran secara tepat, pemindahan haba antara campuran tindak balas dengan persekitaran luar bekas mesti diminimumkan. Cawan polistirena bertindak sebagai insulator yang mengehadkan kehilangan atau penyerapan haba luar.
*To accurately measure surrounding temperature changes, heat transfer between the reaction mixture and the outer surroundings must be minimised. Polystyrene cups act as insulators that limit external heat loss or gain."
5,A,Bab 5: Termokimia (Thermochemistry) - Kuiz Set A,8,Definisi secara operasi bagi tindak balas eksotermik dalam suatu eksperimen ialah...,The operational definition of an exothermic reaction in an experiment is...,Bacaan suhu pada termometer meningkat apabila bahan kimia dicampurkan.,The temperature reading on the thermometer increases when the chemical is added.,Gas karbon dioksida terbebas dan mengeruhkan air kapur.,Carbon dioxide gas is released and reacts with lime water.,Pepejal putih melarut sepenuhnya menghasilkan larutan tanpa warna.,The white solid dissolves completely to produce a colorless solution.,Tenaga kimia dalam bahan diukur menggunakan kalorimeter bom.,The chemical energy in the substance is measured using a bomb calorimeter.,A,"Definisi secara operasi (operational definition) menerangkan apa yang dilakukan dan apa yang diperhatikan secara langsung. Dalam kes eksotermik, pemerhatian langsungnya ialah kenaikan bacaan suhu pada termometer.
*An operational definition describes what is done and what is directly observed. In the case of an exothermic reaction, the direct observation is the increase in the thermometer's temperature reading."
5,A,Bab 5: Termokimia (Thermochemistry) - Kuiz Set A,9,Mengapakah proses membakar roti atau kek dikelaskan sebagai tindak balas endotermik?,Why is the process of baking bread or cake classified as an endothermic reaction?,Kerana yis membebaskan gas karbon dioksida yang meningkatkan kelembapan udara sekeliling.,"Because it releases carbon dioxide, which increases the surrounding air humidity.",Kerana adunan menyerap tenaga haba daripada ketuhar untuk memasak dan mengembang.,Because the dough absorbs heat from the pot to cook and rise.,Kerana tindak balas penguraian tepung membebaskan haba yang banyak ke dinding oven.,Because the decomposition of flour releases a lot of heat to the oven walls.,Kerana suhu adunan meningkat dengan sendiri tanpa bantuan luar selepas yis aktif.,Because the mixture's temperature increases on its own without external assistance after the yeast becomes active.,B,"Semasa membakar kek atau roti, adunan mesti terus-menerus menyerap tenaga haba daripada persekitaran (ketuhar) untuk membolehkan tindak balas kimia memasak bahan-bahannya berlaku.
*During baking, the batter must continuously absorb heat energy from the surroundings (the oven) to enable the chemical baking reactions of its ingredients to occur."
5,A,Bab 5: Termokimia (Thermochemistry) - Kuiz Set A,10,"Antara fenomena semula jadi berikut, yang manakah melibatkan tindak balas eksotermik?",Which of the following natural phenomena involves an exothermic reaction?,Proses fotosintesis dalam daun hijau semasa waktu siang.,The process of photosynthesis in green leaves during the daytime.,Penguraian batu kapur di gua akibat tindakan air hujan berasid.,The decomposition of limestone in caves due to the action of acidic rainwater.,Proses respirasi sel yang membebaskan tenaga haba untuk memanaskan badan.,The cellular respiration process that releases energy as heat to warm the body.,Pembentukan embun pada daun pada waktu pagi yang sejuk.,The formation of dew on leaves in the early cool morning.,C,"Respirasi sel ialah tindak balas pembakaran glukosa secara biokimia di dalam sel badan yang membebaskan tenaga haba dan ATP (eksotermik), manakala fotosintesis pula menyerap tenaga cahaya matahari (endotermik).
*Cellular respiration is the biochemical oxidation of glucose inside body cells that releases heat energy and ATP (exothermic), whereas photosynthesis absorbs solar light energy (endothermic)."
5,A,Bab 5: Termokimia (Thermochemistry) - Kuiz Set A,11,"Pek panas segera digunakan untuk melegakan kekejangan otot. Antara bahan kimia berikut, yang manakah lazim digunakan dalam penghasilan produk ini?",Instant hot packs are used to relieve muscle cramps. Which of the following chemicals is commonly used in designing this product?,Ammonium nitrat (NH4NO3) kering.,Ammonium nitrate (NH4NO3) powder.,Natrium hidrogen karbonat (NaHCO3).,Sodium hydrogen carbonate (NaHCO3).,Kalsium klorida kontang (CaCl2).,Calcium chloride (CaCl2).,Ammonium klorida (NH4Cl).,Ammonium chloride (NH4Cl).,C,"Kalsium klorida kontang (anhydrous calcium chloride) atau magnesium sulfat kontang melarut dalam air secara eksotermik yang sangat kuat, membebaskan haba yang mencukupi untuk melegakan kekejangan otot dengan meningkatkan aliran darah.
*Anhydrous calcium chloride or anhydrous magnesium sulfate dissolves in water in a highly exothermic manner, releasing sufficient heat to relieve muscle cramps by increasing blood circulation."
5,A,Bab 5: Termokimia (Thermochemistry) - Kuiz Set A,12,Bagaimanakah pek sejuk segera membantu mengurangkan bengkak pada luka dari segi fisiologi?,How does an instant cold pack function physiologically to reduce wound swelling?,Haba dibebaskan untuk mencairkan gumpalan darah di kapilari darah.,Heat is released to melt blood clots in capillaries.,"Haba diserap daripada tisu badan, menyebabkan lumen kapilari darah mengecut untuk mengurangkan keradangan.","Heat is absorbed from the body tissues, causing the diameter of the blood capillaries to constrict to reduce inflammation.",Bahan kimia meresap masuk merentasi kulit untuk membunuh bakteria di kawasan luka.,Chemicals penetrate the skin to kill bacteria in the wound area.,Ia menaikkan suhu sel badan untuk mempercepatkan proses mitosis sel kulit baru.,It raises the body cell temperature to speed up the process of mitosis of new skin cells.,B,"Pek sejuk segera menyerap haba secara endotermik daripada tisu badan yang bengkak/cedera. Kesan sejuk ini mengecutkan lumen kapilari darah (*vasoconstriction*), mengurangkan pengaliran darah ke kawasan tersebut, sekali gus meredakan bengkak, keradangan, dan pendarahan.
*Instant cold packs absorb heat endothermically from swollen/injured body tissues. This cold effect constricts blood capillary lumens (vasoconstriction), reducing blood flow to the area, thereby mitigating swelling, inflammation, and bleeding."
5,A,Bab 5: Termokimia (Thermochemistry) - Kuiz Set A,13,"Seorang murid mereka bentuk pek sejuk menggunakan dua beg plastik, iaitu beg kecil berisi air dan beg besar berisi garam ammonium nitrat. Apakah tindakan mekanikal yang diperlukan untuk mengaktifkan pek tersebut?","A student designs a DIY cold pack using two plastic bags (one small containing water, one large containing ammonium nitrate salt). What mechanical action is required to activate this pack?",Memanaskan beg plastik luar menggunakan lilin sehingga garam melebur.,Melt the plastic bag outer layer using a candle until the salt melts.,Menekan beg plastik luar dengan kuat untuk memecahkan beg plastik dalam bagi mencampurkan bahan.,Press the outer layer of the plastic bag firmly to break the inner bag and mix the ingredients.,Menggoncang beg plastik sehingga garam mengalir keluar secara resapan gas.,Shake the plastic bag until the salt flows out due to gas permeation.,Mencucuk beg plastik luar menggunakan jarum untuk membiarkan udara luar masuk.,Puncture the outer layer of the plastic bag with a needle to allow external air to enter.,B,"Untuk mengaktifkan pek DIY, beg plastik dalam yang nipis yang berisi air perlu dipecahkan dengan cara ditekan/diramas. Ini membolehkan air bercampur dan melarutkan amonium nitrat (tindak balas endotermik) dengan selamat tanpa kebocoran luar.
*To activate the DIY pack, the thin inner plastic bag containing water must be ruptured by pressing/squeezing it. This allows water to mix with and dissolve the ammonium nitrate (endothermic reaction) safely without leaking externally."
5,A,Bab 5: Termokimia (Thermochemistry) - Kuiz Set A,14,Tindak balas termit digunakan untuk mengimpal landasan kereta api yang retak. Apakah logam yang terhasil dalam keadaan lebur akibat tindak balas eksotermik yang sangat hebat ini?,The thermite reaction is used to weld broken railway tracks. What metal is produced in a molten state due to this extreme exothermic reaction?,Aluminium,Aluminium,Kuprum,Copper,Ferum,Besi,Magnesium,Magnesium,C,"Tindak balas termit melibatkan tindak balas antara ferum(III) oksida dengan serbuk aluminium:
$$	ext{Ferum(III) oksida} + 	ext{Aluminium}
ightarrow 	ext{Aluminium oksida} + 	ext{Ferum (Besi) + Haba}$$
Haba ekstrem yang dibebaskan mencairkan besi (ferum) yang terhasil, membolehkannya mengalir dan mengisi rekahan landasan kereta api.
*The thermite reaction involves reacting iron(III) oxide with aluminium powder to produce iron and aluminium oxide. The extreme heat released melts the produced iron (ferum), allowing it to flow and fill track fractures."
5,A,Bab 5: Termokimia (Thermochemistry) - Kuiz Set A,15,"Antara pasangan bahan tindak balas berikut, yang manakah menunjukkan penurunan suhu paling ketara apabila dicampurkan dalam cawan polistirena?","Among the following reactants, which pair will show the most significant temperature drop on a thermometer when mixed in a polystyrene cup?",Asid hidroklorik cair + larutan natrium hidroksida.,Dilute hydrochloric acid + sodium hydroxide solution.,Serbuk natrium hidrogen karbonat + asid hidroklorik cair.,Sodium hydrogen carbonate powder + dilute hydrochloric acid.,Habuk zink + larutan kuprum(II) sulfat.,Zinc granules + copper(II) sulfate solution.,Pepejal natrium hidroksida + air suling.,Solid sodium hydroxide + distilled water.,B,"Tindak balas asid hidroklorik dengan natrium hidrogen karbonat (natrium bikarbonat) adalah endotermik. Ia menyerap haba dari persekitaran dan menyebabkan penurunan suhu yang ketara pada termometer, manakah pilihan A, C, dan D adalah eksotermik.
*The reaction between hydrochloric acid and sodium hydrogen carbonate is endothermic, absorbing heat from surroundings and causing a notable temperature drop. Options A, C, and D are exothermic."
5,A,Bab 5: Termokimia (Thermochemistry) - Kuiz Set A,16,"Dari sudut termokimia, mengapakah pemanasan global berkait rapat dengan penebangan hutan?",Why is global warming closely linked to deforestation from a thermochemical point of view?,Kemusnahan pokok mengurangkan tindak balas eksotermik respirasi sel yang menyejukkan atmosfera.,Decay of vegetation reduces the exothermic cellular respiration response that cools the atmosphere.,Fotosintesis ialah tindak balas endotermik yang menyerap haba solar; kurang pokok bermakna kurang haba solar dan gas CO2 diserap dari atmosfera.,Photosynthesis is an endothermic process that absorbs solar heat; fewer trees mean less solar heat and CO2 being absorbed from the atmosphere.,Kemusnahan pokok meningkatkan kadar penyejatan air tanah secara eksotermik yang memanaskan awan.,Decay of vegetation increases the exothermic rate of soil cooling which warms the clouds.,Pokok mati mengalami reputan secara endotermik yang membebaskan sulfur dioksida ke udara.,Dead trees undergo endothermic decomposition releasing sulfur dioxide into the air.,B,"Fotosintesis tumbuhan adalah proses endotermik yang menyerap tenaga haba cahaya matahari serta gas rumah hijau utama, karbon dioksida ($CO_2$). Kemusnahan hutan mengurangkan kebolehan bumi menyerap haba dan gas $CO_2$ ini, menyebabkan peningkatan suhu atmosfera global.
*Plant photosynthesis is an endothermic process that absorbs solar heat energy and carbon dioxide ($CO_2$), a key greenhouse gas. Deforestation reduces Earth's capacity to absorb heat and $CO_2$, intensifying global temperatures."
5,A,Bab 5: Termokimia (Thermochemistry) - Kuiz Set A,17,"Dalam suatu eksperimen termokimia, suhu awal air ialah 28 °C. Selepas ammonium klorida dilarutkan, suhu akhir menjadi tetap pada 21 °C. Berapakah perubahan suhu (Δθ) bagi eksperimen ini?","While conducting a thermochemistry experiment, a student found that the initial temperature of water was 28 °C. After dissolving ammonium chloride, the final temperature was stable at 21 °C. What is the temperature change (Δθ) for this experiment?",$+7	ext{ }^\circ	ext{C}$,$+7\text{ }^\circ\text{C}$,$-7	ext{ }^\circ	ext{C}$,$-7\text{ }^\circ\text{C}$,$+49	ext{ }^\circ	ext{C}$,$+49\text{ }^\circ\text{C}$,$-49	ext{ }^\circ	ext{C}$,$-49\text{ }^\circ\text{C}$,B,"Perubahan suhu dikira sebagai:
$$\Delta	heta = 	ext{Suhu Akhir} - 	ext{Suhu Awal} = 21	ext{ }^\circ	ext{C} - 28	ext{ }^\circ	ext{C} = -7	ext{ }^\circ	ext{C}$$
Tanda negatif ($-$) menunjukkan berlakunya penurunan suhu (penyerapan haba/endotermik).
*Temperature change is calculated as Final Temperature minus Initial Temperature, yielding -7 °C. The negative sign represents a drop in temperature, signifying an endothermic reaction."
5,A,Bab 5: Termokimia (Thermochemistry) - Kuiz Set A,18,"Antara pernyataan berikut, yang manakah menerangkan keseimbangan terma yang dicapai pada akhir tindak balas eksotermik?","Which of the following statements describes the ""thermal equilibrium"" achieved at the end of an exothermic reaction?",Suhu campuran tindak balas terus meningkat tanpa had secara eksponen.,The mixed reaction temperature continues to increase exponentially without limit.,Suhu campuran menurun sehingga ia sama dengan suhu persekitaran luar.,The mixed temperature decreases until it is equal to the external ambient temperature.,Semua tenaga kimia ditukarkan kepada tenaga mekanikal secara berterusan.,All chemical energy is continuously converted to mechanical energy.,Suhu sifar mutlak ($0	ext{ K}$) dicapai di dalam cawan polistirena.,Absolute zero temperature ($0	ext{ K}$) is achieved within the polystyrene cup.,B,"Apabila tindak balas eksotermik selesai, pembebasan haba berhenti. Campuran yang panas akan memindahkan baki tenaga habanya secara beransur-ansur ke persekitaran luar sehingga ia mencapai suhu yang sama dengan suhu bilik sekeliling (keseimbangan terma).
*When an exothermic reaction finishes, heat release stops. The hot mixture gradually transfers its remaining heat energy to the external surroundings until it matches the room temperature (thermal equilibrium)."
5,A,Bab 5: Termokimia (Thermochemistry) - Kuiz Set A,19,Nyatakan gas berasid yang dibebaskan daripada pembakaran bahan api fosil di stesen jana kuasa dan larut dalam air hujan lalu menghasilkan hujan asid.,State the acidic gas released from burning fossil fuels in power stations that dissolves in rainwater to produce acid rain.,Karbon monoksida,Carbon monoxide,Nitrogen gas,Nitrogen gas,Sulfur dioksida,Sulfur dioxide,Oksigen gas,Oxygen gas,C,"Pembakaran bahan api fosil (seperti arang batu) membebaskan gas sulfur dioksida ($SO_2$) yang berasid. Gas ini melarut dalam air hujan untuk membentuk asid sulfurik cair (hujan asid) yang merosakkan tisu tumbuhan dan menyuburkan keasidan tanah secara merosakkan.
*Burning fossil fuels (such as coal) releases acidic sulfur dioxide ($SO_2$) gas. This gas dissolves in rainwater to form dilute sulfuric acid (acid rain), destroying plant tissues and harmfully altering soil acidity."
5,A,Bab 5: Termokimia (Thermochemistry) - Kuiz Set A,20,Tindak balas antara asid kuat dengan alkali kuat dikenali sebagai tindak balas peneutralan. Apakah jenis tindak balas ini dan apakah molekul utama yang terbentuk?,The reaction between a strong acid and a strong alkali is known as a neutralisation reaction. What is the type of this reaction and the primary molecule formed?,Endotermik; Molekul gas oksigen ($O_2$).,Endothermic; Molecule of oxygen ($O_2$).,Endotermik; Garam natrium bikarbonat.,Endothermic; Sodium bicarbonate.,Eksotermik; Molekul air ($H_2O$).,Exothermic; Molecule of water ($H_2O$).,Eksotermik; Gas hidrogen ($H_2$).,Exothermic; Hydrogen gas ($H_2$).,C,"Peneutralan ($H^+ + OH^-
ightarrow H_2O$) adalah tindak balas eksotermik yang sentiasa membebaskan tenaga haba ke persekitaran semasa molekul air neutral terbentuk daripada gabungan ion asid dan alkali.
*Neutralisation ($H^+ + OH^-
ightarrow H_2O$) is an exothermic reaction that always releases heat energy to surroundings as neutral water molecules form from acidic and alkaline ions."
5,A,Bab 5: Termokimia (Thermochemistry) - Kuiz Set A,21,Mengapakah pembakaran lilin dikelaskan sebagai tindak balas eksotermik?,Why is a burning candle classified as an exothermic reaction?,Kerana lilin pepejal menyerap tenaga haba dari bilik untuk melebur menjadi cecair.,Because the solid candle absorbs heat energy from the room to melt into a liquid.,Kerana pembakaran sumbu lilin membebaskan tenaga cahaya dan haba ke persekitaran.,Because the burning of the candle wick releases light and heat energy into the surroundings.,Kerana lilin menghasilkan oksigen yang menyejukkan udara sekitar sumbu.,Because the candle produces oxygen that cools the air around the wick.,Kerana suhu lilin menurun di bawah takat beku lilin lebur semasa menyala.,Because the candle's temperature drops below the melting point of the candle as it burns.,B,"Pembakaran lilin (combustion of hydrocarbons) ialah tindak balas pengoksidaan yang membebaskan tenaga tenaga haba dan cahaya (eksotermik) ke persekitaran sekelilingnya secara aktif. Kenaikan suhu dikesan di sekitar api lilin.
*Candle burning (combustion of hydrocarbons) is an oxidation reaction that actively releases heat and light energy (exothermic) to the surrounding surroundings, resulting in a temperature rise around the flame."
5,A,Bab 5: Termokimia (Thermochemistry) - Kuiz Set A,22,"Antara berikut, yang manakah merupakan definisi secara operasi bagi penyerapan haba dalam eksperimen sains?",Which of the following is the operational definition of heat absorption in a science experiment?,Pembentukan gelembung gas di dalam bikar semasa tindak balas.,Formation of gas bubbles within the liquid during the reaction.,Penurunan bacaan suhu pada termometer di dalam larutan.,Temperature reading on the thermometer decreases in the solution.,Warna larutan litmus ungu bertukar menjadi biru gelap.,The color of the litmus solution turns deep blue.,Berat bikar didapati bertambah selepas bahan dilarutkan.,The mass of the liquid is found to increase after the substance is dissolved.,B,"Definisi secara operasi bagi penyerapan haba (endotermik) ditunjukkan secara fizikal melalui kejatuhan/penurunan bacaan suhu pada termometer di dalam larutan tindak balas.
*The operational definition of heat absorption (endothermic) is physically shown through the drop/decrease in the temperature reading on the thermometer inside the reaction solution."
5,A,Bab 5: Termokimia (Thermochemistry) - Kuiz Set A,23,"Pada waktu malam tanpa cahaya matahari, apakah proses utama yang dijalankan oleh tumbuhan hijau yang melibatkan perubahan tenaga haba?","Under night conditions without sunlight, what is the primary process carried out by green plants involving heat energy changes?",Fotosintesis (Endotermik) yang menyerap haba dari persekitaran.,Photosynthesis (Endothermic) that absorbs heat from the environment.,Transpirasi (Eksotermik) yang menghasilkan titisan embun pelembaban.,Transpiration (Exothermic) that produces dew-like moisture evaporation.,Respirasi Sel (Eksotermik) yang membebaskan haba ke persekitaran.,Cell Respiration (Exothermic) that releases heat into the environment.,Osmosis flasid sel pengawal yang menyerap haba dari tanah.,Osmosis in the guard cell that absorbs heat from the soil.,C,"Pada waktu malam, tumbuhan tidak menjalankan fotosintesis (endotermik) kerana tiada cahaya matahari. Namun, tumbuhan terus-menerus menjalankan respirasi sel (eksotermik) sepanjang masa untuk membebaskan tenaga kehidupan dan haba.
*At night, plants do not carry out photosynthesis (endothermic) due to the absence of sunlight. However, plants continuously perform cellular respiration (exothermic) all the time to release vital energy and heat."
5,A,Bab 5: Termokimia (Thermochemistry) - Kuiz Set A,24,"Penguraian kalsium karbonat (CaCO₃) apabila dipanaskan dengan kuat di dalam makmal, seperti ditunjukkan dalam Rajah 1, menghasilkan kalsium oksida (CaO) dan karbon dioksida (CO₂). Tindak balas ini dikelaskan sebagai...",The decomposition of calcium carbonate ($CaCO_3$) when heated strongly in the laboratory (as shown in Figure 1) produces calcium oxide ($CaO$) and carbon dioxide ($CO_2$). This reaction is classified as...,Eksotermik kerana ia membebaskan gas karbon dioksida.,Exothermic because it releases carbon dioxide gas.,Endotermik kerana ia memerlukan bekalan tenaga haba berterusan dari penunu Bunsen untuk terurai.,Endothermic because it requires a continuous supply of heat from the Bunsen burner to decompose.,Peneutralan asid-bes antara garam karbonat dengan air kapur.,Neutralization reaction between carbonate salt and lime water.,Tindak balas pembakaran bergas yang menurunkan tekanan udara tabung uji.,Gas combustion reaction that lowers the test tube air pressure.,B,"Penguraian terma (thermal decomposition) bagi kalsium karbonat adalah tindak balas endotermik kerana bahan tindak balas mesti menyerap tenaga haba dari luar secara aktif untuk memutuskan ikatan kimia di dalamnya.
*The thermal decomposition of calcium carbonate is an endothermic reaction because the reactant must actively absorb heat energy from an external source to break its chemical bonds."
5,A,Bab 5: Termokimia (Thermochemistry) - Kuiz Set A,25,Apakah istilah bagi tindak balas kimia yang tidak membebaskan atau menyerap sebarang tenaga haba bersih daripada persekitarannya?,What is the term for a chemical reaction that does not release or absorb any net heat energy with its surroundings?,Tindak balas Isoterma,Isothermal Response,Tindak balas Endotermik,Endothermic Response,Tindak balas Eksotermik,Exothermic Response,Tindak balas Terma Seimbang,Thermally Balanced Response,A,"Tindak balas kimia atau fizikal yang berlaku tanpa sebarang perubahan bersih dalam tenaga haba atau suhu sistem dikenali sebagai proses atau tindak balas isoterma (isothermal).
*A chemical or physical reaction that occurs without any net change in heat energy or system temperature is known as an isothermal process or reaction."
5,B,Bab 5: Termokimia (Thermochemistry) - Kuiz Set B,1,Apakah perbezaan utama antara sistem dengan persekitaran dalam eksperimen termokimia?,"What is the main difference between the ""system"" and the ""surroundings"" in a thermochemical experiment?",Sistem menyerap tenaga manakala persekitaran sentiasa membebaskan tenaga.,The system absorbs energy while the surroundings continuously release energy.,"Sistem terdiri daripada bahan tindak balas yang sedang mengalami perubahan kimia, manakala persekitaran adalah ruang dan bahan di luar campuran tindak balas tersebut.","The system consists of reactants undergoing chemical change, while the surroundings are the space and materials outside the reaction mixture.",Sistem berada di luar bekas manakala persekitaran berada di dalam bekas tindak balas.,The system is outside the reaction vessel while the surroundings are inside the reaction vessel.,Sistem hanya mengandungi air manakala persekitaran mengandungi termometer dan bikar sahaja.,The system contains only water while the surroundings contain a thermometer and bubbles only.,B,"Dalam sains termokimia, sistem merujuk kepada bahan tindak balas di dalam bekas di mana tindak balas kimia berlaku, manakala semua benda di luar sistem tersebut (termometer, air, bikar, udara) diisytiharkan sebagai persekitaran.
*In thermochemistry, the system refers to the reactants inside the container where the chemical reaction takes place, while everything outside that system (thermometer, water, beaker, air) is declared as the surroundings."
5,B,Bab 5: Termokimia (Thermochemistry) - Kuiz Set B,2,Rajah profil tenaga bagi suatu tindak balas menunjukkan bahawa tenaga hasil tindak balas lebih rendah daripada tenaga bahan tindak balas. Apakah jenis tindak balas tersebut?,An energy profile diagram of a reaction shows that the energy of the products is lower than the energy of the reactants. What type of reaction is this?,Tindak balas endotermik kerana haba diserap daripada persekitaran.,Endothermic reaction due to heat absorption from the surroundings.,Tindak balas eksotermik kerana haba dibebaskan ke persekitaran.,Exothermic reaction due to heat release to the surroundings.,Tindak balas fotokimia kerana ia memerlukan tenaga cahaya.,Photochemical reaction as it requires light energy.,Tindak balas peneutralan fizikal sahaja.,Physical neutralization reaction.,B,"Apabila tenaga kimia produk adalah lebih rendah daripada bahan tindak balas, ini bermakna lebihan tenaga kimia tersebut telah dibebaskan ke persekitaran dalam bentuk tenaga haba. Tindak balas ini dikenali sebagai eksotermik.
*When the chemical energy of the products is lower than that of the reactants, it means the excess chemical energy has been released to the surroundings as heat energy. This reaction is known as exothermic."
5,B,Bab 5: Termokimia (Thermochemistry) - Kuiz Set B,3,"Dalam tindak balas endotermik, mengapakah tenaga hasil tindak balas lebih tinggi daripada tenaga bahan tindak balas?","In an endothermic reaction, why is the energy of the products higher than the energy of the reactants?",Kerana tenaga haba diserap dari persekitaran untuk ditukar kepada tenaga kimia di dalam produk.,Because heat energy is absorbed from the surroundings to be converted into chemical energy within the reactants.,Kerana tindak balas memusnahkan semua atom bahan tindak balas.,Because the reaction breaks all atoms of the reactant.,Kerana suhu persekitaran meningkat dengan mendadak semasa tindak balas.,Because the surrounding temperature rises suddenly during the reaction.,Kerana pemutusan ikatan kimia membebaskan lebih banyak tenaga haba daripada pembentukan ikatan.,Because the breaking of chemical bonds releases more heat energy than the formation of bonds.,A,"Tindak balas endotermik menyerap haba dari persekitaran. Tenaga haba yang diserap ini disimpan sebagai tenaga kimia di dalam ikatan produk, menyebabkan produk mempunyai kandungan tenaga yang lebih tinggi daripada bahan tindak balas asal.
*Endothermic reactions absorb heat from the surroundings. This absorbed heat energy is stored as chemical energy in the bonds of the products, causing the products to have a higher energy content than the original reactants."
5,B,Bab 5: Termokimia (Thermochemistry) - Kuiz Set B,4,"Apabila garam ammonium nitrat (NH₄NO₃) dilarutkan dalam air, suhu menurun. Antara berikut, yang manakah benar tentang proses pelarutan ini?","When ammonium nitrate salt ($NH_4NO_3$) is dissolved in water, the temperature decreases. Which of the following is true about this dissolution?",Ia adalah proses eksotermik kerana ia membebaskan tenaga haba.,It is an exothermic process because it releases heat energy.,Ia adalah proses endotermik kerana ia menyerap tenaga haba dari persekitaran (air).,It is an endothermic process because it absorbs heat energy from the surroundings (water).,Ia tidak melibatkan sebarang perubahan tenaga.,It does not involve any energy change.,Ia menghasilkan gas karbon dioksida yang menyejukkan air.,It produces carbon dioxide gas that cools the water.,B,"Kelebapan atau penurunan suhu pada bekas eksperimen membuktikan bahawa proses pelarutan garam ammonium nitrat menyerap haba daripada molekul air di sekelilingnya (persekitaran). Ini merupakan proses endotermik.
*A decrease in temperature on the experimental vessel proves that the dissolution of ammonium nitrate salt absorbs heat from the surrounding water molecules. This is an endothermic process."
5,B,Bab 5: Termokimia (Thermochemistry) - Kuiz Set B,5,"Tindak balas antara asid sitrik dengan natrium hidrogen karbonat menyebabkan suhu campuran menurun. Antara berikut, yang manakah merupakan definisi secara operasi bagi tindak balas endotermik ini?",The reaction between citric acid and sodium hydrogen carbonate causes a decrease in the temperature of the mixture. Which of the following is the operational definition of this endothermic reaction?,Tindak balas yang membebaskan gas yang memadamkan kayu uji menyala.,The reaction that releases a extinguishing test wood burning gas.,Penurunan bacaan suhu pada termometer apabila kedua-dua bahan itu bertindak balas.,The decrease in thermometer readings when the two substances react.,Pembentukan larutan berwarna kuning pekat di dalam cawan polistirena.,Formation of a deep yellow colored solution in a polystyrene beaker.,Kenaikan mendadak dalam nilai pH campuran tindak balas.,Sudden increase in the pH value of the reaction mixture.,B,"Takrifan secara operasi (operational definition) merujuk kepada apa yang diperhatikan dan diukur secara fizikal. Di sini, kesan fizikal tindak balas endotermik dikaji melalui penurunan bacaan suhu pada termometer.
*An operational definition refers to what is physically observed and measured. Here, the physical effect of the endothermic reaction is studied through the decrease in the temperature reading on the thermometer."
5,B,Bab 5: Termokimia (Thermochemistry) - Kuiz Set B,6,"Antara tindak balas berikut, yang manakah merupakan contoh tindak balas eksotermik?",Which of the following reactions is an example of an exothermic reaction?,Pereputan terma kalsium karbonat ($CaCO_3$).,Thermal decomposition of calcium carbonate (CaCO₃).,Tindak balas peneutralan asid hidroklorik dan natrium hidroksida.,Neutralization reaction between hydrochloric acid and sodium hydroxide.,Fotosintesis oleh tumbuhan hijau pada waktu siang.,Photosynthesis by green plants during the day.,Tindak balas antara asid etanoik dan natrium bikarbonat.,Reaction between ethanoic acid and sodium bicarbonate.,B,"Tindak balas peneutralan antara asid kuat dan alkali kuat sentiasa membebaskan haba ke persekitaran (suhu air meningkat), yang merupakan ciri universal bagi tindak balas eksotermik.
*Neutralisation reactions between a strong acid and a strong alkali always release heat to the surroundings (water temperature rises), which is a universal characteristic of exothermic reactions."
5,B,Bab 5: Termokimia (Thermochemistry) - Kuiz Set B,7,Pita magnesium dimasukkan ke dalam tabung uji yang mengandungi asid hidroklorik cair. Tabung uji terasa panas apabila disentuh. Mengapa?,A magnesium strip is placed in a test tube containing dilute hydrochloric acid. The test tube feels hot when touched. Why?,Logam magnesium menyerap haba dari tangan secara konduksi aktif.,Magnesium metal actively absorbs heat from the hand by conduction.,Tindak balas antara logam aktif dan asid adalah eksotermik dan membebaskan haba ke persekitaran.,The reaction between active metal and acid is exothermic and releases heat into the surroundings.,Asid hidroklorik bertindak sebagai penebat yang memerangkap haba badan.,Hydrochloric acid acts as a catalyst that captures body heat.,Berlaku proses penyerapan gas oksigen dari udara sekitar yang meningkatkan suhu tiub.,There is a process of oxygen gas absorption from the surrounding air which increases the tube's temperature.,B,"Tindak balas antara logam aktif (seperti magnesium) dan asid cair menghasilkan gas hidrogen dan membebaskan tenaga haba yang besar ke persekitaran, menyebabkan dinding tabung uji menjadi panas (eksotermik).
*The reaction between active metals (like magnesium) and dilute acids produces hydrogen gas and releases significant heat energy to the surroundings, making the walls of the test tube feel hot (exothermic)."
5,B,Bab 5: Termokimia (Thermochemistry) - Kuiz Set B,8,Apakah perubahan bentuk tenaga yang berlaku semasa pembakaran etanol secara eksotermik?,What is the change in the form of energy that occurs during the exothermic combustion of ethanol?,Tenaga cahaya → Tenaga kimia,Light energy → Chemical energy,Tenaga kimia → Tenaga haba + Tenaga cahaya,Chemical energy → Heat energy + Light energy,Tenaga haba → Tenaga kimia,Heat energy → Chemical energy,Tenaga elektrik → Tenaga kimia,Electrical energy → Chemical energy,B,"Semasa pembakaran etanol (bahan api fosil/organik), tenaga kimia yang disimpan dalam ikatan kimia etanol ditukarkan kepada tenaga haba dan tenaga cahaya yang dibebaskan secara aktif ke persekitaran.
*During the combustion of ethanol, chemical energy stored in the chemical bonds of ethanol is converted into heat energy and light energy released actively to the surroundings."
5,B,Bab 5: Termokimia (Thermochemistry) - Kuiz Set B,9,"Semasa kalsium karbonat (CaCO₃) dipanaskan dengan kuat dalam Aktiviti 5.1, mengapakah pemanasan perlu dilakukan secara berterusan?","During the strong heating of calcium carbonate ($CaCO_3$) in Activity 5.1, why must the heating be performed continuously?",Kerana tindak balas pereputan terma adalah eksotermik dan memerlukan pemangkin haba.,Because the termite reaction is exothermic and requires a heat source.,Kerana kalsium karbonat mengalami tindak balas endotermik yang memerlukan penyerapan haba yang berterusan daripada penunu Bunsen untuk mereput.,Because calcium carbonate undergoes an endothermic reaction that requires continuous heat absorption from the Bunsen burner to decompose.,Untuk mengelakkan gas karbon dioksida daripada meresap kembali ke dalam pepejal.,To prevent carbon dioxide gas from re-entering the solid.,Kerana tindak balas tersebut menghasilkan gas oksigen yang mudah terbakar jika disejukkan.,Because the reaction produces flammable oxygen gas if cooled.,B,"Pereputan terma garam karbonat (seperti kalsium karbonat) ialah satu tindak balas endotermik tulen. Tindak balas ini memerlukan bekalan haba luaran yang berterusan untuk memutuskan ikatan kimia kalsium karbonat membentuk kalsium oksida ($CaO$) dan membebaskan gas karbon dioksida ($CO_2$).
*Thermal decomposition of carbonate salts (such as calcium carbonate) is a purely endothermic reaction. It requires a continuous external heat supply to break chemical bonds in calcium carbonate to form calcium oxide and release carbon dioxide gas."
5,B,Bab 5: Termokimia (Thermochemistry) - Kuiz Set B,10,Apakah gas yang dibebaskan apabila serbuk natrium hidrogen karbonat dilarutkan dalam asid hidroklorik cair dalam Aktiviti 5.1?,What gas is released when sodium hydrogen carbonate powder is dissolved in dilute hydrochloric acid in Activity 5.1?,Gas Oksigen ($O_2$),Oxygen Gas ($O_2$),Gas Nitrogen ($N_2$),Nitrogen Gas ($N_2$),Gas karbon dioksida (CO₂),Carbon dioxide gas (CO₂),Gas hidrogen (H₂),Hydrogen gas (H₂),C,"Tindak balas antara sebatian hidrogen karbonat (bikarbonat) dan asid cair sentiasa menghasilkan garam, air, dan membebaskan gas karbon dioksida. Pembebasan gas ini dikesan apabila gas dialirkan ke dalam air kapur dan menyebabkannya menjadi keruh (cloudy).
*The reaction between hydrogen carbonate (bicarbonate) compounds and dilute acids always produces salt, water, and releases carbon dioxide gas. This release is detected when the gas is bubbled into limewater and turns it cloudy."
5,B,Bab 5: Termokimia (Thermochemistry) - Kuiz Set B,11,"Antara proses fisiologi berikut, yang manakah merupakan tindak balas eksotermik dalam organisma hidup?",Which of the following physiological processes is an exothermic reaction inside living organisms?,Proses fotosintesis tumbuhan hijau.,The process of photosynthesis in green plants.,Proses respirasi sel untuk menjana tenaga.,Cell respiration process to generate energy.,Sintesis protein daripada asid amino.,Protein synthesis from amino acids.,Pengangkutan aktif ion mineral merentasi membran.,Active transport of mineral ions across the membrane.,B,"Respirasi sel ialah satu proses pengoksidaan glukosa di dalam sel hidup yang membebaskan tenaga haba dan tenaga kimia (ATP) untuk kegunaan metabolisme badan, yang menjadikannya sejenis tindak balas eksotermik semula jadi.
*Cellular respiration is a process of glucose oxidation inside living cells that releases heat energy and chemical energy (ATP) for body metabolic use, making it a natural exothermic reaction."
5,B,Bab 5: Termokimia (Thermochemistry) - Kuiz Set B,12,Bagaimanakah proses fotosintesis dikelaskan dari sudut termokimia?,How is the photosynthesis process classified from a thermochemical standpoint?,Tindak balas eksotermik kerana ia membebaskan gas oksigen ke atmosfera.,Exothermic reaction as it releases oxygen gas into the atmosphere.,Tindak balas endotermik kerana ia menyerap tenaga cahaya dari Matahari untuk menukarkan karbon dioksida dan air kepada glukosa.,Endothermic reaction as it absorbs solar energy to convert carbon dioxide and water into glucose.,Tindak balas fizik sahaja tanpa melibatkan sebarang perubahan tenaga kimia.,Physical change without involving any chemical energy transformation.,Tindak balas pemendapan pepejal kanji.,Precipitation reaction of kanji solids.,B,"Fotosintesis menyerap tenaga cahaya (sinaran matahari) secara aktif bagi menukar bahan mentah bertenaga rendah ($CO_2$ dan $H_2O$) menjadi molekul glukosa bertenaga tinggi. Ini merupakan proses penyerapan tenaga (endotermik).
*Photosynthesis actively absorbs light energy (solar radiation) to convert low-energy raw materials ($CO_2$ and $H_2O$) into high-energy glucose molecules. This is an energy absorption process (endothermic)."
5,B,Bab 5: Termokimia (Thermochemistry) - Kuiz Set B,13,Tindak balas termit digunakan untuk mengimpal landasan kereta api. Apakah tindak balas termit dan mengapakah tindak balas ini dipilih untuk tujuan tersebut?,The Thermite Reaction is used in welding railway tracks. What is the thermite reaction and why is it selected for this task?,Tindak balas endotermik antara karbon dan besi yang menyerap haba rel.,An endothermic reaction between carbon and iron that absorbs heat from the rail.,Tindak balas eksotermik antara ferum(III) oksida dan serbuk aluminium yang menghasilkan haba melampau untuk meleburkan besi.,An exothermic reaction between iron(III) oxide and aluminium powder that produces enough heat to melt iron.,Tindak balas pengoksidaan kuprum dengan gas oksigen tulen.,The oxidation of copper by pure oxygen gas.,Tindak balas fizikal bermagnet antara kereta api dengan rel keluli.,A physical magnetic interaction between the train and the steel rail.,B,"Reaksi termit melibatkan tindak balas penurunan ferum(III) oksida oleh serbuk aluminium. Tindak balas ini adalah sangat eksotermik, membebaskan haba yang mencukupi untuk meleburkan ferum yang dihasilkan (molten iron) bagi menyambung rekahan landasan kereta api secara kekal.
*The thermite reaction involves the reduction of iron(III) oxide by aluminium powder. It is highly exothermic, releasing enough heat to produce molten iron used to weld railway track cracks permanently."
5,B,Bab 5: Termokimia (Thermochemistry) - Kuiz Set B,14,"Dalam pek panas segera, apakah bahan kimia kontang yang lazim digunakan dan bagaimanakah bahan itu diaktifkan?","In an instant hot pack, what anhydrous chemical is commonly used and how is it activated?",Amonium nitrat kontang; diaktifkan dengan menggoncang beg udara.,Ammonium nitrate contang; activated by shaking the air bag.,Natrium klorida kontang; diaktifkan dengan membakar sumbu luar.,Sodium chloride contang; activated by burning the outer fuse.,Kalsium klorida kontang; diaktifkan dengan menekan pek untuk memecahkan pundi air dalaman supaya garam melarut secara eksotermik.,Calcium chloride contang; activated by pressing the button to break the inner water seal allowing the salt to dissolve exothermically.,Kuprum(II) sulfat terhidrat; diaktifkan dengan mendedahkannya kepada cahaya matahari.,Hydrated copper(II) sulfate; activated by exposing it to sunlight.,C,"Pek panas segera mengandungi garam kontang seperti kalsium klorida kontang ($CaCl_2$) dan satu beg plastik air di dalamnya. Pengaktifan dilakukan dengan menekan pek untuk memecahkan beg air tersebut supaya garam melarut di dalam air secara eksotermik, membebaskan haba untuk melegakan kekejangan otot.
*Instant hot packs contain anhydrous salts like anhydrous calcium chloride ($CaCl_2$) and an inner plastic bag of water. Activation is done by squeezing the pack to break the water bag so the salt dissolves exothermically in water, releasing heat to soothe muscle cramps."
5,B,Bab 5: Termokimia (Thermochemistry) - Kuiz Set B,15,Pek sejuk segera yang digunakan di hospital untuk mengurangkan bengkak mengandungi bahan kimia penyerap haba. Apakah bahan tersebut?,An instant cold pack used in hospitals to reduce swelling contains a heat-absorbing chemical. What is this substance?,Kalsium Klorida ($CaCl_2$),Calcium Chloride ($CaCl_2$),Amonium Nitrat ($NH_4NO_3$),Ammonium Nitrate ($NH_4NO_3$),Natrium Hidroksida ($NaOH$),Sodium Hydroxide ($NaOH$),Magnesium Oksida ($MgO$),Magnesium Oxide ($MgO$),B,"Pek sejuk segera menggunakan pepejal amonium nitrat ($NH_4NO_3$) yang diasingkan daripada air. Apabila beg air dipecahkan, amonium nitrat melarut di dalam air secara endotermik, menyerap haba dari kawasan luka bengkak dan memberikan kesan penyejukan.
*Instant cold packs use solid ammonium nitrate ($NH_4NO_3$) isolated from water. When the water pouch is ruptured, ammonium nitrate dissolves in water endothermically, absorbing heat from the swollen wound and providing a cooling effect."
5,B,Bab 5: Termokimia (Thermochemistry) - Kuiz Set B,16,Mengapakah uncang air dalaman disertakan dalam reka bentuk pek panas segera dan pek sejuk segera?,Why is an inner water pouch included in the design of both instant hot and cold packs?,Untuk bertindak sebagai pelincir luar bagi mengelakkan kebocoran beg.,To act as an external seal to prevent leakage of the bag.,"Untuk memastikan pepejal kimia kontang sentiasa kering sebelum digunakan, dan pengaktifan tindak balas termokimia hanya bermula apabila air bercampur dengan pepejal tersebut.","To ensure that the solid chemical catalyst remains dry before use, and the thermokimical reaction only starts when water mixes with the solid material.",Untuk mengurangkan berat keseluruhan pek semasa disimpan.,To reduce the overall weight of the pek during storage.,Untuk bertindak sebagai gas pengembang bagi pek udara.,To act as a foaming gas for air pek.,B,"Kedua-dua pek panas dan sejuk segera beroperasi berasaskan pelarutan garam kimia kontang di dalam air. Untuk mengelakkan pelarutan pramatang semasa penyimpanan, air diisikan di dalam pundi kecil yang berasingan dan hanya dipecahkan dengan tekanan fizikal apabila bersedia digunakan.
*Both instant hot and cold packs operate based on the dissolution of anhydrous chemical salts in water. To prevent premature dissolution during storage, water is sealed in a separate small pouch and is only ruptured with physical pressure when ready for use."
5,B,Bab 5: Termokimia (Thermochemistry) - Kuiz Set B,17,"Proses membakar kek atau roti di dalam ketuhar ialah tindak balas endotermik. Antara berikut, yang manakah menerangkan sebab utama proses ini bersifat endotermik?",The process of baking cake or bread in an oven is an endothermic reaction. Which of the following explains the main reason why this process is endothermic?,Bahan penaik menyerap haba dari ketuhar untuk mereput secara kimia dan membebaskan gas karbon dioksida yang mengembangkan kek.,The catalyst absorbs heat from the dough to undergo a chemical reaction and release carbon dioxide gas that causes expansion.,Ketuhar membebaskan tenaga elektrik secara langsung ke dalam ikatan kimia gandum.,The dough releases electrical energy directly into the wheat molecule bonds.,Suhu di dalam ketuhar berkurang dengan mendadak sebaik sahaja adunan dimasukkan.,The temperature inside the dough drops suddenly as soon as the mixture is added.,Proses tersebut membebaskan tenaga kinetik daripada air tepung secara spontan.,This process releases kinetic energy from the flour water spontaneously.,A,"Semasa membakar kek/roti, bahan penaik (seperti natrium hidrogen karbonat) menyerap haba dari ketuhar (endotermik) untuk mengalami pereputan terma, membebaskan gas karbon dioksida ($CO_2$). Gas yang terperangkap ini mengembang dan menghasilkan rongga udara yang menaikkan adunan.
*When baking cake/bread, the baking powder (such as sodium hydrogen carbonate) absorbs heat from the oven (endothermic) to undergo thermal decomposition, releasing carbon dioxide gas. This trapped gas expands and creates air pockets that raise the batter."
5,B,Bab 5: Termokimia (Thermochemistry) - Kuiz Set B,18,Pembakaran bunga api berwarna-warni menghasilkan letupan yang sangat bertenaga. Apakah pengelasan termokimia bagi fenomena ini?,The combustion of colorful fireworks exhibits a highly energetic explosion. What is the thermochemical classification of this phenomenon?,Endotermik kerana ia memerlukan haba permulaan daripada fius.,Endothermic as it requires an initial heat input from the fuse.,"Eksotermik kerana ia membebaskan sejumlah besar tenaga haba, cahaya, dan bunyi ke persekitaran secara spontan.","Exothermic as it releases a large amount of heat energy, light, and sound into the surroundings spontaneously.",Fizikal sahaja kerana sulfur tidak bertukar menjadi sebatian baru.,Physical only as sulfur does not form a new compound.,Endotermik kerana cahaya yang dihasilkan berwarna-warni mengikut penyerapan spektrum.,Endothermic as the generated light is multicolored following the absorption of the spectral range.,B,"Sebarang tindak balas pembakaran (seperti letupan bunga api) adalah sangat eksotermik. Sebaik sahaja dinyalakan, tindak balas kimia bahan letupan membebaskan tenaga yang sangat tinggi ke persekitaran dalam pelbagai bentuk tenaga berguna dan tidak berguna (haba, cahaya, bunyi).
*Any combustion reaction (such as a fireworks explosion) is highly exothermic. Once ignited, the chemical reaction of explosives releases very high energy to the surroundings in various forms of useful and non-useful energy (heat, light, sound)."
5,B,Bab 5: Termokimia (Thermochemistry) - Kuiz Set B,19,"Kempen penghutanan dijalankan secara aktif untuk membendung pemanasan global. Berdasarkan konsep termokimia, bagaimanakah penanaman pokok membantu mengurangkan haba atmosfera?",Afforestation campaigns are actively carried out to curb global warming. How does planting trees help reduce atmospheric heat based on thermochemical concepts?,Daun pokok memantulkan semua radiasi haba kembali ke angkasa lepas.,Tree leaves reflect all heat radiation back into space.,Fotosintesis pokok bertindak sebagai sinki endotermik gergasi yang menyerap gas karbon dioksida (gas rumah hijau) dan tenaga haba solar untuk membuat makanan.,Tree photosynthesis acts as an endothermic sink that absorbs carbon dioxide (greenhouse gas) and solar heat energy to produce food.,Akar pokok meresap haba dari teras Bumi secara konduksi menegak.,Tree roots absorb heat from the Earth's surface by conduction vertically.,Pokok bertindak membebaskan gas nitrogen sejuk yang menurunkan suhu atmosfera secara fizikal.,Trees release cool nitrogen gas which physically lowers atmospheric temperature.,B,"Peningkatan litupan hutan (afforestation) meningkatkan kadar fotosintesis global. Fotosintesis adalah tindak balas endotermik yang menyerap gas rumah hijau ($CO_2$) dan radiasi solar untuk menukarkannya kepada biomas kayu (tenaga kimia). Ini secara langsung mengurangkan kesan perangkap haba di dalam atmosfera Bumi.
*An increase in forest cover (afforestation) increases global photosynthesis. Photosynthesis is an endothermic reaction that absorbs greenhouse gas ($CO_2$) and solar radiation to convert them into wood biomass (chemical energy). This directly reduces heat-trapping effects in the Earth's atmosphere."
5,B,Bab 5: Termokimia (Thermochemistry) - Kuiz Set B,20,Tindak balas eksotermik menyumbang kepada pemanasan global melalui pembakaran bahan api fosil dalam sektor perindustrian. Mengapakah gas karbon dioksida (CO₂) daripada pembakaran ini berbahaya?,Exothermic reactions contribute to global warming through fossil fuel combustion in industrial sectors. Why is the carbon dioxide ($CO_2$) gas from this combustion harmful?,Kerana ia merosakkan lapisan ozon secara langsung melalui tindak balas asid.,Because it directly damages the ozone layer through acidic reactions.,Kerana ia bertindak sebagai gas rumah hijau yang menyerap dan memerangkap radiasi inframerah (haba) daripada dipancarkan kembali ke angkasa lepas.,Because it acts as a greenhouse gas that absorbs and traps infrared radiation (heat) from being radiated back into space.,Kerana ia menurunkan kepekatan gas nitrogen dalam atmosfera secara mendadak.,Because it suddenly reduces the concentration of nitrogen gas in the atmosphere.,Kerana ia memantulkan tenaga cahaya solar ke permukaan Bumi secara berlebihan.,Because it reflects solar energy back to the Earth's surface in excess.,B,"Gas $CO_2$ yang dibebaskan daripada tindak balas eksotermik pembakaran bahan api mempunyai keupayaan fizikal untuk menyerap radiasi terma inframerah yang dipantulkan dari permukaan Bumi. Tenaga haba ini terperangkap di dalam atmosfera, menyebabkan kenaikan suhu purata global (kesan rumah hijau).
*$CO_2$ gas released from exothermic fuel combustion reactions has the physical capability to absorb thermal infrared radiation reflected from the Earth's surface. This heat energy is trapped inside the atmosphere, causing a rise in global average temperature (greenhouse effect)."
5,B,Bab 5: Termokimia (Thermochemistry) - Kuiz Set B,21,Pencairan ketulan ais di atas meja ialah contoh perubahan fizikal. Apakah pengelasan termokimia bagi proses ini dan mengapa?,The melting of an ice cube on a table is an example of physical change. What is the thermodynamic classification of this process and why?,Eksotermik kerana ais membebaskan sejuk ke udara persekitaran.,Exothermic because ice releases heat to the surrounding air.,Endotermik kerana ketul ais menyerap tenaga haba dari udara sekitar untuk memutuskan ikatan fizikal antara molekul air pepejal.,Endothermic because the formation of ice absorbs heat energy from the surrounding air to break the physical bonds between water molecules.,Peneutralan kerana ais menukar pH air menjadi neutral.,Neutralization because ice changes the pH of water to neutral.,Tindak balas kimia endotermik yang menghasilkan gas hidrogen.,Endothermic chemical reaction producing hydrogen gas.,B,"Melarut atau meleburnya ais adalah proses fizikal endotermik. Ais pepejal menyerap tenaga haba dari persekitaran (menyebabkan udara sekitar terasa sejuk) untuk mengatasi daya tarikan antara molekul air pepejal bagi bertukar menjadi air cecair.
*Melting of ice is an endothermic physical process. Solid ice absorbs heat energy from the surroundings (making the surrounding air feel cooler) to overcome attractive forces between solid water molecules to change into liquid water."
5,B,Bab 5: Termokimia (Thermochemistry) - Kuiz Set B,22,Natrium karbonat pepejal (Na₂CO₃) dan natrium hidrogen karbonat (NaHCO₃) dilarutkan secara berasingan dalam cawan polistirena berisi air. Bagaimanakah pemerhatian suhu bagi kedua-dua proses pelarutan ini dibandingkan?,Solid Sodium Carbonate ($Na_2CO_3$) and Sodium Hydrogen Carbonate ($NaHCO_3$) are dissolved separately in polystyrene cups filled with water. How do the temperature observations compare for these two dissolution processes?,Kedua-duanya mencatatkan kenaikan bacaan termometer yang sama.,Both recorded the same thermometer reading increase.,Pelarutan $Na_2CO_3$ mencatatkan penurunan suhu (endotermik) manakala pelarutan $NaHCO_3$ mencatatkan kenaikan suhu (eksotermik).,The dissolution of $Na_2CO_3$ recorded a decrease in temperature (endothermic) while the dissolution of $NaHCO_3$ recorded an increase in temperature (exothermic).,Pelarutan $Na_2CO_3$ mencatatkan kenaikan suhu (eksotermik) manakala pelarutan $NaHCO_3$ mencatatkan penurunan suhu (endotermik).,The dissolution of $Na_2CO_3$ recorded an increase in temperature (exothermic) while the dissolution of $NaHCO_3$ recorded a decrease in temperature (endothermic).,Kedua-duanya tidak menunjukkan sebarang perubahan suhu pada termometer.,Neither showed any temperature change on the thermometer.,C,"Mengikut keputusan eksperimen standard Sains Form 3 KSSM, pelarutan natrium karbonat kontang di dalam air membebaskan haba (bacaan suhu meningkat/eksotermik), manakala pelarutan natrium hidrogen karbonat menyerap haba dari air (bacaan suhu menurun/endotermik).
*According to standard KSSM Form 3 Science experimental results, the dissolution of anhydrous sodium carbonate in water releases heat (temperature reading increases/exothermic), while the dissolution of sodium hydrogen carbonate absorbs heat from water (temperature reading decreases/endothermic)."
5,B,Bab 5: Termokimia (Thermochemistry) - Kuiz Set B,23,"Semasa menjalankan eksperimen termokimia menggunakan asid kuat dan alkali kuat di sekolah, mengapakah cawan polistirena digunakan sebagai bekas tindak balas dan bukannya bikar kaca biasa?","When conducting thermochemical experiments using strong acids and strong alkalis in school, why is a polystyrene cup used as the reaction vessel instead of a regular glass beaker?",Polistirena boleh bertindak balas secara kimia dengan asid untuk meningkatkan suhu.,Polystyrene can react chemically with acids to increase temperature.,"Polistirena merupakan penebat haba yang baik yang meminimalkan kehilangan haba ke persekitaran, memastikan pengukuran perubahan suhu adalah lebih tepat.","Polystyrene is a good thermal insulator that minimizes heat loss to the surroundings, ensuring that temperature changes are more accurate.",Polistirena adalah lut sinar dan memudahkan pemerhatian warna larutan.,Polystyrene is transparent and facilitates the observation of solution colors.,Polistirena dapat menapis pembebasan gas hidrogen bertoksik daripada keluar.,Polystyrene can filter the release of toxic hydrogen gas to prevent it from escaping.,B,"Untuk mengukur kuantiti haba tindak balas dengan tepat, pemindahan haba antara campuran tindak balas (sistem) dan udara sekeliling (persekitaran) mestilah disekat. Polistirena digunakan kerana ia merupakan konduktor haba yang sangat lemah (penebat baik) yang mengurangkan kehilangan haba.
*To measure reaction heat accurately, heat transfer between the reaction mixture (system) and the surrounding air (surroundings) must be blocked. Polystyrene is used because it is a very poor heat conductor (good insulator) that reduces heat loss."
5,B,Bab 5: Termokimia (Thermochemistry) - Kuiz Set B,24,"Dalam bidang perubatan, jika pesakit mengalami kecederaan otot kronik atau bengkak lutut akibat aktiviti sukan, rawatan termokimia manakah yang paling sesuai sebagai pertolongan cemas?","In the medical field, if a patient suffers from chronic muscle injury or knee swelling due to sports, which thermochemical treatment is most suitable as first aid?",Mengenakan pek sejuk segera untuk mengecilkan salur darah kapilari dan mengurangkan pendarahan serta bengkak di kawasan tersebut.,Apply a cold pack immediately to reduce capillary blood flow and minimize bleeding and swelling in the affected area.,Mengenakan pek panas segera untuk meningkatkan pengaliran darah ke kawasan bengkak secara langsung.,Apply a hot pack immediately to increase blood flow to the swollen area directly.,Menyapu asid kuat secara terus pada permukaan kulit bengkak.,Sweep strong acid continuously over the surface of the swollen skin.,Membalut lutut menggunakan pemanas termit industri.,Wrap the knee with an industrial heater pad.,A,"Menurut Info Sains KSSM, pek sejuk segera digunakan untuk kecederaan bengkak akut dan pendarahan. Kesan penyejukan (endotermik) mengecutkan salur darah lumen bagi mengurangkan aliran darah ke tisu yang cedera, mengurangkan kesakitan, inflamasi, dan bengkak dengan berkesan. Pek panas segera digunakan kemudian untuk melegakan kekejangan otot yang tegang.
*According to KSSM Science Info, instant cold packs are used for acute swelling injuries and bleeding. The cooling effect (endothermic) constricts blood vessels to reduce blood flow to the injured tissue, effectively reducing pain, inflammation, and swelling. Instant hot packs are used later to relieve tight muscle spasms."
5,B,Bab 5: Termokimia (Thermochemistry) - Kuiz Set B,25,"Dalam amalan keselamatan makmal kimia, mengapakah asid pekat mesti dicairkan dengan menuangkan asid pekat secara perlahan-lahan ke dalam air sambil dikacau, dan bukannya menuangkan air ke dalam asid pekat?","In chemical lab safety practice, why must a concentrated acid be diluted by slowly pouring the concentrated acid into water (with stirring), rather than pouring water into the concentrated acid?",Kerana tindak balas pelarutan asid di dalam air adalah sangat endotermik dan boleh membekukan air secara mengejut.,Because the acid dissolution reaction in water is highly endothermic and can freeze water unexpectedly.,"Kerana pelarutan asid pekat di dalam air adalah sangat eksotermik; menuang air ke asid boleh menyebabkan pembebasan haba yang sangat ekstrem pada titik sentuhan, menyebabkan air mendidih serta-merta dan memercikkan asid yang menghakis ke kulit.","Because the dissolution of concentrated acid in water is highly exothermic; pouring water into acid can cause a very extreme heat release at the point of contact, causing the water to boil instantly and splashing the corrosive acid onto the skin.",Kerana air lebih berat daripada asid dan akan tenggelam ke dasar tanpa bertindak balas.,Because water is heavier than acid and will sink to the bottom without reacting.,Untuk mengurangkan pembentukan mendakan sulfur kuning di dalam bekas.,To reduce the formation of yellow sulfur precipitation in the vessel.,B,"Proses pelarutan asid pekat di dalam air membebaskan kuantiti haba yang teramat besar (highly exothermic). Jika air dituang ke asid pekat, air yang sedikit di permukaan asid akan menyerap tenaga haba yang dilepaskan secara mendadak pada satu titik, lalu mendidih serta-merta dan memercikkan asid yang sangat mengakis ke luar. Melalui menuang asid perlahan-lahan ke dalam air yang banyak, air bertindak menyerap dan mengagihkan haba secara selamat tanpa pendidihan mendadak.
*The process of dissolving concentrated acid in water releases an immense amount of heat (highly exothermic). If water is poured into concentrated acid, the small amount of water on the acid surface will absorb the released heat energy suddenly at one point, boiling instantly and splashing highly corrosive acid outward. By pouring acid slowly into a large volume of water, the water absorbs and distributes the heat safely without flash boiling."
