school_code,school_name,school_type,state,district,postcode,active
AEA0033,SEKOLAH MENENGAH KEBANGSAAN HAMID KHAN,SMK,PERAK,BATANG PADANG,35000,true
AEA0035,SEKOLAH MENENGAH KEBANGSAAN TROLAK SELATAN,SMK,PERAK,BATANG PADANG,35600,true
AEA0037,SEKOLAH MENENGAH KEBANGSAAN (FELDA) BESOUT,SMK,PERAK,BATANG PADANG,35600,true
AEA0038,SEKOLAH MENENGAH KEBANGSAAN SUNGAI KERUIT,SMK,PERAK,BATANG PADANG,35600,true
AEA0039,SEKOLAH MENENGAH KEBANGSAAN AIR KUNING,SMK,PERAK,BATANG PADANG,31920,true
AEA0040,SEKOLAH MENENGAH KEBANGSAAN CHENDERIANG,SMK,PERAK,BATANG PADANG,35350,true
AEA0041,KOLEJ TINGKATAN ENAM TAPAH,KT6,PERAK,BATANG PADANG,35000,true
AEA0042,SEKOLAH MENENGAH KEBANGSAAN BIDOR,SMK,PERAK,BATANG PADANG,35500,true
AEA0043,SEKOLAH MENENGAH SAINS TAPAH,SBP,PERAK,BATANG PADANG,35000,true
AEA1109,SEKOLAH MENENGAH KEBANGSAAN SERI MANJUNG,SMK,PERAK,MANJUNG,32040,true
AEA1110,SEKOLAH MENENGAH KEBANGSAAN AHMAD BOESTAMAM,SMK,PERAK,MANJUNG,32000,true
AEA1111,SEKOLAH MENENGAH KEBANGSAAN PANGKALAN TLDM,SMK,PERAK,MANJUNG,32100,true
AEA1112,SEKOLAH MENENGAH KEBANGSAAN BATU SEPULUH,SMK,PERAK,MANJUNG,32020,true
AEA1113,SEKOLAH MENENGAH KEBANGSAAN PANTAI REMIS,SMK,PERAK,MANJUNG,34900,true
AEA1114,SEKOLAH MENENGAH KEBANGSAAN SERI SAMUDERA,SMK,PERAK,MANJUNG,32040,true
AEA1115,SEKOLAH MENENGAH KEBANGSAAN CHANGKAT BERUAS,SMK,PERAK,MANJUNG,32700,true
AEA1116,SEKOLAH MENENGAH KEBANGSAAN KG. DATO' SERI KAMARUDDIN,SMK,PERAK,MANJUNG,32040,true
AEA2041,SEKOLAH MENENGAH KEBANGSAAN RAJA CHULAN,SMK,PERAK,KINTA UTARA,31400,true
AEA2043,SEKOLAH MENENGAH KEBANGSAAN JALAN PASIR PUTEH,SMK,PERAK,KINTA UTARA,31650,true
AEA2044,SEKOLAH MENENGAH KEBANGSAAN GUNUNG RAPAT,SMK,PERAK,KINTA UTARA,31350,true
AEA2045,SEKOLAH MENENGAH KEBANGSAAN RAJA PERMAISURI BAINUN,SMK,PERAK,KINTA UTARA,30020,true
AEA2046,SEKOLAH MENENGAH KEBANGSAAN DATO' HJ. MOHD TAIB,SMK,PERAK,KINTA UTARA,31200,true
AEA2047,SEKOLAH MENENGAH KEBANGSAAN SERI KELEDANG,SMK,PERAK,KINTA UTARA,31450,true
AEA2048,SEKOLAH MENENGAH KEBANGSAAN KG. DATO' AHMAD SAID,SMK,PERAK,KINTA UTARA,30020,true
AEA2049,SEKOLAH MENENGAH KEBANGSAAN KG PASIR PUTEH,SMK,PERAK,KINTA UTARA,31650,true
AEA2050,SEKOLAH MENENGAH KEBANGSAAN SERI AMPANG,SMK,PERAK,KINTA UTARA,31350,true
AEA2051,SEKOLAH MENENGAH KEBANGSAAN JALAN TASEK,SMK,PERAK,KINTA UTARA,31400,true
AEA2052,SEKOLAH MENENGAH KEBANGSAAN SIMPANG PULAI,SMK,PERAK,KINTA UTARA,31300,true
AEA2053,SEKOLAH MENENGAH KEBANGSAAN LAHAT,SMK,PERAK,KINTA UTARA,31500,true
AEA2054,SEKOLAH MENENGAH KEBANGSAAN TASEK DAMAI,SMK,PERAK,KINTA UTARA,30010,true
AEA2055,SEKOLAH MENENGAH KEBANGSAAN TANJONG RAMBUTAN,SMK,PERAK,KINTA UTARA,31250,true
AEA2056,SEKOLAH MENENGAH KEBANGSAAN JELAPANG JAYA,SMK,PERAK,KINTA UTARA,30020,true
AEA2057,SEKOLAH MENENGAH KEBANGSAAN PENGKALAN,SMK,PERAK,KINTA UTARA,31500,true
AEA2058,SEKOLAH MENENGAH KEBANGSAAN BERCHAM,SMK,PERAK,KINTA UTARA,31400,true
AEA2059,SEKOLAH MENENGAH KEBANGSAAN PUSING,SMK,PERAK,KINTA UTARA,31000,true
AEA2060,SEKOLAH MENENGAH KEBANGSAAN BUNTONG,SMK,PERAK,KINTA UTARA,30100,true
AEA2061,SEKOLAH MENENGAH KEBANGSAAN WIRA JAYA,SMK,PERAK,KINTA UTARA,31350,true
AEA2062,SEKOLAH MENENGAH KEBANGSAAN JATI,SMK,PERAK,KINTA UTARA,30020,true
AEA2063,SEKOLAH MENENGAH KEBANGSAAN PINJI,SMK,PERAK,KINTA UTARA,31650,true
AEA2065,SEKOLAH MENENGAH KEBANGSAAN RAPAT SETIA,SMK,PERAK,KINTA UTARA,31350,true
AEA2066,SEKOLAH MENENGAH KEBANGSAAN TAMBUN,SMK,PERAK,KINTA UTARA,31400,true
AEA2067,SEKOLAH MENENGAH KEBANGSAAN BANDAR BARU PUTRA,SMK,PERAK,KINTA UTARA,31400,true
AEA2302,SEKOLAH MENENGAH KEBANGSAAN ULU KINTA,SMK,PERAK,KINTA UTARA,31150,true
AEA3038,SEKOLAH MENENGAH KEBANGSAAN PANGLIMA BUKIT GANTANG,SMK,PERAK,KRIAN,34200,true
AEA3039,SEKOLAH MENENGAH KEBANGSAAN SRI PERAK,SMK,PERAK,KRIAN,34200,true
AEA3040,SEKOLAH MENENGAH KEBANGSAAN ALANG ISKANDAR,SMK,PERAK,KRIAN,34300,true
AEA3041,SEKOLAH MENENGAH KEBANGSAAN ALOR PONGSU,SMK,PERAK,KRIAN,34300,true
AEA3086,SEKOLAH MENENGAH KEBANGSAAN RAJA LOPE NOR RASHID,SMK,PERAK,KRIAN,34250,true
AEA3087,SEKOLAH MENENGAH KEBANGSAAN KUALA KURAU,SMK,PERAK,KRIAN,34350,true
AEA3088,SEKOLAH MENENGAH KEBANGSAAN ABU BAKAR AL-BAQIR,SMK,PERAK,KRIAN,34300,true
AEA3089,SEKOLAH MENENGAH KEBANGSAAN GUNUNG SEMANGGOL,SMK,PERAK,KRIAN,34400,true
AEA3090,SEKOLAH MENENGAH KEBANGSAAN PEKAN BARU,SMK,PERAK,KRIAN,34200,true
AEA3091,SEKOLAH MENENGAH KEBANGSAAN SELINSING,SMK,PERAK,KRIAN,34400,true
AEA4082,SEKOLAH MENENGAH KEBANGSAAN BUKIT MERCHU,SMK,PERAK,KUALA KANGSAR,33000,true
AEA4083,SEKOLAH MENENGAH KEBANGSAAN TEMENGGONG,SMK,PERAK,KUALA KANGSAR,33020,true
AEA4085,SEKOLAH MENENGAH KEBANGSAAN TOH MUDA ABDUL AZIZ SUNGAI SIPUT (U),SMK,PERAK,KUALA KANGSAR,31100,true
AEA4086,SEKOLAH MENENGAH KEBANGSAAN SIMPANG BELURU,SMK,PERAK,KUALA KANGSAR,33600,true
AEA4087,SEKOLAH SENI MALAYSIA PERAK,SENI,PERAK,KUALA KANGSAR,31100,true
AEA4131,SEKOLAH MENENGAH KEBANGSAAN RLKT LASAH,SMK,PERAK,KUALA KANGSAR,31120,true
AEA4141,SEKOLAH MENENGAH KEBANGSAAN SAYONG,SMK,PERAK,KUALA KANGSAR,33040,true
AEA4142,SEKOLAH MENENGAH KEBANGSAAN BAWONG,SMK,PERAK,KUALA KANGSAR,31100,true
AEA5072,SEKOLAH MENENGAH KEBANGSAAN SUNGAI MANIK,SMK,PERAK,HILIR PERAK,36000,true
AEA5073,SEKOLAH MENENGAH KEBANGSAAN SERI PERAK,SMK,PERAK,HILIR PERAK,36000,true
AEA5074,SEKOLAH MENENGAH KEBANGSAAN SULTAN ABDULLAH,SMK,PERAK,HILIR PERAK,36600,true
AEA5078,SEKOLAH MENENGAH KEBANGSAAN ABDUL RAHMAN TALIB,SMK,PERAK,HILIR PERAK,36000,true
AEA5079,SEKOLAH MENENGAH KEBANGSAAN SERI SETIA,SMK,PERAK,HILIR PERAK,36000,true
AEA5080,SEKOLAH MENENGAH KEBANGSAAN SERI KANDI,SMK,PERAK,HILIR PERAK,36000,true
AEA5084,SEKOLAH MENENGAH KEBANGSAAN KAMPUNG BAHAGIA,SMK,PERAK,HILIR PERAK,36000,true
AEA6048,SEKOLAH MENENGAH KEBANGSAAN DOKTOR BURHANUDDIN,SMK,PERAK,LARUT/MATANG/SELAMA,34000,true
AEA6049,SEKOLAH MENENGAH KEBANGSAAN SUNGAI BAYOR,SMK,PERAK,LARUT/MATANG/SELAMA,34140,true
AEA6050,SEKOLAH MENENGAH SAINS RAJA TUN AZLAN SHAH,SBP,PERAK,LARUT/MATANG/SELAMA,34000,true
AEA6051,SEKOLAH MENENGAH KEBANGSAAN SIMPANG,SMK,PERAK,LARUT/MATANG/SELAMA,34700,true
AEA6052,SEKOLAH MENENGAH KEBANGSAAN KAMUNTING,SMK,PERAK,LARUT/MATANG/SELAMA,34600,true
AEA6053,SEKOLAH MENENGAH KEBANGSAAN DATO' WAN AHMAD RASDI,SMK,PERAK,LARUT/MATANG/SELAMA,34850,true
AEA6054,SEKOLAH MENENGAH KEBANGSAAN JELAI,SMK,PERAK,LARUT/MATANG/SELAMA,34520,true
AEA6055,SEKOLAH MENENGAH KEBANGSAAN TAMAN TASIK,SMK,PERAK,LARUT/MATANG/SELAMA,34000,true
AEA6056,SEKOLAH MENENGAH KEBANGSAAN BUKIT JANA,SMK,PERAK,LARUT/MATANG/SELAMA,34600,true
AEA6057,SEKOLAH MENENGAH KEBANGSAAN KAMPUNG JAMBU,SMK,PERAK,LARUT/MATANG/SELAMA,34000,true
AEA6058,SEKOLAH MENENGAH KEBANGSAAN PENGKALAN AUR,SMK,PERAK,LARUT/MATANG/SELAMA,34850,true
AEA6059,SEKOLAH MENENGAH KEBANGSAAN TAMAN PANGLIMA,SMK,PERAK,LARUT/MATANG/SELAMA,34000,true
AEA6060,SEKOLAH MENENGAH KEBANGSAAN KUBU GAJAH,SMK,PERAK,LARUT/MATANG/SELAMA,34130,true
AEA6061,SEKOLAH MENENGAH KEBANGSAAN MATANG,SMK,PERAK,LARUT/MATANG/SELAMA,34750,true
AEA6062,SEKOLAH MENENGAH KEBANGSAAN KLIAN PAUH,SMK,PERAK,LARUT/MATANG/SELAMA,34000,true
AEA6063,SEKOLAH MENENGAH KEBANGSAAN TOH JOHAN,SMK,PERAK,LARUT/MATANG/SELAMA,34800,true
AEA6158,SEKOLAH MENENGAH KEBANGSAAN REDANG PANJANG,MODEL KHAS,PERAK,LARUT/MATANG/SELAMA,34510,true
AEA6159,SEKOLAH MENENGAH KEBANGSAAN KAMPONG PERAK,SMK,PERAK,LARUT/MATANG/SELAMA,34500,true
AEA6160,SEKOLAH MENENGAH KEBANGSAAN KAMUNTING BAKTI,SMK,PERAK,LARUT/MATANG/SELAMA,34600,true
AEA7001,SEKOLAH MENENGAH KEBANGSAAN TAN SRI ABDUL AZIZ,SMK,PERAK,HULU PERAK,33400,true
AEA7002,SEKOLAH MENENGAH KEBANGSAAN BERSIA (FELDA),SMK,PERAK,HULU PERAK,33320,true
AEA7003,SEKOLAH MENENGAH KEBANGSAAN SULTAN AZLAN SHAH,SMK,PERAK,HULU PERAK,33400,true
AEA7004,SEKOLAH MENENGAH KEBANGSAAN DATO SERI WAN MOHAMED,SMK,PERAK,HULU PERAK,33310,true
AEA7005,SEKOLAH MENENGAH KEBANGSAAN KENERING,SMK,PERAK,HULU PERAK,33300,true
AEA7006,SEKOLAH MENENGAH KEBANGSAAN GERIK,SMK,PERAK,HULU PERAK,33300,true
AEA7007,SEKOLAH MENENGAH KEBANGSAAN PENGKALAN HULU,SMK,PERAK,HULU PERAK,33100,true
AEA7008,SEKOLAH MENENGAH KEBANGSAAN BATU 4,SMK,PERAK,HULU PERAK,33300,true
AEA7009,SEKOLAH MENENGAH KEBANGSAAN SERI BUDIMAN,SMK,PERAK,HULU PERAK,33300,true
AEA8001,SEKOLAH MENENGAH KEBANGSAAN SULTAN MUHAMMAD SHAH,SMK,PERAK,PERAK TENGAH,32800,true
AEA8002,SEKOLAH MENENGAH KEBANGSAAN SULTAN MUZAFAR SHAH 1,SMK,PERAK,PERAK TENGAH,32600,true
AEA8003,SEKOLAH MENENGAH KEBANGSAAN SULTAN ABDUL JALIL SHAH,SMK,PERAK,PERAK TENGAH,36000,true
AEA8004,SEKOLAH MENENGAH KEBANGSAAN LAYANG-LAYANG KIRI,SMK,PERAK,PERAK TENGAH,32800,true
AEA8005,SEKOLAH MENENGAH KEBANGSAAN CHANGKAT LADA,SMK,PERAK,PERAK TENGAH,36800,true
AEA8006,SEKOLAH MENENGAH KEBANGSAAN LAMBOR KIRI,SMK,PERAK,PERAK TENGAH,32900,true
AEA8007,SEKOLAH MENENGAH KEBANGSAAN SUNGAI RANGGAM,SMK,PERAK,PERAK TENGAH,36810,true
AEA8008,SEKOLAH MENENGAH KEBANGSAAN SERI ISKANDAR,SMK,PERAK,PERAK TENGAH,32610,true
AEA8009,SEKOLAH MENENGAH KEBANGSAAN SERI LONDANG,SMK,PERAK,PERAK TENGAH,32600,true
AEA9001,SEKOLAH MENENGAH KEBANGSAAN SRI KAMPAR,SMK,PERAK,KINTA SELATAN,31900,true
AEA9002,SEKOLAH MENENGAH KEBANGSAAN SENTOSA,SMK,PERAK,KINTA SELATAN,31900,true
AEA9003,SEKOLAH MENENGAH KEBANGSAAN SERI TEJA,SMK,PERAK,KINTA SELATAN,31600,true
AEAA001,SEKOLAH MENENGAH KEBANGSAAN KHIR JOHARI,SMK,PERAK,MUALLIM,35900,true
AEAA002,SEKOLAH MENENGAH KEBANGSAAN SLIM,SMK,PERAK,MUALLIM,35800,true
AEAA003,SEKOLAH MENENGAH KEBANGSAAN BANDAR BEHRANG 2020,SMK,PERAK,MUALLIM,35900,true
AEAA004,SEKOLAH MENENGAH KEBANGSAAN PROTON CITY,SMK,PERAK,MUALLIM,35900,true
AEAB001,SEKOLAH MENENGAH KEBANGSAAN ULU BERNAM,SMK,PERAK,BAGAN DATUK,36500,true
AEAB002,SEKOLAH MENENGAH KEBANGSAAN HUTAN MELINTANG,SMK,PERAK,BAGAN DATUK,36400,true
AEAB003,SEKOLAH MENENGAH SAINS TELOK INTAN,SBP,PERAK,BAGAN DATUK,36000,true
AEAB004,SEKOLAH MENENGAH KEBANGSAAN SERI PERKASA,SMK,PERAK,BAGAN DATUK,36400,true
AEAB005,SEKOLAH MENENGAH KEBANGSAAN RUNGKUP,SMK,PERAK,BAGAN DATUK,36200,true
AEAB006,SEKOLAH MENENGAH SAINS BAGAN DATOH,SBP,PERAK,BAGAN DATUK,36100,true
AEB0035,SEKOLAH MENENGAH KEBANGSAAN BUYONG ADIL,SMK,PERAK,BATANG PADANG,35000,true
AEB0036,SEKOLAH MENENGAH KEBANGSAAN SRI TAPAH,SMK,PERAK,BATANG PADANG,35000,true
AEB0038,SEKOLAH MENENGAH KEBANGSAAN CHOONG HUA,SMK,PERAK,BATANG PADANG,35500,true
AEB1027,SEKOLAH MENENGAH KEBANGSAAN CONVENT,SMK,PERAK,MANJUNG,32000,true
AEB1031,SEKOLAH MENENGAH KEBANGSAAN NAN HWA,SMK,PERAK,MANJUNG,32000,true
AEB1033,SEKOLAH MENENGAH KEBANGSAAN DINDINGS,SMK,PERAK,MANJUNG,32200,true
AEB1034,SEKOLAH MENENGAH KEBANGSAAN AYER TAWAR,SMK,PERAK,MANJUNG,32400,true
AEB1036,SEKOLAH MENENGAH KEBANGSAAN METHODIST,SMK,PERAK,MANJUNG,32400,true
AEB2043,SEKOLAH MENENGAH KEBANGSAAN ANDERSON,SMK,PERAK,KINTA UTARA,30450,true
AEB2044,SEKOLAH MENENGAH KEBANGSAAN ST. MICHAEL,SMK,PERAK,KINTA UTARA,30000,true
AEB2045,SEKOLAH MENENGAH KEBANGSAAN METHODIST (ACS),SMK,PERAK,KINTA UTARA,30200,true
AEB2046,SEKOLAH MENENGAH KEBANGSAAN RAJA PEREMPUAN,SMK,PERAK,KINTA UTARA,30250,true
AEB2047,SEKOLAH MENENGAH KEBANGSAAN PEREMPUAN METHODIST,SMK,PERAK,KINTA UTARA,30250,true
AEB2048,SEKOLAH MENENGAH KEBANGSAAN CONVENT,SMK,PERAK,KINTA UTARA,30000,true
AEB2049,SEKOLAH MENENGAH KEBANGSAAN TARCISIAN CONVENT,SMK,PERAK,KINTA UTARA,30100,true
AEB2050,SEKOLAH TUANKU ABDUL RAHMAN,SBP,PERAK,KINTA UTARA,31400,true
AEB2051,SEKOLAH MENENGAH KEBANGSAAN PEREMPUAN PERAK,SMK,PERAK,KINTA UTARA,30250,true
AEB2052,SEKOLAH MENENGAH KEBANGSAAN AVE MARIA CONVENT,SMK,PERAK,KINTA UTARA,30250,true
AEB2053,SEKOLAH MENENGAH KEBANGSAAN SAM TET,SMK,PERAK,KINTA UTARA,30300,true
AEB2054,SEKOLAH MENENGAH KEBANGSAAN POI LAM,SMK,PERAK,KINTA UTARA,31200,true
AEB2055,SEKOLAH MENENGAH KEBANGSAAN YUK CHOY,SMK,PERAK,KINTA UTARA,30010,true
AEB2056,SEKOLAH MENENGAH KEBANGSAAN SERI INTAN,SMK,PERAK,KINTA UTARA,31400,true
AEB2057,SEKOLAH MENENGAH KEBANGSAAN SRI PUTERI,SMK,PERAK,KINTA UTARA,30200,true
AEB2058,SEKOLAH MENENGAH KEBANGSAAN SUNGAI PARI,SMK,PERAK,KINTA UTARA,30200,true
AEB2059,KOLEJ TINGKATAN ENAM SERI PUTERA,KT6,PERAK,KINTA UTARA,31400,true
AEB2060,SEKOLAH MENENGAH KEBANGSAAN DR MEGAT KHAS,SMK,PERAK,KINTA UTARA,30100,true
AEB2061,KOLEJ TINGKATAN ENAM SERI IPOH,KT6,PERAK,KINTA UTARA,30200,true
AEB2062,SEKOLAH MENENGAH KEBANGSAAN MENGLEMBU,SMK,PERAK,KINTA UTARA,31450,true
AEB2063,SEKOLAH MENENGAH KEBANGSAAN SULTAN YUSSUF,SMK,PERAK,KINTA SELATAN,31000,true
AEB2064,SEKOLAH MENENGAH KEBANGSAAN ST. BERNADETTE'S CONVENT,SMK,PERAK,KINTA SELATAN,31000,true
AEB2065,SEKOLAH MENENGAH KEBANGSAAN YUK KWAN,SMK,PERAK,KINTA SELATAN,31000,true
AEB3041,SEKOLAH MENENGAH KEBANGSAAN METHODIST,SMK,PERAK,KRIAN,34200,true
AEB3042,SEKOLAH MENENGAH KEBANGSAAN KRIAN,SMK,PERAK,KRIAN,34200,true
AEB3043,SEKOLAH MENENGAH KEBANGSAAN SRI KURAU,SMK,PERAK,KRIAN,34300,true
AEB3044,SEKOLAH MENENGAH KEBANGSAAN BAGAN SERAI,SMK,PERAK,KRIAN,34300,true
AEB4072,SEKOLAH MENENGAH KEBANGSAAN RAJA MUDA MUSA,SMK,PERAK,KUALA KANGSAR,33007,true
AEB4073,SEKOLAH MENENGAH KEBANGSAAN TSUNG WAH,SMK,PERAK,KUALA KANGSAR,33000,true
AEB4074,KOLEJ MELAYU KUALA KANGSAR,SBP,PERAK,KUALA KANGSAR,33000,true
AEB4075,SEKOLAH MENENGAH KEBANGSAAN METHODIST,SMK,PERAK,KUALA KANGSAR,31100,true
AEB4076,SEKOLAH MENENGAH KEBANGSAAN SHING CHUNG,SMK,PERAK,KUALA KANGSAR,31100,true
AEB4077,SEKOLAH MENENGAH KEBANGSAAN DATUK HJ ABD WAHAB,SMK,PERAK,KUALA KANGSAR,31100,true
AEB5165,SEKOLAH MENENGAH KEBANGSAAN SULTAN ABDUL AZIZ,SMK,PERAK,HILIR PERAK,36007,true
AEB5166,SEKOLAH MENENGAH KEBANGSAAN RAJA MUDA MUSA,SMK,PERAK,HILIR PERAK,36000,true
AEB5167,SEKOLAH MENENGAH KEBANGSAAN ST. ANTHONY,SMK,PERAK,HILIR PERAK,36008,true
AEB5168,SEKOLAH MENENGAH KEBANGSAAN HORLEY METHODIST,SMK,PERAK,HILIR PERAK,36000,true
AEB5169,SEKOLAH MENENGAH KEBANGSAAN CONVENT,SMK,PERAK,HILIR PERAK,36007,true
AEB5170,SEKOLAH MENENGAH KEBANGSAAN SAN MIN,SMK,PERAK,HILIR PERAK,36000,true
AEB6051,SEKOLAH MENENGAH KEBANGSAAN ST. GEORGE,SMK,PERAK,LARUT/MATANG/SELAMA,34000,true
AEB6052,SEKOLAH MENENGAH KEBANGSAAN (P) TREACHER METHODIST,SMK,PERAK,LARUT/MATANG/SELAMA,34000,true
AEB6053,SEKOLAH MENENGAH KEBANGSAAN CONVENT,SMK,PERAK,LARUT/MATANG/SELAMA,34000,true
AEB6054,SEKOLAH MENENGAH KEBANGSAAN HUA LIAN,SMK,PERAK,LARUT/MATANG/SELAMA,34008,true
AEB6055,SEKOLAH MENENGAH KEBANGSAAN SRI KOTA,SMK,PERAK,LARUT/MATANG/SELAMA,34000,true
AEB6056,SEKOLAH MENENGAH KEBANGSAAN DARUL RIDWAN,SMK,PERAK,LARUT/MATANG/SELAMA,34007,true
AEB9001,SEKOLAH MENENGAH KEBANGSAAN KAMPAR,SMK,PERAK,KINTA SELATAN,31900,true
AEB9002,SEKOLAH MENENGAH KEBANGSAAN PEI YUAN,SMK,PERAK,KINTA SELATAN,31900,true
AEBA001,SEKOLAH MENENGAH KEBANGSAAN METHODIST,SMK,PERAK,MUALLIM,35900,true
AEBA002,SEKOLAH MENENGAH KEBANGSAAN KATHOLIK,SMK,PERAK,MUALLIM,35900,true
AEE0037,SEKOLAH MENENGAH KEBANGSAAN DATO' PANGLIMA PERANG KIRI,SMK,PERAK,BATANG PADANG,35400,true
AEE0039,SEKOLAH MENENGAH KEBANGSAAN SYEIKH ABDUL GHANI,SMK,PERAK,BATANG PADANG,35500,true
AEE0040,SEKOLAH MENENGAH KEBANGSAAN SUNGKAI,SMK,PERAK,BATANG PADANG,35600,true
AEE1026,SEKOLAH MENENGAH KEBANGSAAN METHODIST (ACS),SMK,PERAK,MANJUNG,32000,true
AEE1030,SEKOLAH MENENGAH KEBANGSAAN TOK PERDANA,SMK,PERAK,MANJUNG,32000,true
AEE1032,SEKOLAH MENENGAH KEBANGSAAN RAJA SHAHRIMAN,SMK,PERAK,MANJUNG,32700,true
AEE1036,SEKOLAH MENENGAH KEBANGSAAN AMBROSE,SMK,PERAK,MANJUNG,32400,true
AEE1037,SEKOLAH MENENGAH KEBANGSAAN PANGKOR,SMK,PERAK,MANJUNG,32300,true
AEE1038,SEKOLAH MENENGAH KEBANGSAAN DATO' IDRIS,SMK,PERAK,MANJUNG,34900,true
AEE2066,SEKOLAH MENENGAH KEBANGSAAN TOH INDERA WANGSA AHMAD,SMK,PERAK,KINTA SELATAN,31007,true
AEE2071,SEKOLAH MENENGAH KEBANGSAAN AMINUDDIN BAKI,SMK,PERAK,KINTA UTARA,31200,true
AEE2072,SEKOLAH MENENGAH KEBANGSAAN DATO' BENDAHARA C M YUSUF,SMK,PERAK,KINTA SELATAN,31800,true
AEE2073,SEKOLAH MENENGAH KEBANGSAAN TRONOH,SMK,PERAK,KINTA SELATAN,31750,true
AEE3045,SEKOLAH MENENGAH KEBANGSAAN MUDZAFFAR SHAH,SMK,PERAK,KRIAN,34400,true
AEE4070,SEKOLAH MENENGAH KEBANGSAAN CLIFFORD,SMK,PERAK,KUALA KANGSAR,33009,true
AEE4071,SEKOLAH MENENGAH KEBANGSAAN RAJA PEREMPUAN KELSOM,SMK,PERAK,KUALA KANGSAR,33000,true
AEE4079,SEKOLAH MENENGAH KEBANGSAAN SULTAN TAJUL ARIFFIN,SMK,PERAK,KUALA KANGSAR,33800,true
AEE4081,SEKOLAH MENENGAH KEBANGSAAN TUN PERAK,SMK,PERAK,KUALA KANGSAR,33700,true
AEE5171,SEKOLAH MENENGAH KEBANGSAAN DATO' SAGOR,SMK,PERAK,HILIR PERAK,36700,true
AEE6050,SEKOLAH MENENGAH KEBANGSAAN KING EDWARD VII,SMK,PERAK,LARUT/MATANG/SELAMA,34000,true
AEE6058,SEKOLAH MENENGAH KEBANGSAAN DATO KAMARUDDIN,SMK,PERAK,LARUT/MATANG/SELAMA,34500,true
AEE6059,SEKOLAH MENENGAH KEBANGSAAN DATO' HJ HUSSEIN,SMK,PERAK,LARUT/MATANG/SELAMA,34100,true
AEE6060,SEKOLAH MENENGAH KEBANGSAAN TAT BENG,SMK,PERAK,LARUT/MATANG/SELAMA,34800,true
AEE6061,SEKOLAH MENENGAH KEBANGSAAN TENGKU MENTERI,SMK,PERAK,LARUT/MATANG/SELAMA,34850,true
AEE7031,SEKOLAH MENENGAH KEBANGSAAN DATO AHMAD,SMK,PERAK,HULU PERAK,33400,true
AEE7032,SEKOLAH MENENGAH KEBANGSAAN SULTAN IDRIS SHAH II,SMK,PERAK,HULU PERAK,33300,true
AEE7033,SEKOLAH MENENGAH KEBANGSAAN TUN SABAN,SMK,PERAK,HULU PERAK,33100,true
AEE8701,SEKOLAH MENENGAH KEBANGSAAN ISKANDAR SHAH,SMK,PERAK,PERAK TENGAH,32800,true
AEE8702,SEKOLAH MENENGAH KEBANGSAAN DATO' ABDUL RAHMAN YAAKUB,SMK,PERAK,PERAK TENGAH,32600,true
AEE8703,SEKOLAH MENENGAH KEBANGSAAN DATO' SERI MAHARAJA LELA,SMK,PERAK,PERAK TENGAH,36800,true
AEE9001,SEKOLAH MENENGAH KEBANGSAAN IDRIS SHAH,SMK,PERAK,KINTA SELATAN,31600,true
AEE9003,SEKOLAH MENENGAH KEBANGSAAN MALIM NAWAR,SMK,PERAK,KINTA SELATAN,31700,true
AEE9004,SEKOLAH MENENGAH KEBANGSAAN METHODIST (ACS),SMK,PERAK,KINTA SELATAN,31900,true
AEEA001,SEKOLAH MENENGAH KEBANGSAAN DATO ZULKIFLI MUHAMMAD,SMK,PERAK,MUALLIM,35800,true
AEEB001,SEKOLAH MENENGAH KEBANGSAAN KHIR JOHARI,SMK,PERAK,BAGAN DATUK,36300,true
AEEB002,SEKOLAH MENENGAH KEBANGSAAN TUN ABD RAZAK,SMK,PERAK,BAGAN DATUK,36200,true
AEEB003,SEKOLAH MENENGAH KEBANGSAAN SERI MUARA,SMK,PERAK,BAGAN DATUK,36100,true
AFA2001,MAAHAD TAHFIZ AL-QURAN & AKADEMIK BAKIP (MATAQAB),SM SABK,PERAK,KINTA UTARA,30020,true
AFA2002,SEKOLAH IZZUDDIN SHAH,SM SABK,PERAK,KINTA UTARA,31400,true
AFA2003,SEKOLAH RAJA PEREMPUAN TAAYAH,SM SABK,PERAK,KINTA UTARA,30350,true
AFA8001,SEKOLAH MENENGAH RAJA DR. NAZRIN SHAH,SM SABK,PERAK,PERAK TENGAH,36800,true
AFT0001,SMA DAERAH BATANG PADANG,SM SABK,PERAK,BATANG PADANG,35500,true
AFT1001,MAAHAD ISLAHIAH ADDINIAH,SM SABK,PERAK,MANJUNG,32020,true
AFT2001,MAAHAD AL-IMAM ASY SYAFIEE,SM SABK,PERAK,KINTA UTARA,30020,true
AFT2002,SABK MAAHAD AL-UMMAH,SM SABK,PERAK,KINTA UTARA,31200,true
AFT3001,SEKOLAH MENENGAH AGAMA AL-HIDAYAH,SM SABK,PERAK,KRIAN,34350,true
AFT3003,SMA SHAMSUL MAARIF AL WATANIAH,SM SABK,PERAK,KRIAN,34250,true
AFT3004,SEKOLAH MENENGAH AGAMA AL FALAH,SM SABK,PERAK,KRIAN,34250,true
AFT3005,MAAHAD AL EHYA ASSHARIFF,SM SABK,PERAK,KRIAN,34400,true
AFT3006,MA'AHAD AR-RIDHWAN,SM SABK,PERAK,KRIAN,34300,true
AFT4001,SEKOLAH MENENGAH AGAMA AD-DINIAH AL-ISLAMIAH,SM SABK,PERAK,KUALA KANGSAR,33700,true
AFT4002,SEKOLAH MENENGAH AGAMA MAAHAD AL-MIZAN,SM SABK,PERAK,KUALA KANGSAR,33800,true
AFT4003,SMA MAAHAD NURUL FADZLIAH,SM SABK,PERAK,KUALA KANGSAR,31120,true
AFT4004,MAAHAD AL YAHYAWIAH,SM SABK,PERAK,KUALA KANGSAR,33700,true
AFT4005,MADRASAH IDRISIAH,SM SABK,PERAK,KUALA KANGSAR,33000,true
AFT6001,SEKOLAH MENENGAH ADDINIAH,SM SABK,PERAK,LARUT/MATANG/SELAMA,34850,true
AFT6002,MAAHAD AL MAARIF AL ISLAMIAH BATU 9 PERAK,SM SABK,PERAK,LARUT/MATANG/SELAMA,34850,true
AFT6003,SABK MAAHAD AL-KHAIR LIL BANAT,SM SABK,PERAK,LARUT/MATANG/SELAMA,34600,true
AFT6004,MAAHAD AL TARBIAH AL ISLAMIAH,SM SABK,PERAK,LARUT/MATANG/SELAMA,34850,true
AFT6005,SABK SYUBBANIAH,SM SABK,PERAK,LARUT/MATANG/SELAMA,34500,true
AFT7001,SMA TAN SRI GHAZALI JAWI,SM SABK,PERAK,HULU PERAK,33300,true
AFT8001,SMA MAAHAD AL AZIZ,SM SABK,PERAK,PERAK TENGAH,32800,true
AFT8002,MAAHAD EHYAK DINIAH ISLAMIAH,SM SABK,PERAK,PERAK TENGAH,36800,true
AFTB001,SMA AL-ULUM AL-SYAR'IYYAH,SM SABK,PERAK,BAGAN DATUK,36200,true
AHA1002,KOLEJ VOKASIONAL SERI MANJUNG,KV,PERAK,MANJUNG,32040,true
AHA2001,KOLEJ VOKASIONAL LEBUH CATOR,KV,PERAK,KINTA UTARA,30450,true
AHA2002,KOLEJ VOKASIONAL IPOH,KV,PERAK,KINTA UTARA,31400,true
AHA3002,KOLEJ VOKASIONAL KERIAN,KV,PERAK,KRIAN,34300,true
AHA4002,KOLEJ VOKASIONAL KUALA KANGSAR,KV,PERAK,KUALA KANGSAR,33700,true
AHA5001,KOLEJ VOKASIONAL (PERTANIAN) TELUK INTAN,KV,PERAK,HILIR PERAK,36000,true
AHA7001,KOLEJ VOKASIONAL GERIK,KV,PERAK,HULU PERAK,33300,true
AHA8002,KOLEJ VOKASIONAL SERI ISKANDAR,KV,PERAK,PERAK TENGAH,32610,true
AHAA001,KOLEJ VOKASIONAL SLIM RIVER,KV,PERAK,MUALLIM,35800,true
AKE6159,KOLEJ VOKASIONAL TAIPING,KV,PERAK,LARUT/MATANG/SELAMA,34600,true
ARA3001,SEKOLAH MENENGAH KEBANGSAAN AGAMA KERIAN,SMKA,PERAK,KRIAN,34400,true
ARA8001,SEKOLAH MENENGAH KEBANGSAAN AGAMA SULTAN AZLAN SHAH,SMKA,PERAK,PERAK TENGAH,32600,true
ARA9001,SEKOLAH BERASRAMA PENUH INTEGRASI GOPENG,SBP,PERAK,KINTA SELATAN,31600,true
ARAA001,SEKOLAH MENENGAH KEBANGSAAN AGAMA SLIM RIVER,SMKA,PERAK,MUALLIM,35800,true
BEA0091,SEKOLAH MENENGAH KEBANGSAAN RAJA MAHADI,SMK,SELANGOR,KLANG,41200,true
BEA0092,SEKOLAH MENENGAH KEBANGSAAN RAJA LUMU,SMK,SELANGOR,KLANG,42000,true
BEA0093,SEKOLAH MENENGAH KEBANGSAAN TENGKU AMPUAN RAHIMAH,SMK,SELANGOR,KLANG,41200,true
BEA0094,SEKOLAH MENENGAH KEBANGSAAN TENGKU AMPUAN JEMAAH,SMK,SELANGOR,KLANG,42000,true
BEA0095,SEKOLAH MENENGAH KEBANGSAAN TENGKU IDRIS SHAH,SMK,SELANGOR,KLANG,42200,true
BEA0096,SEKOLAH MENENGAH KEBANGSAAN SULTAN ABDUL SAMAD,SMK,SELANGOR,KLANG,41300,true
BEA0097,SEKOLAH MENENGAH KEBANGSAAN PULAU INDAH,SMK,SELANGOR,KLANG,42920,true
BEA0099,KOLEJ TINGKATAN ENAM SRI ISTANA,KT6,SELANGOR,KLANG,41000,true
BEA0100,SEKOLAH MENENGAH KEBANGSAAN RANTAU PANJANG,SMK,SELANGOR,KLANG,42100,true
BEA0101,SEKOLAH MENENGAH KEBANGSAAN (P) KAPAR,SMK,SELANGOR,KLANG,42200,true
BEA0102,SEKOLAH MENENGAH KEBANGSAAN PENDAMARAN JAYA,SMK,SELANGOR,KLANG,42000,true
BEA0103,SEKOLAH MENENGAH KEBANGSAAN TELOK GADONG,SMK,SELANGOR,KLANG,41100,true
BEA0104,SEKOLAH MENENGAH KEBANGSAAN SRI ANDALAS,SMK,SELANGOR,KLANG,41200,true
BEA0105,SEKOLAH MENENGAH KEBANGSAAN JALAN KEBUN,SMK,SELANGOR,KLANG,40460,true
BEA0106,SEKOLAH MENENGAH KEBANGSAAN KAMPUNG JAWA,SMK,SELANGOR,KLANG,41000,true
BEA0107,SEKOLAH MENENGAH KEBANGSAAN TAMAN KLANG UTAMA,SMK,SELANGOR,KLANG,42100,true
BEA0108,SEKOLAH MENENGAH KEBANGSAAN KOTA KEMUNING,SMK,SELANGOR,KLANG,40460,true
BEA0109,SEKOLAH MENENGAH KEBANGSAAN BANDAR BARU SULTAN SULEIMAN,SMK,SELANGOR,KLANG,42000,true
BEA0110,SEKOLAH MENENGAH KEBANGSAAN SUNGAI KAPAR INDAH,SMK,SELANGOR,KLANG,42200,true
BEA0111,SEKOLAH MENENGAH KEBANGSAAN SHAHBANDARAYA,SMK,SELANGOR,KLANG,41000,true
BEA0112,SEKOLAH MENENGAH KEBANGSAAN BATU UNJUR,SMK,SELANGOR,KLANG,41200,true
BEA0113,SEKOLAH MENENGAH KEBANGSAAN BUKIT TINGGI KLANG,SMK,SELANGOR,KLANG,41200,true
BEA0114,SEKOLAH MENENGAH KEBANGSAAN BUKIT KAPAR,SMK,SELANGOR,KLANG,42200,true
BEA1064,SEKOLAH MENENGAH KEBANGSAAN JENJAROM,SMK,SELANGOR,KUALA LANGAT,42600,true
BEA1065,SEKOLAH MENENGAH KEBANGSAAN JUGRA,SMK,SELANGOR,KUALA LANGAT,42700,true
BEA1066,SEKOLAH MENENGAH KEBANGSAAN TELOK DATOK,SMK,SELANGOR,KUALA LANGAT,42700,true
BEA1068,SEKOLAH MENENGAH KEBANGSAAN BATU LAUT,SMK,SELANGOR,KUALA LANGAT,42800,true
BEA1069,SEKOLAH MENENGAH KEBANGSAAN TELOK PANGLIMA GARANG,SMK,SELANGOR,KUALA LANGAT,42500,true
BEA1070,SEKOLAH MENENGAH KEBANGSAAN BUKIT CHANGGANG,SMK,SELANGOR,KUALA LANGAT,42700,true
BEA1071,SEKOLAH MENENGAH KEBANGSAAN BANTING,SMK,SELANGOR,KUALA LANGAT,42700,true
BEA1072,SEKOLAH MENENGAH KEBANGSAAN SIJANGKANG JAYA,SMK,SELANGOR,KUALA LANGAT,42500,true
BEA1073,SEKOLAH MENENGAH KEBANGSAAN BANDAR BANTING,SMK,SELANGOR,KUALA LANGAT,42700,true
BEA1074,SEKOLAH MENENGAH SAINS BANTING,SBP,SELANGOR,KUALA LANGAT,42700,true
BEA1075,SEKOLAH MENENGAH KEBANGSAAN BANDAR SAUJANA PUTRA,SMK,SELANGOR,KUALA LANGAT,42160,true
BEA3074,SEKOLAH MENENGAH KEBANGSAAN SERI TANJUNG,SMK,SELANGOR,KUALA SELANGOR,45000,true
BEA3075,SEKOLAH MENENGAH KEBANGSAAN DATO HARUN,SMK,SELANGOR,KUALA SELANGOR,45500,true
BEA3077,SEKOLAH MENENGAH KEBANGSAAN RAJA MUDA MUSA,SMK,SELANGOR,KUALA SELANGOR,45600,true
BEA3078,SEKOLAH MENENGAH KEBANGSAAN JERAM,SMK,SELANGOR,KUALA SELANGOR,45800,true
BEA3079,SEKOLAH MENENGAH KEBANGSAAN SG. BURONG,SMK,SELANGOR,KUALA SELANGOR,45500,true
BEA3080,SEKOLAH MENENGAH KEBANGSAAN TIRAM JAYA,SMK,SELANGOR,KUALA SELANGOR,45500,true
BEA3081,SEKOLAH MENENGAH KEBANGSAAN RANTAU PANJANG,SMK,SELANGOR,KUALA SELANGOR,45600,true
BEA3082,SEKOLAH MENENGAH KEBANGSAAN PENGKALAN PERMATANG,SMK,SELANGOR,KUALA SELANGOR,45000,true
BEA3083,SEKOLAH MENENGAH SAINS KUALA SELANGOR,SBP,SELANGOR,KUALA SELANGOR,45000,true
BEA3084,SEKOLAH MENENGAH KEBANGSAAN SAUJANA UTAMA,SMK,SELANGOR,KUALA SELANGOR,47000,true
BEA3085,SEKOLAH MENENGAH KEBANGSAAN PUNCAK ALAM,SMK,SELANGOR,KUALA SELANGOR,42300,true
BEA3086,SEKOLAH MENENGAH KEBANGSAAN KUALA SELANGOR,SMK,SELANGOR,KUALA SELANGOR,45000,true
BEA3087,SEKOLAH MENENGAH KEBANGSAAN BUKIT KUCHING TENGAH,SMK,SELANGOR,KUALA SELANGOR,45800,true
BEA3088,SEKOLAH MENENGAH KEBANGSAAN PUNCAK ALAM 3,SMK,SELANGOR,KUALA SELANGOR,42300,true
BEA4601,SEKOLAH MENENGAH KEBANGSAAN TAMAN TASIK,SMK,SELANGOR,HULU LANGAT,68000,true
BEA4603,SEKOLAH MENENGAH KEBANGSAAN BANDAR BARU BANGI,SMK,SELANGOR,HULU LANGAT,43650,true
BEA4604,SEKOLAH MENENGAH KEBANGSAAN SULTAN ABDUL AZIZ SHAH,SMK,SELANGOR,HULU LANGAT,43000,true
BEA4605,SEKOLAH MENENGAH KEBANGSAAN KHIR JOHARI,SMK,SELANGOR,HULU LANGAT,43700,true
BEA4606,SEKOLAH MENENGAH KEBANGSAAN ABDUL JALIL,SMK,SELANGOR,HULU LANGAT,43100,true
BEA4608,SEKOLAH MENENGAH KEBANGSAAN ENGKU HUSAIN,SMK,SELANGOR,HULU LANGAT,43500,true
BEA4609,SEKOLAH MENENGAH KEBANGSAAN TAMAN KOSAS,SMK,SELANGOR,HULU LANGAT,68000,true
BEA4610,SEKOLAH MENENGAH KEBANGSAAN TAMAN SERAYA,SMK,SELANGOR,HULU LANGAT,56100,true
BEA4611,SEKOLAH MENENGAH KEBANGSAAN PERIMBUN,SMK,SELANGOR,HULU LANGAT,43200,true
BEA4612,SEKOLAH MENENGAH KEBANGSAAN TASEK PERMAI,SMK,SELANGOR,HULU LANGAT,68000,true
BEA4613,SEKOLAH MENENGAH KEBANGSAAN JALAN REKO,SMK,SELANGOR,HULU LANGAT,43000,true
BEA4614,SEKOLAH MENENGAH KEBANGSAAN JALAN TIGA,SMK,SELANGOR,HULU LANGAT,43650,true
BEA4615,SEKOLAH MENENGAH KEBANGSAAN PANDAN JAYA,SMK,SELANGOR,HULU LANGAT,55100,true
BEA4616,SEKOLAH MENENGAH KEBANGSAAN PANDAN INDAH,SMK,SELANGOR,HULU LANGAT,55100,true
BEA4617,SEKOLAH MENENGAH KEBANGSAAN CHERAS PERDANA,SMK,SELANGOR,HULU LANGAT,43200,true
BEA4618,SEKOLAH MENENGAH KEBANGSAAN DATO' AHMAD RAZALI,SMK,SELANGOR,HULU LANGAT,68000,true
BEA4619,SEKOLAH MENENGAH KEBANGSAAN BUKIT INDAH,SMK,SELANGOR,GOMBAK,68000,true
BEA4620,SEKOLAH MENENGAH KEBANGSAAN CHERAS JAYA,SMK,SELANGOR,HULU LANGAT,43200,true
BEA4621,SEKOLAH MENENGAH KEBANGSAAN SAUJANA IMPIAN,SMK,SELANGOR,HULU LANGAT,43000,true
BEA4622,SEKOLAH MENENGAH KEBANGSAAN BANDAR BARU AMPANG,SMK,SELANGOR,HULU LANGAT,68000,true
BEA4623,SEKOLAH MENENGAH KEBANGSAAN BANDAR BARU SUNGAI LONG,SMK,SELANGOR,HULU LANGAT,43000,true
BEA4624,SEKOLAH MENENGAH KEBANGSAAN JALAN EMPAT,SMK,SELANGOR,HULU LANGAT,43650,true
BEA4625,SEKOLAH MENENGAH KEBANGSAAN KAJANG UTAMA,SMK,SELANGOR,HULU LANGAT,43000,true
BEA4626,SEKOLAH MENENGAH KEBANGSAAN TAMAN JASMIN 2,SMK,SELANGOR,HULU LANGAT,43000,true
BEA4627,SEKOLAH MENENGAH KEBANGSAAN DUSUN NANDING,SMK,SELANGOR,HULU LANGAT,43100,true
BEA4628,SEKOLAH MENENGAH KEBANGSAAN BANDAR TASIK KESUMA,SMK,SELANGOR,HULU LANGAT,43700,true
BEA4629,SEKOLAH MENENGAH KEBANGSAAN BANDAR DAMAI PERDANA,SMK,SELANGOR,HULU LANGAT,56000,true
BEA4630,SEKOLAH MENENGAH KEBANGSAAN BANDAR TUN HUSSEIN ONN 2,SMK,SELANGOR,HULU LANGAT,43200,true
BEA4631,SEKOLAH MENENGAH KEBANGSAAN PANDAN MEWAH,SMK,SELANGOR,HULU LANGAT,68000,true
BEA4632,SEKOLAH MENENGAH KEBANGSAAN BANDAR RINCHING,SMK,SELANGOR,HULU LANGAT,43500,true
BEA4633,SEKOLAH MENENGAH KEBANGSAAN BANDAR SERI PUTRA,SMK,SELANGOR,HULU LANGAT,43000,true
BEA4634,SEKOLAH MENENGAH KEBANGSAAN DESA SERDANG,SMK,SELANGOR,HULU LANGAT,43300,true
BEA4635,SEKOLAH MENENGAH KEBANGSAAN SUNGAI RAMAL,SMK,SELANGOR,HULU LANGAT,43000,true
BEA5061,SEKOLAH MENENGAH KEBANGSAAN KUALA KUBU BHARU,SMK,SELANGOR,HULU SELANGOR,44000,true
BEA5062,SEKOLAH MENENGAH KEBANGSAAN KAMPONG SOEHARTO,SMK,SELANGOR,HULU SELANGOR,44010,true
BEA5063,SEKOLAH MENENGAH KEBANGSAAN SUNGAI CHOH,SMK,SELANGOR,HULU SELANGOR,48000,true
BEA5064,SEKOLAH MENENGAH KEBANGSAAN KALUMPANG,SMK,SELANGOR,HULU SELANGOR,44100,true
BEA5065,SEKOLAH MENENGAH KEBANGSAAN GEDANGSA,SMK,SELANGOR,HULU SELANGOR,44020,true
BEA5066,SEKOLAH MENENGAH KEBANGSAAN BUKIT SENTOSA,SMK,SELANGOR,HULU SELANGOR,48300,true
BEA5067,SEKOLAH MENENGAH SAINS HULU SELANGOR,SBP,SELANGOR,HULU SELANGOR,44300,true
BEA5068,SEKOLAH MENENGAH KEBANGSAAN AMPANG PECAH,SMK,SELANGOR,HULU SELANGOR,44000,true
BEA5069,SEKOLAH MENENGAH KEBANGSAAN BANDAR BARU BATANG KALI,SMK,SELANGOR,HULU SELANGOR,44300,true
BEA5070,SEKOLAH MENENGAH KEBANGSAAN BANDAR SUNGAI BUAYA,SMK,SELANGOR,HULU SELANGOR,48010,true
BEA5071,SEKOLAH MENENGAH KEBANGSAAN TAMAN BUNGA RAYA (1),SMK,SELANGOR,HULU SELANGOR,48300,true
BEA5072,SEKOLAH MENENGAH KEBANGSAAN SERENDAH,SMK,SELANGOR,HULU SELANGOR,48200,true
BEA5073,SEKOLAH MENENGAH KEBANGSAAN BUKIT SENTOSA 2,SMK,SELANGOR,HULU SELANGOR,48300,true
BEA6041,SEKOLAH MENENGAH KEBANGSAAN UNGKU AZIZ,SMK,SELANGOR,SABAK BERNAM,45200,true
BEA6042,SEKOLAH MENENGAH KEBANGSAAN MUNSHI ABDULLAH,SMK,SELANGOR,SABAK BERNAM,45100,true
BEA6043,SEKOLAH MENENGAH KEBANGSAAN SUNGAI BESAR,SMK,SELANGOR,SABAK BERNAM,45300,true
BEA6044,SEKOLAH MENENGAH KEBANGSAAN BAGAN TERAP,SMK,SELANGOR,SABAK BERNAM,45300,true
BEA6601,SEKOLAH MENENGAH KEBANGSAAN DATO MUSTAFFA,SMK,SELANGOR,SABAK BERNAM,45400,true
BEA7601,SEKOLAH MENENGAH KEBANGSAAN GOMBAK SETIA,SMK,SELANGOR,GOMBAK,53100,true
BEA7602,SEKOLAH MENENGAH KEBANGSAAN TAMAN SELAYANG,SMK,SELANGOR,GOMBAK,68100,true
BEA7603,SEKOLAH MENENGAH KEBANGSAAN LEMBAH KERAMAT,SMK,SELANGOR,GOMBAK,54200,true
BEA7604,SEKOLAH MENENGAH KEBANGSAAN TAMAN EHSAN,SMK,SELANGOR,GOMBAK,52100,true
BEA7605,SEKOLAH MENENGAH KEBANGSAAN RAWANG,SMK,SELANGOR,GOMBAK,48000,true
BEA7606,SEKOLAH MENENGAH KEBANGSAAN TAMAN KERAMAT,SMK,SELANGOR,GOMBAK,54200,true
BEA7607,SEKOLAH MENENGAH KEBANGSAAN SERI GOMBAK,SMK,SELANGOR,GOMBAK,68100,true
BEA7608,SEKOLAH MENENGAH KEBANGSAAN HILLCREST,SMK,SELANGOR,GOMBAK,68100,true
BEA7609,SEKOLAH MENENGAH KEBANGSAAN IDEAL HEIGHTS,SMK,SELANGOR,GOMBAK,68100,true
BEA7610,SEKOLAH MENENGAH KEBANGSAAN TAMAN MELAWATI,SMK,SELANGOR,GOMBAK,53100,true
BEA7612,SEKOLAH MENENGAH KEBANGSAAN SERI SELAYANG,SMK,SELANGOR,GOMBAK,68100,true
BEA7613,SEKOLAH MENENGAH KEBANGSAAN SUNGAI KERTAS,SMK,SELANGOR,GOMBAK,68100,true
BEA7614,SEKOLAH MENENGAH KEBANGSAAN SERI KERAMAT,SMK,SELANGOR,GOMBAK,54200,true
BEA7615,SEKOLAH MENENGAH KEBANGSAAN DARUL EHSAN,SMK,SELANGOR,GOMBAK,68100,true
BEA7616,SEKOLAH MENENGAH KEBANGSAAN SUNGAI PUSU,SMK,SELANGOR,GOMBAK,53100,true
BEA7617,SEKOLAH MENENGAH KEBANGSAAN TAMAN DESA,SMK,SELANGOR,GOMBAK,48000,true
BEA7618,SEKOLAH MENENGAH KEBANGSAAN BANDAR TASIK PUTERI,SMK,SELANGOR,GOMBAK,48000,true
BEA7619,SEKOLAH MENENGAH KEBANGSAAN BUKIT RAHMAN PUTRA,SMK,SELANGOR,GOMBAK,47000,true
BEA7620,SEKOLAH MENENGAH KEBANGSAAN SERI KUNDANG,SMK,SELANGOR,GOMBAK,48020,true
BEA7621,SEKOLAH MENENGAH KEBANGSAAN TAMAN DESA 2,SMK,SELANGOR,GOMBAK,48000,true
BEA7622,SEKOLAH MENENGAH KEBANGSAAN SIERRAMAS,SMK,SELANGOR,GOMBAK,47000,true
BEA7623,SEKOLAH MENENGAH KEBANGSAAN TUN PERAK,SMK,SELANGOR,GOMBAK,48000,true
BEA8601,SEKOLAH MENENGAH KEBANGSAAN PUCHONG,SMK,SELANGOR,PETALING PERDANA,47100,true
BEA8602,SEKOLAH MENENGAH KEBANGSAAN SRI PERMATA,SMK,SELANGOR,PETALING UTAMA,47300,true
BEA8603,SEKOLAH MENENGAH KEBANGSAAN SULTAN SALAHUDDIN ABDUL AZIZ SHAH,SMK,SELANGOR,PETALING PERDANA,40000,true
BEA8604,SEKOLAH MENENGAH KEBANGSAAN SUBANG JAYA,SMK,SELANGOR,PETALING PERDANA,47500,true
BEA8605,SEKOLAH MENENGAH KEBANGSAAN BUKIT GADING,SMK,SELANGOR,GOMBAK,47000,true
BEA8606,SEKOLAH MENENGAH KEBANGSAAN SERI SERDANG,SMK,SELANGOR,PETALING PERDANA,43300,true
BEA8607,SEKOLAH MENENGAH KEBANGSAAN TAMAN DATO' HARUN,SMK,SELANGOR,PETALING UTAMA,46000,true
BEA8608,SEKOLAH MENENGAH KEBANGSAAN DAMANSARA JAYA,SMK,SELANGOR,PETALING UTAMA,47400,true
BEA8609,KOLEJ TINGKATAN ENAM PUCHONG,KT6,SELANGOR,PETALING PERDANA,47100,true
BEA8610,SEKOLAH MENENGAH KEBANGSAAN SEKSYEN 16,SMK,SELANGOR,PETALING PERDANA,40200,true
BEA8611,SEKOLAH MENENGAH KEBANGSAAN DAMANSARA UTAMA,SMK,SELANGOR,PETALING UTAMA,47400,true
BEA8612,SEKOLAH MENENGAH PENDIDIKAN KHAS VOKASIONAL SHAH ALAM,SM KHAS,SELANGOR,PETALING PERDANA,40200,true
BEA8613,SEKOLAH MENENGAH KEBANGSAAN TAMAN MEDAN,SMK,SELANGOR,PETALING UTAMA,46000,true
BEA8614,SEKOLAH MENENGAH KEBANGSAAN SUBANG UTAMA,SMK,SELANGOR,PETALING PERDANA,47500,true
BEA8615,SEKOLAH MENENGAH KEBANGSAAN KELANA JAYA,SMK,SELANGOR,PETALING UTAMA,47301,true
BEA8616,SEKOLAH MENENGAH KEBANGSAAN SEKSYEN SEBELAS,SMK,SELANGOR,PETALING PERDANA,40000,true
BEA8617,SEKOLAH MENENGAH KEBANGSAAN SEKSYEN 18,SMK,SELANGOR,PETALING PERDANA,40200,true
BEA8618,SEKOLAH MENENGAH KEBANGSAAN SEAFIELD,SMK,SELANGOR,PETALING PERDANA,47600,true
BEA8619,KOLEJ TINGKATAN ENAM SHAH ALAM,KT6,SELANGOR,PETALING PERDANA,40300,true
BEA8620,SEKOLAH MENENGAH KEBANGSAAN BANDAR BARU SUNGAI BULOH,SMK,SELANGOR,GOMBAK,47000,true
BEA8621,SEKOLAH MENENGAH KEBANGSAAN SEKSYEN 19,SMK,SELANGOR,PETALING PERDANA,40300,true
BEA8622,SEKOLAH MENENGAH KEBANGSAAN ALAM MEGAH,SMK,SELANGOR,PETALING PERDANA,40400,true
BEA8623,SEKOLAH MENENGAH KEBANGSAAN TAMAN SRI MUDA,SMK,SELANGOR,PETALING PERDANA,40400,true
BEA8624,SEKOLAH MENENGAH KEBANGSAAN SRI UTAMA,SMK,SELANGOR,PETALING UTAMA,46100,true
BEA8625,SEKOLAH MENENGAH KEBANGSAAN SS 17,SMK,SELANGOR,PETALING PERDANA,47500,true
BEA8626,SEKOLAH MENENGAH KEBANGSAAN BANDAR SUNWAY,SMK,SELANGOR,PETALING PERDANA,46150,true
BEA8627,SEKOLAH MENENGAH KEBANGSAAN SERI INDAH,SMK,SELANGOR,PETALING PERDANA,43300,true
BEA8628,SEKOLAH MENENGAH KEBANGSAAN PUCHONG PERDANA,SMK,SELANGOR,PETALING PERDANA,47150,true
BEA8629,SEKOLAH MENENGAH KEBANGSAAN SEKSYEN 9,SMK,SELANGOR,PETALING PERDANA,40100,true
BEA8630,SEKOLAH MENENGAH KEBANGSAAN SUBANG,SMK,SELANGOR,PETALING PERDANA,40150,true
BEA8631,KOLEJ TINGKATAN ENAM BANDAR UTAMA,KT6,SELANGOR,PETALING UTAMA,47800,true
BEA8632,SEKOLAH MENENGAH KEBANGSAAN USJ 4,SMK,SELANGOR,PETALING PERDANA,47600,true
BEA8633,SEKOLAH MENENGAH KEBANGSAAN USJ 13,SMK,SELANGOR,PETALING PERDANA,47630,true
BEA8634,SEKOLAH MENENGAH KEBANGSAAN USJ 8,SMK,SELANGOR,PETALING PERDANA,47610,true
BEA8635,SEKOLAH MENENGAH KEBANGSAAN USJ 12,SMK,SELANGOR,PETALING PERDANA,47630,true
BEA8636,SEKOLAH MENENGAH KEBANGSAAN PUCHONG UTAMA (1),SMK,SELANGOR,PETALING PERDANA,47100,true
BEA8637,SEKOLAH MENENGAH KEBANGSAAN TTDI JAYA,SMK,SELANGOR,PETALING PERDANA,40150,true
BEA8638,SEKOLAH MENENGAH KEBANGSAAN SEKSYEN 10 KOTA DAMANSARA,SMK,SELANGOR,PETALING UTAMA,47810,true
BEA8639,SEKOLAH MENENGAH KEBANGSAAN SEKSYEN 1 BANDAR KINRARA,SMK,SELANGOR,PETALING PERDANA,47180,true
BEA8640,SEKOLAH MENENGAH KEBANGSAAN TROPICANA,SMK,SELANGOR,PETALING UTAMA,47410,true
BEA8641,SEKOLAH MENENGAH KEBANGSAAN BANDAR SRI DAMANSARA 2,SMK,SELANGOR,PETALING UTAMA,52200,true
BEA8642,SEKOLAH MENENGAH KEBANGSAAN USJ 23,SMK,SELANGOR,PETALING PERDANA,47640,true
BEA8643,SEKOLAH MENENGAH KEBANGSAAN BANDAR UTAMA DAMANSARA 3,SMK,SELANGOR,PETALING UTAMA,47800,true
BEA8644,SEKOLAH MENENGAH KEBANGSAAN BANDAR UTAMA DAMANSARA (4),SMK,SELANGOR,PETALING UTAMA,47800,true
BEA8645,SEKOLAH MENENGAH KEBANGSAAN SEKSYEN 3 BANDAR KINRARA,SMK,SELANGOR,PETALING PERDANA,47180,true
BEA8647,SEKOLAH MENENGAH KEBANGSAAN SEKSYEN 4 BANDAR KINRARA,SMK,SELANGOR,PETALING PERDANA,47180,true
BEA8648,SEKOLAH MENENGAH KEBANGSAAN SEKSYEN 7,SMK,SELANGOR,PETALING PERDANA,40000,true
BEA8649,SEKOLAH MENENGAH KEBANGSAAN PUSAT BANDAR PUCHONG 1,SMK,SELANGOR,PETALING PERDANA,47160,true
BEA8650,SEKOLAH MENENGAH KEBANGSAAN BUKIT JELUTONG,SMK,SELANGOR,PETALING PERDANA,40150,true
BEA8652,SEKOLAH MENENGAH KEBANGSAAN DAMANSARA DAMAI 1,SMK,SELANGOR,PETALING UTAMA,47830,true
BEA8653,SEKOLAH MENENGAH KEBANGSAAN ALAM MEGAH 2,SMK,SELANGOR,PETALING PERDANA,40400,true
BEA8654,SEKOLAH MENENGAH KEBANGSAAN SEKSYEN 24 (2),SMK,SELANGOR,PETALING PERDANA,40300,true
BEA8655,SEKOLAH MENENGAH KEBANGSAAN SEKSYEN 4 KOTA DAMANSARA,SMK,SELANGOR,PETALING UTAMA,47810,true
BEA8656,SEKOLAH MENENGAH KEBANGSAAN BANDAR PUCHONG JAYA (A),SMK,SELANGOR,PETALING PERDANA,47100,true
BEA8657,SEKOLAH MENENGAH KEBANGSAAN BANDAR PUCHONG JAYA (B),SMK,SELANGOR,PETALING PERDANA,47170,true
BEA8658,SEKOLAH MENENGAH KEBANGSAAN BANDAR UTAMA DAMANSARA (2),SMK,SELANGOR,PETALING UTAMA,47800,true
BEA8659,SEKOLAH MENENGAH KEBANGSAAN BANDAR SRI DAMANSARA 1,SMK,SELANGOR,PETALING UTAMA,52200,true
BEA8660,SEKOLAH MENENGAH KEBANGSAAN SEKSYEN 27,SMK,SELANGOR,PETALING PERDANA,40400,true
BEA8661,SEKOLAH MENENGAH KEBANGSAAN LEMBAH SUBANG,SMK,SELANGOR,PETALING UTAMA,47301,true
BEA8662,SEKOLAH MENENGAH KEBANGSAAN SUBANG BESTARI,SMK,SELANGOR,PETALING PERDANA,40150,true
BEA8663,SEKOLAH MENENGAH KEBANGSAAN PUCHONG PERMAI,SMK,SELANGOR,PETALING PERDANA,47150,true
BEA8664,SEKOLAH MENENGAH KEBANGSAAN TAMAN DESAMINIUM,SMK,SELANGOR,PETALING PERDANA,43300,true
BEA8665,SEKOLAH MENENGAH KEBANGSAAN SETIA ALAM,SMK,SELANGOR,PETALING PERDANA,40170,true
BEA8666,SEKOLAH MENENGAH KEBANGSAAN SEKSYEN 8 KOTA DAMANSARA,SMK,SELANGOR,PETALING UTAMA,47810,true
BEA8668,SEKOLAH MENENGAH KEBANGSAAN SHAH ALAM,SMK,SELANGOR,PETALING PERDANA,40150,true
BEA8669,KOLEJ TINGKATAN ENAM PETALING JAYA,KT6,SELANGOR,PETALING UTAMA,46000,true
BEA8670,SEKOLAH MENENGAH KEBANGSAAN BANDAR PUNCAK JALIL,SMK,SELANGOR,PETALING PERDANA,43300,true
BEA9601,SEKOLAH MENENGAH KEBANGSAAN SUNGAI RAWANG,SMK,SELANGOR,SEPANG,43950,true
BEA9602,SEKOLAH MENENGAH KEBANGSAAN SERI SEPANG,SMK,SELANGOR,SEPANG,43900,true
BEA9604,SEKOLAH MENENGAH KEBANGSAAN BANDAR BARU SALAK TINGGI,SMK,SELANGOR,SEPANG,43900,true
BEA9607,SEKOLAH MENENGAH KEBANGSAAN SERI PUTERI,SBP,SELANGOR,SEPANG,63000,true
BEA9609,SEKOLAH MENENGAH KEBANGSAAN CYBERJAYA,SMK,SELANGOR,SEPANG,63000,true
BEA9610,SEKOLAH MENENGAH KEBANGSAAN PANTAI SEPANG PUTRA,SMK,SELANGOR,SEPANG,43950,true
BEA9611,SEKOLAH MENENGAH KEBANGSAAN PUTRA PERDANA,SMK,SELANGOR,SEPANG,47130,true
BEA9612,SEKOLAH MENENGAH KEBANGSAAN DATO' ABU BAKAR BAGINDA,SMK,SELANGOR,SEPANG,43650,true
BEB0099,SEKOLAH MENENGAH KEBANGSAAN METHODIST (ACS),SMK,SELANGOR,KLANG,41000,true
BEB0100,SEKOLAH MENENGAH KEBANGSAAN CHUNG HWA,SMK,SELANGOR,KLANG,40470,true
BEB0101,SEKOLAH MENENGAH KEBANGSAAN CONVENT,SMK,SELANGOR,KLANG,41000,true
BEB0102,SEKOLAH MENENGAH KEBANGSAAN TINGGI KLANG,SMK,SELANGOR,KLANG,41710,true
BEB0103,SEKOLAH MENENGAH KEBANGSAAN KWANG HUA,SMK,SELANGOR,KLANG,41150,true
BEB0104,SEKOLAH MENENGAH KEBANGSAAN LA SALLE,SMK,SELANGOR,KLANG,41200,true
BEB0105,SEKOLAH MENENGAH KEBANGSAAN (P) METHODIST,SMK,SELANGOR,KLANG,41000,true
BEB0106,SEKOLAH MENENGAH KEBANGSAAN (P) BUKIT KUDA,SMK,SELANGOR,KLANG,41300,true
BEB0108,SEKOLAH MENENGAH KEBANGSAAN DATO HAMZAH,SMK,SELANGOR,KLANG,42000,true
BEB0109,SEKOLAH MENENGAH KEBANGSAAN (P) RAJA ZARINA,SMK,SELANGOR,KLANG,42000,true
BEB0110,SEKOLAH MENENGAH KEBANGSAAN MERU,SMK,SELANGOR,KLANG,41050,true
BEB0111,SEKOLAH MENENGAH KEBANGSAAN PULAU KETAM,SMK,SELANGOR,KLANG,42940,true
BEB1069,SEKOLAH MENENGAH KEBANGSAAN METHODIST,SMK,SELANGOR,KUALA LANGAT,42700,true
BEB1070,KOLEJ VOKASIONAL SULTAN ABDUL SAMAD,KV,SELANGOR,KUALA LANGAT,42700,true
BEB1072,SEKOLAH MENENGAH KEBANGSAAN TANJUNG SEPAT,SMK,SELANGOR,KUALA LANGAT,42800,true
BEB1073,SEKOLAH MENENGAH KEBANGSAAN SUNGAI MANGGIS,SMK,SELANGOR,KUALA LANGAT,42700,true
BEB1074,SEKOLAH MENENGAH KEBANGSAAN PULAU CAREY,SMK,SELANGOR,KUALA LANGAT,42960,true
BEB3078,KOLEJ TINGKATAN ENAM SULTAN ABDUL AZIZ,KT6,SELANGOR,KUALA SELANGOR,45000,true
BEB3079,SEKOLAH MENENGAH KEBANGSAAN SULTAN SULAIMAN SHAH,SMK,SELANGOR,KUALA SELANGOR,45600,true
BEB3080,SEKOLAH MENENGAH KEBANGSAAN SERI DESA,SMK,SELANGOR,KUALA SELANGOR,45500,true
BEB4068,SEKOLAH MENENGAH KEBANGSAAN CONVENT,SMK,SELANGOR,HULU LANGAT,43000,true
BEB4069,SEKOLAH MENENGAH KEBANGSAAN TINGGI KAJANG,SMK,SELANGOR,HULU LANGAT,43000,true
BEB4070,SEKOLAH MENENGAH KEBANGSAAN YU HUA,SMK,SELANGOR,HULU LANGAT,43000,true
BEB4071,SEKOLAH MENENGAH KEBANGSAAN JALAN BUKIT,SMK,SELANGOR,HULU LANGAT,43000,true
BEB5065,SEKOLAH MENENGAH KEBANGSAAN SYED MASHOR,SMK,SELANGOR,HULU SELANGOR,44300,true
BEB5066,SEKOLAH MENENGAH KEBANGSAAN DATO' HJ KAMARUDDIN,SMK,SELANGOR,HULU SELANGOR,44000,true
BEB6044,KOLEJ TINGKATAN ENAM TUNKU ABDUL RAHMAN PUTRA,KT6,SELANGOR,SABAK BERNAM,45200,true
BEB6046,SEKOLAH MENENGAH KEBANGSAAN SERI BEDENA,SMK,SELANGOR,SABAK BERNAM,45300,true
BEB6047,SEKOLAH MENENGAH KEBANGSAAN YOKE KUAN,SMK,SELANGOR,SABAK BERNAM,45400,true
BEB7651,SEKOLAH MENENGAH KEBANGSAAN KEPONG,SMK,SELANGOR,GOMBAK,52100,true
BEB7652,SEKOLAH MENENGAH KEBANGSAAN HULU KELANG,SMK,SELANGOR,GOMBAK,68000,true
BEB7653,SEKOLAH MENENGAH KEBANGSAAN SELAYANG BHARU,SMK,SELANGOR,GOMBAK,68100,true
BEB7654,SEKOLAH MENENGAH KEBANGSAAN SERI GARING,SMK,SELANGOR,GOMBAK,48000,true
BEB7655,SEKOLAH MENENGAH KEBANGSAAN TUANKU ABDUL RAHMAN,SMK,SELANGOR,GOMBAK,48100,true
BEB8651,SEKOLAH MENENGAH KEBANGSAAN ASSUNTA,SMK,SELANGOR,PETALING UTAMA,46000,true
BEB8652,SEKOLAH MENENGAH KEBANGSAAN (L) BUKIT BINTANG,SMK,SELANGOR,PETALING UTAMA,46200,true
BEB8653,SEKOLAH MENENGAH KEBANGSAAN KATHOLIK,SMK,SELANGOR,PETALING UTAMA,46000,true
BEB8654,SEKOLAH MENENGAH KEBANGSAAN LA SALLE PJ,SMK,SELANGOR,PETALING UTAMA,46000,true
BEB8655,SEKOLAH MENENGAH KEBANGSAAN (P) SRI AMAN,SMK,SELANGOR,PETALING UTAMA,46100,true
BEB8656,SEKOLAH MENENGAH KEBANGSAAN TAMAN SEA,SMK,SELANGOR,PETALING UTAMA,46300,true
BEB8657,SEKOLAH MENENGAH KEBANGSAAN SULTAN ABDUL SAMAD,SMK,SELANGOR,PETALING UTAMA,46200,true
BEB8658,SEKOLAH MENENGAH KEBANGSAAN (P) TMN PETALING,SMK,SELANGOR,PETALING UTAMA,46000,true
BEB8659,SEKOLAH MENENGAH KEBANGSAAN SERI KEMBANGAN,SMK,SELANGOR,PETALING PERDANA,43300,true
BEB9651,SEKOLAH MENENGAH KEBANGSAAN SUNGAI PELEK,SMK,SELANGOR,SEPANG,43950,true
BEB9701,SEKOLAH MENENGAH KEBANGSAAN DENGKIL,SMK,SELANGOR,SEPANG,43800,true
BFT0001,SAMT SULTAN HISAMUDDIN,SM SABK,SELANGOR,KLANG,41000,true
BFT0002,SAM HISAMUDDIN,SM SABK,SELANGOR,KLANG,41100,true
BFT0003,SAM NURUL IMAN,SM SABK,SELANGOR,KLANG,41050,true
BFT1001,SAM UNWANUS SAADAH,SM SABK,SELANGOR,KUALA LANGAT,42700,true
BFT1002,SAMT TENGKU AMPUAN RAHIMAH,SM SABK,SELANGOR,KUALA LANGAT,42700,true
BFT3001,SAM JERAM,SM SABK,SELANGOR,KUALA SELANGOR,45800,true
BFT3002,SAM TANJONG KARANG,SM SABK,SELANGOR,KUALA SELANGOR,45500,true
BFT4001,SAM HULU LANGAT,SM SABK,SELANGOR,HULU LANGAT,43200,true
BFT5001,SAM SUNGAI SELISEK,SM SABK,SELANGOR,HULU SELANGOR,44020,true
BFT5002,SAMT KUALA KUBU BHARU,SM SABK,SELANGOR,HULU SELANGOR,44000,true
BFT6001,SAM PARIT BARU,SM SABK,SELANGOR,SABAK BERNAM,45100,true
BFT6002,SAM BAGAN TERAP,SM SABK,SELANGOR,SABAK BERNAM,45300,true
BFT6003,SAM SUNGAI HAJI DORANI,SM SABK,SELANGOR,SABAK BERNAM,45300,true
BFT6004,SAM PASIR PANJANG,SM SABK,SELANGOR,SABAK BERNAM,45400,true
BFT6005,SAM MUHAMMADIAH,SM SABK,SELANGOR,SABAK BERNAM,45200,true
BFT6006,SAM TENGKU AMPUAN JEMAAH,SM SABK,SELANGOR,SABAK BERNAM,45300,true
BFT6007,SAMT SULTAN SALAHUDDIN ABD AZIZ SHAH,SM SABK,SELANGOR,SABAK BERNAM,45200,true
BFT7001,SAM RAWANG,SM SABK,SELANGOR,GOMBAK,48000,true
BFT8001,SAM PAYA JARAS,SM SABK,SELANGOR,GOMBAK,47000,true
BFT8002,SAM BESTARI,SM SABK,SELANGOR,PETALING PERDANA,47610,true
BFT8003,SAMT TENGKU AMPUAN JEMAAH,SM SABK,SELANGOR,PETALING PERDANA,40000,true
BFT9001,SAM SUNGAI MERAB LUAR,SM SABK,SELANGOR,SEPANG,43000,true
BFT9002,SAM BANDAR BARU SALAK TINGGI,SM SABK,SELANGOR,SEPANG,43900,true
BHA3001,KOLEJ VOKASIONAL KUALA SELANGOR,KV,SELANGOR,KUALA SELANGOR,45600,true
BHA7001,KOLEJ VOKASIONAL GOMBAK,KV,SELANGOR,GOMBAK,53100,true
BHA8002,KOLEJ VOKASIONAL SUNGAI BULOH,KV,SELANGOR,GOMBAK,47000,true
BHA8004,KOLEJ VOKASIONAL SHAH ALAM,KV,SELANGOR,PETALING PERDANA,40300,true
BHA9001,KOLEJ VOKASIONAL SEPANG,KV,SELANGOR,SEPANG,43800,true
BKA4001,KOLEJ VOKASIONAL KAJANG,KV,SELANGOR,HULU LANGAT,43000,true
BKE0001,KOLEJ VOKASIONAL KLANG,KV,SELANGOR,KLANG,41200,true
BRA0001,KOLEJ ISLAM SULTAN ALAM SHAH,SBP,SELANGOR,KLANG,41906,true
BRA3001,SEKOLAH MENENGAH KEBANGSAAN AGAMA KUALA SELANGOR,SMKA,SELANGOR,KUALA SELANGOR,45000,true
BRA4001,SEKOLAH MENENGAH KEBANGSAAN AGAMA MAAHAD HAMIDIAH,SMKA,SELANGOR,HULU LANGAT,43000,true
BRA4003,SEKOLAH MENENGAH AGAMA PERSEKUTUAN KAJANG,SBP,SELANGOR,HULU LANGAT,43000,true
BRA6001,SEKOLAH BERASRAMA PENUH INTEGRASI SABAK BERNAM,SBP,SELANGOR,SABAK BERNAM,45100,true
BRA6002,SEKOLAH MENENGAH KEBANGSAAN AGAMA TUN RAHAH,SMKA,SELANGOR,SABAK BERNAM,45300,true
BRA7001,SEKOLAH BERASRAMA PENUH INTEGRASI RAWANG,SBP,SELANGOR,GOMBAK,48020,true
BRA7002,SEKOLAH BERASRAMA PENUH INTEGRASI GOMBAK,SBP,SELANGOR,GOMBAK,53100,true
CEA0014,SEKOLAH MENENGAH KEBANGSAAN BENTONG,SMK,PAHANG,BENTONG,28700,true
CEA0015,SEKOLAH MENENGAH KEBANGSAAN (LKTP) KG SERTIK,SMK,PAHANG,BENTONG,28610,true
CEA0053,SEKOLAH MENENGAH KEBANGSAAN (FELDA) LURAH BILUT,SMK,PAHANG,BENTONG,28800,true
CEA0055,SEKOLAH MENENGAH KEBANGSAAN SERI PELANGAI,SMK,PAHANG,BENTONG,28740,true
CEA0056,SEKOLAH MENENGAH KEBANGSAAN SERI BENTONG,MODEL KHAS,PAHANG,BENTONG,28600,true
CEA0057,SEKOLAH MENENGAH KEBANGSAAN BUKIT TINGGI,SMK,PAHANG,BENTONG,28750,true
CEA0058,SEKOLAH MENENGAH KEBANGSAAN KUALA REPAS,SMK,PAHANG,BENTONG,28700,true
CEA0059,SEKOLAH MENENGAH KEBANGSAAN KARAK SETIA,SMK,PAHANG,BENTONG,28600,true
CEA0060,SEKOLAH MENENGAH KEBANGSAAN (FELDA) CHEMOMOI,SMK,PAHANG,BENTONG,28310,true
CEA0061,SEKOLAH MENENGAH KEBANGSAAN SRI LAYANG,SMK,PAHANG,BENTONG,69000,true
CEA1001,SEKOLAH MENENGAH KEBANGSAAN KAMPUNG RAJA,SMK,PAHANG,CAMERON HIGHLANDS,39010,true
CEA1002,SEKOLAH MENENGAH KEBANGSAAN RINGLET,SMK,PAHANG,CAMERON HIGHLANDS,39200,true
CEA2029,SEKOLAH MENENGAH KEBANGSAAN PULAU TAWAR,SMK,PAHANG,JERANTUT,27050,true
CEA2030,SEKOLAH MENENGAH KEBANGSAAN KUALA TEMBELING,SMK,PAHANG,JERANTUT,27020,true
CEA2045,SEKOLAH MENENGAH KEBANGSAAN PADANG PIOL,SMK,PAHANG,JERANTUT,27040,true
CEA2046,SEKOLAH MENENGAH KEBANGSAAN PADANG SAUJANA,SMK,PAHANG,JERANTUT,27000,true
CEA2047,SEKOLAH MENENGAH KEBANGSAAN DAMAK,SMK,PAHANG,JERANTUT,27030,true
CEA2048,SEKOLAH MENENGAH KEBANGSAAN TEMIN,SMK,PAHANG,JERANTUT,27000,true
CEA2049,SEKOLAH MENENGAH KEBANGSAAN KOTA GELANGGI 2,SMK,PAHANG,JERANTUT,27000,true
CEA2050,SEKOLAH MENENGAH KEBANGSAAN JUBLI PERAK SULTAN HAJI AHMAD SHAH,SMK,PAHANG,JERANTUT,27000,true
CEA2051,SEKOLAH MENENGAH KEBANGSAAN P. PENYELIDIKAN PERTANIAN TUN RAZAK,SMK,PAHANG,JERANTUT,27000,true
CEA2052,SEKOLAH MENENGAH KEBANGSAAN SUNGAI RETANG,SMK,PAHANG,JERANTUT,27000,true
CEA2053,SEKOLAH MENENGAH KEBANGSAAN INDERAPURA,SMK,PAHANG,JERANTUT,27000,true
CEA2054,SEKOLAH MENENGAH KEBANGSAAN JENGKA 24,SMK,PAHANG,JERANTUT,26400,true
CEA3034,SEKOLAH MENENGAH KEBANGSAAN ORANG KAYA HAJI,SMK,PAHANG,LIPIS,27200,true
CEA3035,SEKOLAH MENENGAH KEBANGSAAN PADANG TENGKU,SMK,PAHANG,LIPIS,27100,true
CEA3036,SEKOLAH MENENGAH KEBANGSAAN BENTA,SMK,PAHANG,LIPIS,27300,true
CEA3055,SEKOLAH MENENGAH KEBANGSAAN (FELDA) SG KOYAN,SMK,PAHANG,LIPIS,27650,true
CEA3056,SEKOLAH MENENGAH KEBANGSAAN MERAPOH,SMK,PAHANG,LIPIS,27210,true
CEA3057,SEKOLAH MENENGAH KEBANGSAAN SERI LIPIS,SMK,PAHANG,LIPIS,27200,true
CEA3058,SEKOLAH MENENGAH KEBANGSAAN KERAMBIT,SMK,PAHANG,LIPIS,27200,true
CEA3059,SEKOLAH MENENGAH KEBANGSAAN KUALA LANAR,SMK,PAHANG,LIPIS,27200,true
CEA4022,SEKOLAH MENENGAH KEBANGSAAN ABDUL RAHMAN TALIB,SMK,PAHANG,KUANTAN,25250,true
CEA4023,SEKOLAH MENENGAH KEBANGSAAN ALOR AKAR,SMK,PAHANG,KUANTAN,25050,true
CEA4024,SEKOLAH MENENGAH KEBANGSAAN BESERAH,SMK,PAHANG,KUANTAN,26100,true
CEA4026,SEKOLAH MENENGAH KEBANGSAAN PAYA BESAR,SMK,PAHANG,KUANTAN,25150,true
CEA4071,SEKOLAH MENENGAH KEBANGSAAN BUKIT GOH,SMK,PAHANG,KUANTAN,26050,true
CEA4073,SEKOLAH MENENGAH KEBANGSAAN SERI PANCHING,SMK,PAHANG,KUANTAN,26010,true
CEA4074,SEKOLAH MENENGAH KEBANGSAAN TANJONG LUMPUR,SMK,PAHANG,KUANTAN,25150,true
CEA4075,SEKOLAH MENENGAH KEBANGSAAN TG PANGLIMA PERANG TG MUHAMMAD,SMK,PAHANG,KUANTAN,25200,true
CEA4076,SEKOLAH MENENGAH KEBANGSAAN LEPAR HILIR,SMK,PAHANG,KUANTAN,26300,true
CEA4077,SEKOLAH MENENGAH KEBANGSAAN LEPAR UTARA,SMK,PAHANG,JERANTUT,26400,true
CEA4078,SEKOLAH MENENGAH KEBANGSAAN PANDAN,SMK,PAHANG,KUANTAN,25150,true
CEA4079,SEKOLAH MENENGAH KEBANGSAAN TOK SERA,SMK,PAHANG,KUANTAN,25050,true
CEA4080,SEKOLAH MENENGAH KEBANGSAAN INDERA MAHKOTA 2,SMK,PAHANG,KUANTAN,25200,true
CEA4081,SEKOLAH MENENGAH KEBANGSAAN BUKIT RANGIN,SMK,PAHANG,KUANTAN,25150,true
CEA4082,SEKOLAH MENENGAH KEBANGSAAN GUDANG RASAU,SMK,PAHANG,KUANTAN,25150,true
CEA4083,SEKOLAH MENENGAH KEBANGSAAN PELABUHAN,SMK,PAHANG,KUANTAN,26100,true
CEA4084,SEKOLAH MENENGAH KEBANGSAAN SEMAMBU,SMK,PAHANG,KUANTAN,25350,true
CEA4085,SEKOLAH MENENGAH KEBANGSAAN SERI DAMAI,SMK,PAHANG,KUANTAN,25150,true
CEA4086,SEKOLAH MENENGAH KEBANGSAAN SULTANAH HAJJAH KALSOM,SMK,PAHANG,KUANTAN,26100,true
CEA4087,SEKOLAH MENENGAH KEBANGSAAN SUNGAI ISAP,SMK,PAHANG,KUANTAN,25150,true
CEA4088,SEKOLAH MENENGAH KEBANGSAAN ASTANA,SMK,PAHANG,KUANTAN,25200,true
CEA4089,SEKOLAH MENENGAH KEBANGSAAN SUNGAI SOI,SMK,PAHANG,KUANTAN,25150,true
CEA4090,SEKOLAH MENENGAH KEBANGSAAN CENDERAWASIH,SMK,PAHANG,KUANTAN,25200,true
CEA4091,SEKOLAH MENENGAH KEBANGSAAN SUNGAI BAGING,SMK,PAHANG,KUANTAN,26080,true
CEA4092,SEKOLAH MENENGAH KEBANGSAAN MAT KILAU,SMK,PAHANG,KUANTAN,25150,true
CEA4093,SEKOLAH MENENGAH KEBANGSAAN TELUK CHEMPEDAK,SMK,PAHANG,KUANTAN,25050,true
CEA4094,SEKOLAH MENENGAH KEBANGSAAN PELINDUNG,SMK,PAHANG,KUANTAN,26100,true
CEA4095,SEKOLAH MENENGAH KEBANGSAAN GAMBANG,SMK,PAHANG,KUANTAN,26300,true
CEA4096,SEKOLAH MENENGAH KEBANGSAAN PADANG GARUDA,SMK,PAHANG,KUANTAN,26070,true
CEA4097,SEKOLAH MENENGAH KEBANGSAAN BUKIT SAGU,SMK,PAHANG,KUANTAN,25740,true
CEA4098,SEKOLAH MENENGAH KEBANGSAAN SUNGAI ISAP MURNI,SMK,PAHANG,KUANTAN,25150,true
CEA4099,SEKOLAH SUKAN MALAYSIA PAHANG,SUKAN,PAHANG,KUANTAN,26300,true
CEA4100,SEKOLAH MENENGAH KEBANGSAAN CHENGAL LEMPONG,SMK,PAHANG,KUANTAN,26080,true
CEA5053,SEKOLAH MENENGAH KEBANGSAAN DATO' MAHMUD MAT,SMK,PAHANG,PEKAN,26600,true
CEA5054,SEKOLAH MENENGAH KEBANGSAAN TENGKU ABDULLAH,SMK,PAHANG,PEKAN,26600,true
CEA5056,SEKOLAH MENENGAH KEBANGSAAN PALOH HINAI,SMK,PAHANG,PEKAN,26650,true
CEA5061,SEKOLAH MENENGAH KEBANGSAAN (LKTP) CHINI,SMK,PAHANG,PEKAN,26690,true
CEA5071,SEKOLAH MENENGAH KEBANGSAAN NENASI,SMK,PAHANG,PEKAN,26680,true
CEA5072,SEKOLAH SULTAN HAJI AHMAD SHAH,SBP,PAHANG,PEKAN,26600,true
CEA5073,SEKOLAH MENENGAH KEBANGSAAN CHINI TIMUR,SMK,PAHANG,PEKAN,26690,true
CEA5074,SEKOLAH MENENGAH KEBANGSAAN SERI PEKAN,MODEL KHAS,PAHANG,PEKAN,26600,true
CEA5075,SEKOLAH MENENGAH KEBANGSAAN INDERA SHAHBANDAR,SMK,PAHANG,PEKAN,26660,true
CEA5076,SEKOLAH MENENGAH KEBANGSAAN PEKAN,SMK,PAHANG,PEKAN,26600,true
CEA5077,SEKOLAH MENENGAH KEBANGSAAN UBAI,SMK,PAHANG,PEKAN,26610,true
CEA5078,SEKOLAH MENENGAH KEBANGSAAN LEPAR,SMK,PAHANG,PEKAN,26300,true
CEA5079,SEKOLAH MENENGAH KEBANGSAAN PERAMU JAYA,SMK,PAHANG,PEKAN,26600,true
CEA5080,SEKOLAH MENENGAH KEBANGSAAN CHINI 2,SMK,PAHANG,PEKAN,26690,true
CEA6021,SEKOLAH MENENGAH SAINS TENGKU ABDULLAH,SBP,PAHANG,RAUB,27600,true
CEA6022,SEKOLAH MENENGAH KEBANGSAAN TENGKU KUDIN,SMK,PAHANG,RAUB,27600,true
CEA6023,SEKOLAH MENENGAH KEBANGSAAN DONG,SMK,PAHANG,RAUB,27400,true
CEA6024,SEKOLAH MENENGAH KEBANGSAAN LKTP TERSANG,SMK,PAHANG,RAUB,27610,true
CEA6025,SEKOLAH MENENGAH KEBANGSAAN SERI RAUB,SMK,PAHANG,RAUB,27600,true
CEA6026,SEKOLAH MENENGAH KEBANGSAAN GALI,SMK,PAHANG,RAUB,27600,true
CEA6027,SEKOLAH MENENGAH KEBANGSAAN SEGA,SMK,PAHANG,RAUB,27660,true
CEA7060,SEKOLAH MENENGAH KEBANGSAAN KERDAU,SMK,PAHANG,TEMERLOH,28010,true
CEA7063,SEKOLAH MENENGAH KEBANGSAAN TEMERLOH,SMK,PAHANG,TEMERLOH,28000,true
CEA7064,SEKOLAH MENENGAH KEBANGSAAN KUALA KRAU,SMK,PAHANG,TEMERLOH,28050,true
CEA7065,SEKOLAH MENENGAH KEBANGSAAN DATUK BAHAMAN,SMK,PAHANG,TEMERLOH,28500,true
CEA7066,SEKOLAH MENENGAH KEBANGSAAN SERI SEMANTAN,SMK,PAHANG,TEMERLOH,28400,true
CEA7067,SEKOLAH MENENGAH KEBANGSAAN SERI TUALANG,MODEL KHAS,PAHANG,TEMERLOH,28000,true
CEA7068,SEKOLAH MENENGAH KEBANGSAAN BUKIT DAMAR,SMK,PAHANG,TEMERLOH,28500,true
CEA7069,SEKOLAH MENENGAH KEBANGSAAN TEMERLOH JAYA,SMK,PAHANG,TEMERLOH,28000,true
CEA7070,SEKOLAH MENENGAH KEBANGSAAN PAYA PULAI,SMK,PAHANG,TEMERLOH,28000,true
CEA7071,SEKOLAH MENENGAH KEBANGSAAN TELUK SENTANG,SMK,PAHANG,TEMERLOH,28000,true
CEA7072,SEKOLAH MENENGAH KEBANGSAAN BUKIT CERMIN,SMK,PAHANG,TEMERLOH,28400,true
CEA7073,SEKOLAH MENENGAH KEBANGSAAN LANCHANG,SMK,PAHANG,TEMERLOH,28500,true
CEA7160,SEKOLAH MENENGAH KEBANGSAAN SEBERANG TEMERLOH,SMK,PAHANG,TEMERLOH,28000,true
CEA8017,SEKOLAH MENENGAH KEBANGSAAN ROMPIN,SMK,PAHANG,ROMPIN,26800,true
CEA8018,SEKOLAH MENENGAH KEBANGSAAN KERATONG,SMK,PAHANG,ROMPIN,26900,true
CEA8019,SEKOLAH MENENGAH KEBANGSAAN TANJUNG GEMOK,SMK,PAHANG,ROMPIN,26820,true
CEA8020,SEKOLAH MENENGAH KEBANGSAAN PERWIRA JAYA,SMK,PAHANG,ROMPIN,26700,true
CEA8021,SEKOLAH MENENGAH KEBANGSAAN PERANTAU DAMAI,SMK,PAHANG,ROMPIN,26700,true
CEA8022,SEKOLAH MENENGAH KEBANGSAAN TEKEK,SMK,PAHANG,ROMPIN,26800,true
CEA8023,SEKOLAH MENENGAH KEBANGSAAN CHANIS,SMK,PAHANG,ROMPIN,26700,true
CEA8024,SEKOLAH MENENGAH KEBANGSAAN BANDAR TUN RAZAK,SMK,PAHANG,ROMPIN,26900,true
CEA8025,SEKOLAH MENENGAH KEBANGSAAN SERI ROMPIN,SMK,PAHANG,ROMPIN,26810,true
CEA8026,SEKOLAH MENENGAH KEBANGSAAN MUADZAM JAYA,SMK,PAHANG,ROMPIN,26700,true
CEA8027,SEKOLAH MENENGAH KEBANGSAAN SELANCAR,SMK,PAHANG,ROMPIN,26700,true
CEA8028,SEKOLAH MENENGAH KEBANGSAAN SUNGAI PUTERI,SMK,PAHANG,ROMPIN,26800,true
CEA8029,SEKOLAH MENENGAH KEBANGSAAN SELENDANG,SMK,PAHANG,ROMPIN,26800,true
CEA8030,SEKOLAH MENENGAH KEBANGSAAN PONTIAN JAYA,SMK,PAHANG,ROMPIN,26800,true
CEA8031,SEKOLAH MENENGAH KEBANGSAAN ROMPIN PERMAI,SMK,PAHANG,ROMPIN,26800,true
CEA8032,SEKOLAH MENENGAH KEBANGSAAN MUADZAM SHAH,SMK,PAHANG,ROMPIN,26700,true
CEA9059,SEKOLAH MENENGAH KEBANGSAAN MARAN,SMK,PAHANG,MARAN,26500,true
CEA9060,SEKOLAH MENENGAH TENGKU AMPUAN AFZAN,SMK,PAHANG,MARAN,28100,true
CEA9114,SEKOLAH MENENGAH KEBANGSAAN (LKTP) JENGKA 2,SMK,PAHANG,MARAN,26430,true
CEA9116,SEKOLAH MENENGAH KEBANGSAAN (LKTP) KAMPUNG AWAH,SMK,PAHANG,MARAN,28030,true
CEA9133,SEKOLAH MENENGAH KEBANGSAAN (LKTP) JENGKA 6,SMK,PAHANG,MARAN,26410,true
CEA9157,SEKOLAH MENENGAH KEBANGSAAN JENGKA PUSAT,SMK,PAHANG,MARAN,26400,true
CEA9158,SEKOLAH MENENGAH KEBANGSAAN (LKTP) JENGKA 10,SMK,PAHANG,MARAN,26400,true
CEA9160,SEKOLAH MENENGAH KEBANGSAAN (LKTP) JENGKA 18,SMK,PAHANG,MARAN,26400,true
CEA9161,SEKOLAH MENENGAH KEBANGSAAN (LKTP) JENGKA 21,SMK,PAHANG,MARAN,26400,true
CEA9162,SEKOLAH MENENGAH KEBANGSAAN JENGKA PUSAT 2,SMK,PAHANG,MARAN,26400,true
CEA9163,SEKOLAH MENENGAH KEBANGSAAN SERI JENGKA,SMK,PAHANG,MARAN,26500,true
CEA9164,SEKOLAH MENENGAH KEBANGSAAN MARAN 2,SMK,PAHANG,MARAN,26500,true
CEA9165,SEKOLAH MENENGAH KEBANGSAAN (LKTP) JENGKA 16,SMK,PAHANG,MARAN,26400,true
CEA9166,SEKOLAH MENENGAH KEBANGSAAN JENGKA 12,SMK,PAHANG,MARAN,26400,true
CEA9167,SEKOLAH MENENGAH KEBANGSAAN SRI JAYA,SMK,PAHANG,MARAN,26020,true
CEA9168,SEKOLAH MENENGAH KEBANGSAAN DESA JAYA,SMK,PAHANG,MARAN,26400,true
CEA9169,SEKOLAH MENENGAH KEBANGSAAN CEDUNG JAYA,SMK,PAHANG,MARAN,26500,true
CEAA061,SEKOLAH MENENGAH KEBANGSAAN BERA,SMK,PAHANG,BERA,28300,true
CEAA062,SEKOLAH MENENGAH KEBANGSAAN MENGKARAK,SMK,PAHANG,BERA,28200,true
CEAA115,SEKOLAH MENENGAH KEBANGSAAN BUKIT MENDI,SMK,PAHANG,BERA,28320,true
CEAA156,SEKOLAH MENENGAH KEBANGSAAN (FELDA) PURUN,SMK,PAHANG,BERA,28330,true
CEAA159,SEKOLAH MENENGAH KEBANGSAAN KEMAYAN,SMK,PAHANG,BERA,28380,true
CEAA161,SEKOLAH MENENGAH KEBANGSAAN BANDAR KERAYONG,SMK,PAHANG,BERA,28200,true
CEAA162,SEKOLAH MENENGAH KEBANGSAAN TEMBANGAU,SMK,PAHANG,BERA,28380,true
CEAA163,SEKOLAH MENENGAH KEBANGSAAN SERI BERA,SMK,PAHANG,BERA,28200,true
CEAA164,SEKOLAH MENENGAH KEBANGSAAN TRIANG 3,SMK,PAHANG,BERA,28300,true
CEB0017,SEKOLAH MENENGAH KEBANGSAAN TELEMONG,SMK,PAHANG,BENTONG,28620,true
CEB0019,SEKOLAH MENENGAH KEBANGSAAN KETARI,SMK,PAHANG,BENTONG,28700,true
CEB0020,SEKOLAH MENENGAH KEBANGSAAN KATHOLIK,SMK,PAHANG,BENTONG,28700,true
CEB0021,SEKOLAH MENENGAH KEBANGSAAN KHAI MUN,SMK,PAHANG,BENTONG,28700,true
CEB1003,SEKOLAH MENENGAH KEBANGSAAN SULTAN AHMAD SHAH,SMK,PAHANG,CAMERON HIGHLANDS,39000,true
CEB3038,SEKOLAH MENENGAH KEBANGSAAN SETIA WANGSA,SMK,PAHANG,LIPIS,27200,true
CEB3039,SEKOLAH MENENGAH KEBANGSAAN CHUNG HWA,SMK,PAHANG,LIPIS,27200,true
CEB4032,SEKOLAH MENENGAH KEBANGSAAN SULTAN ABU BAKAR,SMK,PAHANG,KUANTAN,25300,true
CEB4033,SEKOLAH MENENGAH KEBANGSAAN ST THOMAS,SMK,PAHANG,KUANTAN,25300,true
CEB4034,SEKOLAH MENENGAH KEBANGSAAN (P) METHODIST,SMK,PAHANG,KUANTAN,25000,true
CEB4035,SEKOLAH MENENGAH KEBANGSAAN AIR PUTIH,SMK,PAHANG,KUANTAN,25300,true
CEB4036,SEKOLAH MENENGAH KEBANGSAAN TANAH PUTEH,SMK,PAHANG,KUANTAN,25100,true
CEB4040,SEKOLAH MENENGAH KEBANGSAAN SERI MAHKOTA,SMK,PAHANG,KUANTAN,25150,true
CEB4069,SEKOLAH MENENGAH KEBANGSAAN TENGKU AFZAN,SMK,PAHANG,KUANTAN,25050,true
CEB6026,SEKOLAH MENENGAH KEBANGSAAN MAHMUD,SMK,PAHANG,RAUB,27600,true
CEB6027,SEKOLAH MENENGAH KEBANGSAAN DATO SHAHBANDAR HUSSAIN,SMK,PAHANG,RAUB,27600,true
CEB6028,SEKOLAH MENENGAH KEBANGSAAN (P) METHODIST,SMK,PAHANG,RAUB,27600,true
CEB6029,SEKOLAH MENENGAH KEBANGSAAN CHUNG CHING,SMK,PAHANG,RAUB,27600,true
CEB6030,SEKOLAH MENENGAH KEBANGSAAN SUNGAI RUAN,SMK,PAHANG,RAUB,27500,true
CEB7068,SEKOLAH MENENGAH KEBANGSAAN ABU BAKAR,SMK,PAHANG,TEMERLOH,28000,true
CEB7069,SEKOLAH MENENGAH KEBANGSAAN SERI BAHAGIA,SMK,PAHANG,TEMERLOH,28000,true
CEB7071,SEKOLAH MENENGAH KEBANGSAAN HWA LIAN,SMK,PAHANG,TEMERLOH,28400,true
CEBA072,SEKOLAH MENENGAH KEBANGSAAN TRIANG,SMK,PAHANG,BERA,28300,true
CEE0016,SEKOLAH MENENGAH KEBANGSAAN KARAK,SMK,PAHANG,BENTONG,28600,true
CEE0018,SEKOLAH MENENGAH KEBANGSAAN SULAIMAN,SMK,PAHANG,BENTONG,28700,true
CEE2032,SEKOLAH MENENGAH KEBANGSAAN JERANTUT,SMK,PAHANG,JERANTUT,27000,true
CEE3033,SEKOLAH MENENGAH KEBANGSAAN PANGLIMA GARANG ABDUL SAMAD,SMK,PAHANG,LIPIS,27310,true
CEE3037,SEKOLAH MENENGAH KEBANGSAAN CLIFFORD,MODEL KHAS,PAHANG,LIPIS,27200,true
CEE4039,SEKOLAH MENENGAH KEBANGSAAN SUNGAI LEMBING,SMK,PAHANG,KUANTAN,26200,true
CEE4070,SEKOLAH MENENGAH SAINS SULTAN HAJI AHMAD SHAH,SBP,PAHANG,KUANTAN,25150,true
CEE5062,SEKOLAH MENENGAH KEBANGSAAN SULTAN AHMAD,SMK,PAHANG,PEKAN,26600,true
CEE7070,SEKOLAH MENENGAH KEBANGSAAN MENTAKAB,SMK,PAHANG,TEMERLOH,28400,true
CFT2001,SMA KOTA GELANGGI 3,SM SABK,PAHANG,JERANTUT,27000,true
CFT2002,SEKOLAH AGAMA MAAHAD TAHFIZ WA TA'LIMIL AL-QURAN,SM SABK,PAHANG,JERANTUT,27000,true
CFT3001,SMA AL-ITTIHADIAH,SM SABK,PAHANG,LIPIS,27200,true
CFT4001,SEKOLAH MENENGAH AGAMA AL MAARIF,SM SABK,PAHANG,KUANTAN,26050,true
CFT4002,MAAHAD TAHFIZ DARUL ULUM AL-BASRIYAH,SM SABK,PAHANG,KUANTAN,26100,true
CFT7001,MADRASAH TARBIAH ISLAMIAH,SM SABK,PAHANG,TEMERLOH,28400,true
CFT8001,SMA AL-HASANAH,SM SABK,PAHANG,ROMPIN,26900,true
CFT9001,SMA AL MAHMUDI,SM SABK,PAHANG,MARAN,28030,true
CHA0002,KOLEJ VOKASIONAL TENGKU AMPUAN AFZAN,KV,PAHANG,BENTONG,28700,true
CHA3002,KOLEJ VOKASIONAL SULTAN HAJI AHMAD SHAH AL-MUSTAIN BILLAH,KV,PAHANG,LIPIS,27200,true
CHA4001,KOLEJ VOKASIONAL KUANTAN,KV,PAHANG,KUANTAN,25050,true
CHA4002,SEKOLAH MENENGAH PENDIDIKAN KHAS VOKASIONAL KUANTAN,SM KHAS,PAHANG,KUANTAN,25200,true
CHA7001,KOLEJ VOKASIONAL PUTERI,KV,PAHANG,TEMERLOH,28000,true
CHA7002,KOLEJ VOKASIONAL TEMERLOH,KV,PAHANG,TEMERLOH,28020,true
CHA8001,KOLEJ VOKASIONAL SULTAN AHMAD SHAH,KV,PAHANG,ROMPIN,26800,true
CHA8002,KOLEJ VOKASIONAL MUADZAM SHAH,KV,PAHANG,ROMPIN,26700,true
CHA9001,KOLEJ VOKASIONAL (PERTANIAN) CHENOR,KV,PAHANG,MARAN,28100,true
CKE4037,SEKOLAH MENENGAH TEKNIK KUANTAN,SMT,PAHANG,KUANTAN,25050,true
CRA0001,SEKOLAH MENENGAH AGAMA PERSEKUTUAN BENTONG,SBP,PAHANG,BENTONG,28600,true
CRA2001,SEKOLAH MENENGAH KEBANGSAAN AGAMA TENGKU AMPUAN HAJJAH AFZAN PAHANG,SMKA,PAHANG,JERANTUT,27000,true
CRA3001,SEKOLAH MENENGAH KEBANGSAAN AGAMA KUALA LIPIS,SMKA,PAHANG,LIPIS,27200,true
CRA4001,SEKOLAH BERASRAMA PENUH INTEGRASI KUANTAN,SBP,PAHANG,KUANTAN,25200,true
CRA5001,SEKOLAH BERASRAMA PENUH INTEGRASI TUN ABDUL RAZAK,SBP,PAHANG,PEKAN,26600,true
CRA7001,SEKOLAH BERASRAMA PENUH INTEGRASI TEMERLOH,SBP,PAHANG,TEMERLOH,28010,true
CRA8001,SEKOLAH MENENGAH KEBANGSAAN AGAMA PAHANG,SMKA,PAHANG,ROMPIN,26700,true
DEA0031,SEKOLAH MENENGAH KEBANGSAAN BERIS PANCHOR,SMK,KELANTAN,BACHOK,16320,true
DEA0032,SEKOLAH MENENGAH KEBANGSAAN NIPAH,SMK,KELANTAN,BACHOK,16300,true
DEA0033,SEKOLAH MENENGAH KEBANGSAAN BADAK,SMK,KELANTAN,BACHOK,16310,true
DEA0034,SEKOLAH MENENGAH KEBANGSAAN LONG YUNUS,SMK,KELANTAN,BACHOK,16350,true
DEA0035,SEKOLAH MENENGAH KEBANGSAAN PUTERI SAADONG,SMK,KELANTAN,BACHOK,16030,true
DEA0036,SEKOLAH MENENGAH KEBANGSAAN JELAWAT,SMK,KELANTAN,BACHOK,16370,true
DEA0037,SEKOLAH MENENGAH KEBANGSAAN PAK BADOL,SMK,KELANTAN,BACHOK,16400,true
DEA0038,SEKOLAH MENENGAH KEBANGSAAN SRI GUNUNG,SMK,KELANTAN,BACHOK,16390,true
DEA0039,SEKOLAH MENENGAH KEBANGSAAN KANDIS,SMK,KELANTAN,BACHOK,16310,true
DEA0040,SEKOLAH MENENGAH KEBANGSAAN DATO' PERDANA,SMK,KELANTAN,BACHOK,16300,true
DEA0041,SEKOLAH MENENGAH KEBANGSAAN KUBANG TELAGA,SMK,KELANTAN,BACHOK,16390,true
DEA0042,SEKOLAH MENENGAH KEBANGSAAN TERATAK PULAI,SMK,KELANTAN,BACHOK,16370,true
DEA0043,SEKOLAH MENENGAH KEBANGSAAN KUBANG GOLOK,SMK,KELANTAN,BACHOK,16300,true
DEA0044,SEKOLAH MENENGAH KEBANGSAAN BERIS PANCHOR 2,SMK,KELANTAN,BACHOK,16320,true
DEA1122,SEKOLAH MENENGAH KEBANGSAAN KEDAI BULOH,SMK,KELANTAN,KOTA BHARU,15350,true
DEA1123,SEKOLAH MENENGAH KEBANGSAAN ISMAIL PETRA,SMK,KELANTAN,KOTA BHARU,15300,true
DEA1124,SEKOLAH MENENGAH KEBANGSAAN KADOK,SMK,KELANTAN,KOTA BHARU,16450,true
DEA1125,SEKOLAH MENENGAH KEBANGSAAN RAJA SAKTI,SMK,KELANTAN,KOTA BHARU,16150,true
DEA1126,SEKOLAH MENENGAH KEBANGSAAN DATO' AHMAD MAHER,SMK,KELANTAN,KOTA BHARU,15200,true
DEA1128,SEKOLAH MENENGAH KEBANGSAAN LONG GAFAR,SMK,KELANTAN,KOTA BHARU,16150,true
DEA1129,SEKOLAH MENENGAH KEBANGSAAN KUBANG KERIAN,SMK,KELANTAN,KOTA BHARU,16150,true
DEA1131,SEKOLAH MENENGAH KEBANGSAAN MULONG,SMK,KELANTAN,KOTA BHARU,16010,true
DEA1132,SEKOLAH MENENGAH KEBANGSAAN PANGKAL KALONG,SMK,KELANTAN,KOTA BHARU,16450,true
DEA1134,SEKOLAH MENENGAH KEBANGSAAN PUTERA,SMK,KELANTAN,KOTA BHARU,15300,true
DEA1135,SEKOLAH MENENGAH KEBANGSAAN PUTERI,SMK,KELANTAN,KOTA BHARU,15300,true
DEA1136,SEKOLAH MENENGAH KEBANGSAAN SALOR,SMK,KELANTAN,KOTA BHARU,15100,true
DEA1137,SEKOLAH MENENGAH KEBANGSAAN PANJI,SMK,KELANTAN,KOTA BHARU,16100,true
DEA1138,SEKOLAH MENENGAH KEBANGSAAN DEWAN BETA,SMK,KELANTAN,KOTA BHARU,15100,true
DEA1139,SEKOLAH MENENGAH KEBANGSAAN PINTU GENG,SMK,KELANTAN,KOTA BHARU,15100,true
DEA1140,SEKOLAH MENENGAH KEBANGSAAN KEMUMIN,SMK,KELANTAN,KOTA BHARU,16100,true
DEA1141,SEKOLAH MENENGAH KEBANGSAAN KUBANG KERIAN 2,SMK,KELANTAN,KOTA BHARU,16150,true
DEA1142,SEKOLAH MENENGAH KEBANGSAAN KOK LANAS,SMK,KELANTAN,KOTA BHARU,16450,true
DEA1143,SEKOLAH MENENGAH KEBANGSAAN TANJUNG MAS,SMK,KELANTAN,KOTA BHARU,15400,true
DEA1144,SEKOLAH MENENGAH KEBANGSAAN ZAINAB 2,SMK,KELANTAN,KOTA BHARU,15300,true
DEA1145,SEKOLAH MENENGAH KEBANGSAAN PENAMBANG,SMK,KELANTAN,KOTA BHARU,15350,true
DEA1146,SEKOLAH MENENGAH KEBANGSAAN PENGKALAN CHEPA 2,SMK,KELANTAN,KOTA BHARU,16100,true
DEA1147,SEKOLAH MENENGAH KEBANGSAAN SERING,SMK,KELANTAN,KOTA BHARU,16150,true
DEA1148,SEKOLAH MENENGAH KEBANGSAAN KG CHENGAL,SMK,KELANTAN,KOTA BHARU,16450,true
DEA1149,SEKOLAH MENENGAH KEBANGSAAN TANJONG CHAT,SMK,KELANTAN,KOTA BHARU,15300,true
DEA1150,SEKOLAH MENENGAH KEBANGSAAN PADANG KALA,SMK,KELANTAN,KOTA BHARU,16400,true
DEA1151,SEKOLAH MENENGAH KEBANGSAAN PADANG ENGGANG,SMK,KELANTAN,KOTA BHARU,15100,true
DEA1152,SEKOLAH MENENGAH KEBANGSAAN BADANG,SMK,KELANTAN,KOTA BHARU,15350,true
DEA1153,SEKOLAH MENENGAH KEBANGSAAN KUBANG KERIAN 3,SMK,KELANTAN,KOTA BHARU,16150,true
DEA1154,SEKOLAH MENENGAH KEBANGSAAN LONG GHAFAR 2,SMK,KELANTAN,KOTA BHARU,16150,true
DEA1155,SEKOLAH MENENGAH KEBANGSAAN PANCHOR PERDANA,SMK,KELANTAN,KOTA BHARU,16100,true
DEA2187,SEKOLAH MENENGAH KEBANGSAAN PANGKAL MELERET,SMK,KELANTAN,MACHANG,18500,true
DEA2188,SEKOLAH MENENGAH KEBANGSAAN SERI INTAN,SMK,KELANTAN,MACHANG,18500,true
DEA2189,SEKOLAH MENENGAH KEBANGSAAN MACHANG,SMK,KELANTAN,MACHANG,18500,true
DEA2190,SEKOLAH MENENGAH KEBANGSAAN ABDUL SAMAD,SMK,KELANTAN,MACHANG,16600,true
DEA2191,SEKOLAH MENENGAH SAINS MACHANG,SBP,KELANTAN,MACHANG,18500,true
DEA2192,SEKOLAH MENENGAH KEBANGSAAN TEMANGAN,SMK,KELANTAN,MACHANG,18400,true
DEA2193,SEKOLAH MENENGAH KEBANGSAAN HAMZAH (2),SMK,KELANTAN,MACHANG,18500,true
DEA2194,SEKOLAH MENENGAH KEBANGSAAN BANDAR MACHANG,SMK,KELANTAN,MACHANG,18500,true
DEA3238,SEKOLAH MENENGAH KEBANGSAAN CHETOK,SMK,KELANTAN,PASIR MAS,17060,true
DEA3239,SEKOLAH MENENGAH KEBANGSAAN BUNUT SUSU,SMK,KELANTAN,PASIR MAS,17020,true
DEA3240,SEKOLAH MENENGAH KEBANGSAAN KANGKONG,SMK,KELANTAN,PASIR MAS,17040,true
DEA3241,SEKOLAH MENENGAH KEBANGSAAN TENGKU PANGLIMA RAJA,SMK,KELANTAN,PASIR MAS,17000,true
DEA3242,SEKOLAH MENENGAH KEBANGSAAN MERANTI,SMK,KELANTAN,PASIR MAS,17010,true
DEA3243,SEKOLAH MENENGAH KEBANGSAAN PASIR MAS,SMK,KELANTAN,PASIR MAS,17000,true
DEA3245,SEKOLAH MENENGAH KEBANGSAAN TENDONG,SMK,KELANTAN,PASIR MAS,17030,true
DEA3246,SEKOLAH MENENGAH KEBANGSAAN TO' UBAN,SMK,KELANTAN,PASIR MAS,17050,true
DEA3422,SEKOLAH MENENGAH KEBANGSAAN SRI KIAMBANG,SMK,KELANTAN,PASIR MAS,17070,true
DEA3425,SEKOLAH MENENGAH KEBANGSAAN SULTAN IBRAHIM (2),SMK,KELANTAN,PASIR MAS,17000,true
DEA3426,SEKOLAH MENENGAH KEBANGSAAN GUAL PERIOK,SMK,KELANTAN,PASIR MAS,17200,true
DEA3427,SEKOLAH MENENGAH KEBANGSAAN KEDONDONG,SMK,KELANTAN,PASIR MAS,17010,true
DEA3428,SEKOLAH MENENGAH KEBANGSAAN KUBANG BEMBAN,SMK,KELANTAN,PASIR MAS,17000,true
DEA3429,SEKOLAH MENENGAH KEBANGSAAN BAROH PIAL,SMK,KELANTAN,PASIR MAS,17200,true
DEA3430,SEKOLAH MENENGAH KEBANGSAAN KAMPUNG DANGAR,SMK,KELANTAN,PASIR MAS,17000,true
DEA3431,SEKOLAH MENENGAH KEBANGSAAN TANJONG BUNGA,SMK,KELANTAN,PASIR MAS,17030,true
DEA4286,SEKOLAH MENENGAH KEBANGSAAN BUKIT JAWA,SMK,KELANTAN,PASIR PUTIH,16810,true
DEA4287,SEKOLAH MENENGAH KEBANGSAAN TOK JANGGUT,SMK,KELANTAN,PASIR PUTIH,16800,true
DEA4288,SEKOLAH MENENGAH KEBANGSAAN (AGAMA) DATO' ISMAIL,SMK,KELANTAN,PASIR PUTIH,16800,true
DEA4291,SEKOLAH MENENGAH KEBANGSAAN GAAL,SMK,KELANTAN,PASIR PUTIH,16800,true
DEA4292,SEKOLAH MENENGAH KEBANGSAAN JERAM,SMK,KELANTAN,PASIR PUTIH,16800,true
DEA4293,SEKOLAH MENENGAH KEBANGSAAN SRI MAHARAJA,SMK,KELANTAN,PASIR PUTIH,16810,true
DEA4294,SEKOLAH MENENGAH KEBANGSAAN CHERANG RUKU,SMK,KELANTAN,PASIR PUTIH,16700,true
DEA4295,SEKOLAH MENENGAH KEBANGSAAN PADANG PAK AMAT,SMK,KELANTAN,PASIR PUTIH,16800,true
DEA4296,SEKOLAH MENENGAH SAINS PASIR PUTEH,SBP,KELANTAN,PASIR PUTIH,16800,true
DEA4297,SEKOLAH MENENGAH KEBANGSAAN SERI AMAN,SMK,KELANTAN,PASIR PUTIH,16800,true
DEA4298,SEKOLAH MENENGAH KEBANGSAAN SELISING,SMK,KELANTAN,PASIR PUTIH,16810,true
DEA4299,SEKOLAH MENENGAH KEBANGSAAN SUNGAI PETAI,SMK,KELANTAN,PASIR PUTIH,16800,true
DEA5325,SEKOLAH MENENGAH KEBANGSAAN IPOH,SMK,KELANTAN,TANAH MERAH,17500,true
DEA5416,SEKOLAH MENENGAH KEBANGSAAN TAN SRI MOHAMED YAACOB,SMK,KELANTAN,TANAH MERAH,17510,true
DEA5417,SEKOLAH MENENGAH KEBANGSAAN TANAH MERAH (1),SMK,KELANTAN,TANAH MERAH,17500,true
DEA5418,SEKOLAH MENENGAH KEBANGSAAN LADANG KERILLA,SMK,KELANTAN,TANAH MERAH,17500,true
DEA5419,SEKOLAH MENENGAH KEBANGSAAN ALOR PASIR,SMK,KELANTAN,TANAH MERAH,17500,true
DEA5420,SEKOLAH MENENGAH KEBANGSAAN KEMAHANG,SMK,KELANTAN,TANAH MERAH,17510,true
DEA5421,SEKOLAH MENENGAH KEBANGSAAN TANAH MERAH (2),SMK,KELANTAN,TANAH MERAH,17500,true
DEA5422,SEKOLAH MENENGAH KEBANGSAAN BUKIT BUNGA,SMK,KELANTAN,TANAH MERAH,17500,true
DEA5423,SEKOLAH MENENGAH KEBANGSAAN DATO' MAHMUD PADUKA RAJA (2),SMK,KELANTAN,TANAH MERAH,17500,true
DEA5424,SEKOLAH MENENGAH KEBANGSAAN BELIMBING,SMK,KELANTAN,TANAH MERAH,17500,true
DEA6357,SEKOLAH MENENGAH KEBANGSAAN CHABANG EMPAT,SMK,KELANTAN,TUMPAT,16210,true
DEA6358,SEKOLAH MENENGAH KEBANGSAAN DATO BIJI WANGSA,SMK,KELANTAN,TUMPAT,16200,true
DEA6359,SEKOLAH MENENGAH KEBANGSAAN KAMPONG LAUT,SMK,KELANTAN,TUMPAT,16040,true
DEA6360,SEKOLAH MENENGAH KEBANGSAAN MAHMUD MAHYIDIN,SMK,KELANTAN,TUMPAT,16250,true
DEA6361,SEKOLAH MENENGAH KEBANGSAAN SUNGAI PINANG,SMK,KELANTAN,TUMPAT,16040,true
DEA6362,SEKOLAH MENENGAH KEBANGSAAN WAKAF BHARU,SMK,KELANTAN,TUMPAT,16250,true
DEA6363,SEKOLAH MENENGAH KEBANGSAAN GETING,SMK,KELANTAN,TUMPAT,16080,true
DEA6364,SEKOLAH MENENGAH KEBANGSAAN BERANGAN,SMK,KELANTAN,TUMPAT,16200,true
DEA6365,SEKOLAH MENENGAH KEBANGSAAN KUTAN,SMK,KELANTAN,TUMPAT,16250,true
DEA7405,SEKOLAH MENENGAH KEBANGSAAN KEROH,SMK,KELANTAN,KUALA KRAI,18000,true
DEA7407,SEKOLAH MENENGAH KEBANGSAAN KUALA KRAI,SMK,KELANTAN,KUALA KRAI,18000,true
DEA7408,SEKOLAH MENENGAH KEBANGSAAN MANEK URAI,SMK,KELANTAN,KUALA KRAI,18050,true
DEA7418,SEKOLAH MENENGAH KEBANGSAAN DABONG,SMK,KELANTAN,KUALA KRAI,18200,true
DEA7419,SEKOLAH MENENGAH KEBANGSAAN PAHI,SMK,KELANTAN,KUALA KRAI,18000,true
DEA7420,SEKOLAH MENENGAH KEBANGSAAN LALOH,SMK,KELANTAN,KUALA KRAI,18000,true
DEA7421,SEKOLAH MENENGAH KEBANGSAAN MENGKEBANG,SMK,KELANTAN,KUALA KRAI,18000,true
DEA7422,SEKOLAH MENENGAH KEBANGSAAN SULTAN YAHYA PETRA 2,SMK,KELANTAN,KUALA KRAI,18000,true
DEA7423,SEKOLAH MENENGAH KEBANGSAAN BANDAR KUALA KRAI,SMK,KELANTAN,KUALA KRAI,18000,true
DEA8001,SEKOLAH MENENGAH KEBANGSAAN TENGKU INDRA PETRA,SMK,KELANTAN,GUA MUSANG,18300,true
DEA8002,SEKOLAH MENENGAH KEBANGSAAN BANDAR CHIKU,SMK,KELANTAN,GUA MUSANG,18300,true
DEA8003,SEKOLAH MENENGAH KEBANGSAAN PALOH,SMK,KELANTAN,GUA MUSANG,18300,true
DEA8004,SEKOLAH MENENGAH KEBANGSAAN SUNGAI ASAP,SMK,KELANTAN,GUA MUSANG,18300,true
DEA8005,SEKOLAH MENENGAH KEBANGSAAN TENGKU BENDAHARA,SMK,KELANTAN,GUA MUSANG,18300,true
DEA8006,SEKOLAH MENENGAH KEBANGSAAN TENGKU INDRA PETRA 2,SMK,KELANTAN,GUA MUSANG,18300,true
DEA8007,SEKOLAH MENENGAH KEBANGSAAN CHIKU 2,SMK,KELANTAN,GUA MUSANG,18300,true
DEA8008,SEKOLAH MENENGAH KEBANGSAAN SRI WANGI,SMK,KELANTAN,GUA MUSANG,18300,true
DEA8009,SEKOLAH MENENGAH SAINS GUA MUSANG,SBP,KELANTAN,GUA MUSANG,18300,true
DEA8010,SEKOLAH MENENGAH KEBANGSAAN PANGGUNG JAYA,SMK,KELANTAN,GUA MUSANG,18300,true
DEA9001,SEKOLAH MENENGAH KEBANGSAAN AYER LANAS,SMK,KELANTAN,JELI,17700,true
DEA9002,SEKOLAH MENENGAH KEBANGSAAN JELI,SMK,KELANTAN,JELI,17600,true
DEA9003,SEKOLAH MENENGAH KEBANGSAAN KUALA BALAH,SMK,KELANTAN,JELI,17610,true
DEA9004,SEKOLAH MENENGAH KEBANGSAAN BATU MELINTANG,SMK,KELANTAN,JELI,17600,true
DEA9005,SEKOLAH MENENGAH KEBANGSAAN JELI 2,SMK,KELANTAN,JELI,17610,true
DEA9006,SEKOLAH MENENGAH SAINS JELI,SBP,KELANTAN,JELI,17600,true
DEB1137,MAKTAB SULTAN ISMAIL,SMK,KELANTAN,KOTA BHARU,15150,true
DEB1138,SEKOLAH MENENGAH KEBANGSAAN CHUNG CHENG,SMK,KELANTAN,KOTA BHARU,15300,true
DEB1139,SEKOLAH MENENGAH KEBANGSAAN CHUNG HWA,SMK,KELANTAN,KOTA BHARU,15300,true
DEB1142,SEKOLAH MENENGAH KEBANGSAAN ZAINAB (1),SMK,KELANTAN,KOTA BHARU,15150,true
DEE0039,SEKOLAH MENENGAH KEBANGSAAN BACHOK,SMK,KELANTAN,BACHOK,16300,true
DEE1126,SEKOLAH MENENGAH KEBANGSAAN KETEREH,SMK,KELANTAN,KOTA BHARU,16450,true
DEE1127,SEKOLAH MENENGAH KEBANGSAAN KOTA,SMK,KELANTAN,KOTA BHARU,15100,true
DEE1130,SEKOLAH MENENGAH KEBANGSAAN MELOR,SMK,KELANTAN,KOTA BHARU,16400,true
DEE1133,SEKOLAH MENENGAH KEBANGSAAN PENGKALAN CHEPA,SMK,KELANTAN,KOTA BHARU,16100,true
DEE1140,SEKOLAH MENENGAH KEBANGSAAN KOTA BHARU,SMK,KELANTAN,KOTA BHARU,15300,true
DEE1141,SEKOLAH MENENGAH KEBANGSAAN SULTAN ISMAIL,SMK,KELANTAN,KOTA BHARU,15150,true
DEE1415,SEKOLAH MENENGAH SAINS TENGKU MUHAMMAD FARIS PETRA,SBP,KELANTAN,KOTA BHARU,16100,true
DEE2191,SEKOLAH MENENGAH KEBANGSAAN HAMZAH,SMK,KELANTAN,MACHANG,18500,true
DEE3244,SEKOLAH MENENGAH KEBANGSAAN RANTAU PANJANG,SMK,KELANTAN,PASIR MAS,17200,true
DEE3247,SEKOLAH MENENGAH KEBANGSAAN SULTAN IBRAHIM (1),SMK,KELANTAN,PASIR MAS,17000,true
DEE4289,SEKOLAH MENENGAH KEBANGSAAN KAMIL,SMK,KELANTAN,PASIR PUTIH,16800,true
DEE5324,SEKOLAH MENENGAH KEBANGSAAN DATO' MAHMUD PADUKA RAJA (1),SMK,KELANTAN,TANAH MERAH,17500,true
DEE6362,SEKOLAH MENENGAH KEBANGSAAN TUMPAT,SMK,KELANTAN,TUMPAT,16200,true
DEE7409,SEKOLAH MENENGAH KEBANGSAAN SULTAN YAHYA PETRA 1,SMK,KELANTAN,KUALA KRAI,18000,true
DFT0001,SMU(A) DARUL ULUM ALMUHAMMADIAH (SABK),SM SABK,KELANTAN,BACHOK,16400,true
DFT0002,SEKOLAH MENENGAH UGAMA (ARAB) DARUL IMAN,SM SABK,KELANTAN,BACHOK,16370,true
DFT1001,SEKOLAH MENENGAH AGAMA TENGKU AMALIN A'ISHAH PUTRI,SM SABK,KELANTAN,KOTA BHARU,16100,true
DFT1002,SEKOLAH MENENGAH UGAMA (ARAB) AL-YUNUSIAH,SM SABK,KELANTAN,KOTA BHARU,16150,true
DFT1003,SMU(A) AL-KAUTHAR,SM SABK,KELANTAN,KOTA BHARU,16400,true
DFT3001,SMU(A)AL-FALAH SIRAM,SM SABK,KELANTAN,PASIR MAS,17000,true
DFT3002,SEKOLAH MENENGAH UGAMA (ARAB) AL-ULUM,SM SABK,KELANTAN,PASIR MAS,17030,true
DFT3003,SEKOLAH MENENGAH UGAMA (ARAB) AL-BALAGHUL MUBIN,SM SABK,KELANTAN,PASIR MAS,17060,true
DFT3004,SMU(A) DINIAH,SM SABK,KELANTAN,PASIR MAS,17000,true
DFT3005,SMU(A)MARDZIAH JABO,SM SABK,KELANTAN,PASIR MAS,17060,true
DFT4001,SMU(A) NURUL ITTIFAK,SM SABK,KELANTAN,PASIR PUTIH,16800,true
DFT4002,SMU (A) TARBIAH ISLAMIAH,SM SABK,KELANTAN,PASIR PUTIH,16810,true
DFT4003,SMU(A) ITTIFAKIAH,SM SABK,KELANTAN,PASIR PUTIH,16800,true
DFT5001,SMU (ARAB) AL-FITRAH,SM SABK,KELANTAN,TANAH MERAH,17500,true
DFT5002,SMU (ARAB) DARUL ULUM,SM SABK,KELANTAN,TANAH MERAH,17510,true
DFT5003,SMU (ARAB) TARBIAH ISLAMIAH,SM SABK,KELANTAN,TANAH MERAH,17510,true
DFT5004,SMU (ARAB) ARABIAH,SM SABK,KELANTAN,TANAH MERAH,17500,true
DFT6001,SEKOLAH MENENGAH UGAMA (ARAB) MARDZIAH,SM SABK,KELANTAN,TUMPAT,16250,true
DFT6002,SMU (A) NURUL HUDA KAJANG SEBIDANG,SM SABK,KELANTAN,TUMPAT,16200,true
DFT7001,SMU(A) DARUS SALAM,SM SABK,KELANTAN,KUALA KRAI,18000,true
DFT7002,SMU (A) SAADATUL QURA,SM SABK,KELANTAN,KUALA KRAI,18000,true
DHA0001,KOLEJ VOKASIONAL BACHOK,KV,KELANTAN,BACHOK,16300,true
DHA1001,KOLEJ VOKASIONAL PENGKALAN CHEPA,KV,KELANTAN,KOTA BHARU,16100,true
DHA1002,KOLEJ VOKASIONAL KOTA BHARU,KV,KELANTAN,KOTA BHARU,16109,true
DHA3002,KOLEJ VOKASIONAL PASIR MAS,KV,KELANTAN,PASIR MAS,17020,true
DHA4001,KOLEJ VOKASIONAL PASIR PUTEH,KV,KELANTAN,PASIR PUTIH,16800,true
DHA5002,KOLEJ VOKASIONAL TANAH MERAH,KV,KELANTAN,TANAH MERAH,17500,true
DHA7002,KOLEJ VOKASIONAL KUALA KRAI,KV,KELANTAN,KUALA KRAI,18000,true
DRA0001,SEKOLAH MENENGAH KEBANGSAAN (AGAMA) TOK BACHOK,SMKA,KELANTAN,BACHOK,16300,true
DRA1009,SEKOLAH MENENGAH KEBANGSAAN AGAMA MELOR,SMKA,KELANTAN,KOTA BHARU,16400,true
DRA1010,SEKOLAH MENENGAH KEBANGSAAN AGAMA NAIM LIL-BANAT,SMKA,KELANTAN,KOTA BHARU,15150,true
DRA2001,SEKOLAH MENENGAH KEBANGSAAN AGAMA WATANIAH,SMKA,KELANTAN,MACHANG,18500,true
DRA3001,SEKOLAH MENENGAH KEBANGSAAN (A) LATI,SMKA,KELANTAN,PASIR MAS,17000,true
DRA6001,SEKOLAH MENENGAH KEBANGSAAN (AGAMA) FALAHIAH,SMKA,KELANTAN,TUMPAT,16250,true
JEA0010,SEKOLAH MENENGAH KEBANGSAAN DATO' BENTARA LUAR,SMK,JOHOR,BATU PAHAT,83000,true
JEA0011,SEKOLAH MENENGAH KEBANGSAAN TUN AMINAH,SMK,JOHOR,BATU PAHAT,83007,true
JEA0012,SEKOLAH MENENGAH KEBANGSAAN TUNKU MAHMOOD ISKANDAR,SMK,JOHOR,BATU PAHAT,83200,true
JEA0013,SEKOLAH MENENGAH KEBANGSAAN SENGGARANG,SMK,JOHOR,BATU PAHAT,83200,true
JEA0014,SEKOLAH MENENGAH KEBANGSAAN SERI MEDAN,SMK,JOHOR,BATU PAHAT,83400,true
JEA0015,SEKOLAH MENENGAH KEBANGSAAN DATO SULAIMAN,SMK,JOHOR,BATU PAHAT,83500,true
JEA0016,SEKOLAH MENENGAH KEBANGSAAN DATO ONN,SMK,JOHOR,BATU PAHAT,83020,true
JEA0017,SEKOLAH MENENGAH KEBANGSAAN PERMATA JAYA,SMK,JOHOR,BATU PAHAT,83100,true
JEA0018,SEKOLAH MENENGAH KEBANGSAAN SERI GADING,SMK,JOHOR,BATU PAHAT,83300,true
JEA0019,SEKOLAH MENENGAH KEBANGSAAN DATIN ONN JAFFAR,SMK,JOHOR,BATU PAHAT,83000,true
JEA0020,SEKOLAH MENENGAH KEBANGSAAN DATO SETH,SMK,JOHOR,BATU PAHAT,83700,true
JEA0022,SEKOLAH MENENGAH KEBANGSAAN PENGHULU SAAT,SMK,JOHOR,BATU PAHAT,83500,true
JEA0023,SEKOLAH MENENGAH KEBANGSAAN BANANG JAYA,SMK,JOHOR,BATU PAHAT,83000,true
JEA0024,SEKOLAH MENENGAH SAINS BATU PAHAT,SBP,JOHOR,BATU PAHAT,83000,true
JEA0025,SEKOLAH MENENGAH KEBANGSAAN SURIA PERDANA,SMK,JOHOR,BATU PAHAT,86400,true
JEA1001,SEKOLAH MENENGAH KEBANGSAAN SULTAN ISMAIL,SMK,JOHOR,JOHOR BAHRU,80100,true
JEA1002,SEKOLAH MENENGAH KEBANGSAAN TASEK UTARA,SMK,JOHOR,JOHOR BAHRU,80350,true
JEA1003,SEKOLAH MENENGAH KEBANGSAAN TUN SYED NASIR ISMAIL,SMK,JOHOR,JOHOR BAHRU,81100,true
JEA1004,SEKOLAH MENENGAH KEBANGSAAN SRI TEBRAU,SMK,JOHOR,JOHOR BAHRU,80050,true
JEA1005,SEKOLAH MENENGAH KEBANGSAAN SRI RAHMAT,SMK,JOHOR,JOHOR BAHRU,81200,true
JEA1006,SEKOLAH MENENGAH KEBANGSAAN SKUDAI,SMK,JOHOR,JOHOR BAHRU,81300,true
JEA1041,SEKOLAH MENENGAH KEBANGSAAN PASIR GUDANG,SMK,JOHOR,PASIR GUDANG,81700,true
JEA1042,SEKOLAH MENENGAH KEBANGSAAN (FELDA) ULU TEBRAU,SMK,JOHOR,PASIR GUDANG,81810,true
JEA1043,SEKOLAH MENENGAH KEBANGSAAN TANJUNG ADANG,SMK,JOHOR,JOHOR BAHRU,81560,true
JEA1044,SEKOLAH MENENGAH KEBANGSAAN TAMAN PELANGI,SMK,JOHOR,JOHOR BAHRU,80400,true
JEA1045,SEKOLAH MENENGAH KEBANGSAAN TAMAN JOHOR JAYA (1),SMK,JOHOR,PASIR GUDANG,81100,true
JEA1046,SEKOLAH MENENGAH KEBANGSAAN TAMAN TUN AMINAH,SMK,JOHOR,JOHOR BAHRU,81300,true
JEA1047,SEKOLAH MENENGAH KEBANGSAAN PASIR GUDANG 2,SMK,JOHOR,PASIR GUDANG,81700,true
JEA1048,SEKOLAH MENENGAH KEBANGSAAN BANDAR BARU UDA,SMK,JOHOR,JOHOR BAHRU,81200,true
JEA1049,SEKOLAH MENENGAH KEBANGSAAN TAMAN UNIVERSITI,SMK,JOHOR,JOHOR BAHRU,81300,true
JEA1050,SEKOLAH MENENGAH KEBANGSAAN SERI PERLING,SMK,JOHOR,JOHOR BAHRU,81200,true
JEA1051,SEKOLAH MENENGAH KEBANGSAAN TAMAN JOHOR JAYA 2,SMK,JOHOR,PASIR GUDANG,81100,true
JEA1052,SEKOLAH MENENGAH KEBANGSAAN PERMAS JAYA,SMK,JOHOR,PASIR GUDANG,81750,true
JEA1053,SEKOLAH MENENGAH KEBANGSAAN TAMAN DAYA,SMK,JOHOR,PASIR GUDANG,81100,true
JEA1054,SEKOLAH MENENGAH KEBANGSAAN DAMAI JAYA,SMK,JOHOR,JOHOR BAHRU,81300,true
JEA1055,SEKOLAH MENENGAH KEBANGSAAN TAN SRI MOHAMED RAHMAT,SMK,JOHOR,JOHOR BAHRU,81200,true
JEA1056,SEKOLAH MENENGAH KEBANGSAAN KOMPLEKS SULTAN ABU BAKAR,SMK,JOHOR,JOHOR BAHRU,81560,true
JEA1057,SEKOLAH MENENGAH KEBANGSAAN TAMAN DESA JAYA,SMK,JOHOR,PASIR GUDANG,81100,true
JEA1058,SEKOLAH MENENGAH KEBANGSAAN DATO' USMAN AWANG,SMK,JOHOR,JOHOR BAHRU,81200,true
JEA1059,SEKOLAH MENENGAH KEBANGSAAN MUTIARA RINI,SMK,JOHOR,JOHOR BAHRU,81300,true
JEA1060,SEKOLAH MENENGAH KEBANGSAAN SERI KOTA PUTERI,SMK,JOHOR,PASIR GUDANG,81750,true
JEA1061,SEKOLAH MENENGAH KEBANGSAAN TAMAN UNIVERSITI 2,SMK,JOHOR,JOHOR BAHRU,81300,true
JEA1062,SEKOLAH MENENGAH KEBANGSAAN TAMAN SELESA JAYA,SMK,JOHOR,JOHOR BAHRU,81300,true
JEA1063,SEKOLAH MENENGAH KEBANGSAAN BANDAR SERI ALAM,SMK,JOHOR,PASIR GUDANG,81750,true
JEA1064,SEKOLAH MENENGAH KEBANGSAAN TAMAN RINTING 2,SMK,JOHOR,PASIR GUDANG,81750,true
JEA1065,SEKOLAH MENENGAH KEBANGSAAN DESA CEMERLANG,SMK,JOHOR,PASIR GUDANG,81800,true
JEA1066,SEKOLAH MENENGAH KEBANGSAAN PASIR PUTIH,SMK,JOHOR,PASIR GUDANG,81700,true
JEA1067,SEKOLAH MENENGAH KEBANGSAAN TAMAN MOLEK,SMK,JOHOR,PASIR GUDANG,81100,true
JEA1068,SEKOLAH MENENGAH KEBANGSAAN TAMAN MOUNT AUSTIN,SMK,JOHOR,PASIR GUDANG,81100,true
JEA1069,SEKOLAH MENENGAH KEBANGSAAN SERI ALAM 2,SMK,JOHOR,PASIR GUDANG,81750,true
JEA1070,SEKOLAH MENENGAH KEBANGSAAN PUTERI WANGSA,SMK,JOHOR,PASIR GUDANG,81800,true
JEA1071,SEKOLAH MENENGAH KEBANGSAAN SERI KOTA PUTERI 2,SMK,JOHOR,PASIR GUDANG,81750,true
JEA1072,SEKOLAH MENENGAH KEBANGSAAN IMPIAN EMAS,SMK,JOHOR,JOHOR BAHRU,81300,true
JEA1073,SEKOLAH MENENGAH KEBANGSAAN TAMAN MEGAH RIA,SMK,JOHOR,PASIR GUDANG,81750,true
JEA1074,SEKOLAH MENENGAH KEBANGSAAN TAMAN DAYA 2,SMK,JOHOR,PASIR GUDANG,81100,true
JEA1075,SEKOLAH MENENGAH KEBANGSAAN PASIR GUDANG 3,SMK,JOHOR,PASIR GUDANG,81700,true
JEA1076,SEKOLAH MENENGAH KEBANGSAAN PERMAS JAYA 2,SMK,JOHOR,PASIR GUDANG,81750,true
JEA1077,SEKOLAH MENENGAH KEBANGSAAN TAMAN DESA SKUDAI,SMK,JOHOR,JOHOR BAHRU,81300,true
JEA1078,SEKOLAH MENENGAH KEBANGSAAN KOTA MASAI,SMK,JOHOR,PASIR GUDANG,81700,true
JEA1079,SEKOLAH MENENGAH KEBANGSAAN TASEK UTARA 2,SMK,JOHOR,JOHOR BAHRU,80350,true
JEA1080,SEKOLAH MENENGAH KEBANGSAAN TAMAN DESA TEBRAU,SMK,JOHOR,PASIR GUDANG,81100,true
JEA1081,SEKOLAH MENENGAH KEBANGSAAN TAMAN PELANGI INDAH,SMK,JOHOR,PASIR GUDANG,81800,true
JEA1082,SEKOLAH MENENGAH KEBANGSAAN TUN FATIMAH HASHIM,SMK,JOHOR,PASIR GUDANG,81100,true
JEA1083,SEKOLAH MENENGAH KEBANGSAAN PERMAS JAYA 3,SMK,JOHOR,PASIR GUDANG,81750,true
JEA1084,SEKOLAH MENENGAH KEBANGSAAN TAMAN SELESA JAYA 2,SMK,JOHOR,JOHOR BAHRU,81300,true
JEA1085,SEKOLAH MENENGAH KEBANGSAAN TAMAN MUTIARA RINI 2,SMK,JOHOR,JOHOR BAHRU,81300,true
JEA1086,SEKOLAH MENENGAH KEBANGSAAN TAMAN NUSAJAYA,SMK,JOHOR,JOHOR BAHRU,81550,true
JEA1087,SEKOLAH MENENGAH KEBANGSAAN TAMAN BUKIT INDAH,SMK,JOHOR,JOHOR BAHRU,81200,true
JEA1088,SEKOLAH MENENGAH KEBANGSAAN TAMAN SUTERA,SMK,JOHOR,JOHOR BAHRU,81300,true
JEA1089,SEKOLAH MENENGAH KEBANGSAAN TG PUTERI RESORT,SMK,JOHOR,PASIR GUDANG,81700,true
JEA1090,SEKOLAH MENENGAH KEBANGSAAN MOHD KHALID,SMK,JOHOR,JOHOR BAHRU,80100,true
JEA1091,SEKOLAH SENI MALAYSIA JOHOR,SENI,JOHOR,PASIR GUDANG,81750,true
JEA1092,SEKOLAH MENENGAH KEBANGSAAN KOTA MASAI 2,SMK,JOHOR,PASIR GUDANG,81700,true
JEA1093,SEKOLAH MENENGAH KEBANGSAAN TAMAN NUSA DAMAI,SMK,JOHOR,PASIR GUDANG,81700,true
JEA1094,SEKOLAH MENENGAH KEBANGSAAN SUNGAI TIRAM,SMK,JOHOR,PASIR GUDANG,81800,true
JEA1095,SEKOLAH MENENGAH KEBANGSAAN TAMAN DAMANSARA ALIFF,SMK,JOHOR,JOHOR BAHRU,81200,true
JEA1096,SEKOLAH MENENGAH KEBANGSAAN BANDAR UDA UTAMA,SMK,JOHOR,JOHOR BAHRU,81200,true
JEA1097,SEKOLAH MENENGAH KEBANGSAAN MAJIDI BARU 2,SMK,JOHOR,JOHOR BAHRU,81200,true
JEA1098,SEKOLAH MENENGAH KEBANGSAAN MEDINI,SMK,JOHOR,JOHOR BAHRU,79576,true
JEA1099,SEKOLAH MENENGAH KEBANGSAAN SERI PULAI PERDANA,SMK,JOHOR,KULAI,81300,true
JEA1100,SEKOLAH MENENGAH KEBANGSAAN KANGKAR PULAI,SMK,JOHOR,KULAI,81300,true
JEA1101,SEKOLAH MENENGAH KEBANGSAAN TAMAN SCIENTEX,SMK,JOHOR,PASIR GUDANG,81700,true
JEA2029,SEKOLAH MENENGAH KEBANGSAAN LAYANG-LAYANG,SMK,JOHOR,KLUANG,81850,true
JEA2030,SEKOLAH MENENGAH KEBANGSAAN JLN MENGKIBOL,SMK,JOHOR,KLUANG,86000,true
JEA2031,SEKOLAH MENENGAH KEBANGSAAN TUN HUSSEIN ONN,SMK,JOHOR,KLUANG,86000,true
JEA2032,SEKOLAH MENENGAH KEBANGSAAN KAHANG,SMK,JOHOR,KLUANG,86700,true
JEA2033,SEKOLAH MENENGAH KEBANGSAAN SULTAN ABDUL JALIL,SMK,JOHOR,KLUANG,86000,true
JEA2034,SEKOLAH MENENGAH KEBANGSAAN (FELDA) KAHANG TIMUR,SMK,JOHOR,KLUANG,86007,true
JEA2035,SEKOLAH MENENGAH KEBANGSAAN LKTP BELITONG,SMK,JOHOR,KLUANG,86000,true
JEA2036,SEKOLAH MENENGAH KEBANGSAAN TAMAN KLUANG BARAT,SMK,JOHOR,KLUANG,86000,true
JEA2037,SEKOLAH MENENGAH KEBANGSAAN SIMPANG RENGAM,SMK,JOHOR,KLUANG,86200,true
JEA2038,SEKOLAH MENENGAH KEBANGSAAN SERI INTAN,SMK,JOHOR,KLUANG,86000,true
JEA2039,SEKOLAH MENENGAH KEBANGSAAN BANDAR T6,SMK,JOHOR,KLUANG,86000,true
JEA2040,SEKOLAH MENENGAH KEBANGSAAN JALAN KOTA TINGGI,SMK,JOHOR,KLUANG,86000,true
JEA2041,SEKOLAH MENENGAH KEBANGSAAN SERI LALANG,SMK,JOHOR,KLUANG,86000,true
JEA2042,SEKOLAH MENENGAH KEBANGSAAN TAMAN SERI KLUANG,SMK,JOHOR,KLUANG,86000,true
JEA2043,SEKOLAH MENENGAH KEBANGSAAN SERI SEMBRONG,SMK,JOHOR,KLUANG,86000,true
JEA2044,SEKOLAH MENENGAH KEBANGSAAN SERI KOTA PALOH,SMK,JOHOR,KLUANG,86600,true
JEA2045,SEKOLAH MENENGAH KEBANGSAAN DATO' IBRAHIM MAJID,SMK,JOHOR,KLUANG,86200,true
JEA2046,SEKOLAH MENENGAH SAINS SEMBRONG,SBP,JOHOR,KLUANG,86000,true
JEA2047,SEKOLAH MENENGAH KEBANGSAAN SERI PERDANA,SMK,JOHOR,KLUANG,86000,true
JEA2048,SEKOLAH MENENGAH KEBANGSAAN SERI MACHAP,SMK,JOHOR,KLUANG,86200,true
JEA3036,SEKOLAH MENENGAH KEBANGSAAN BANDAR EASTER,SMK,JOHOR,KOTA TINGGI,81900,true
JEA3037,SEKOLAH MENENGAH KEBANGSAAN TUN HABAB,SMK,JOHOR,KOTA TINGGI,81900,true
JEA3038,SEKOLAH MENENGAH KEBANGSAAN BANDAR KOTA TINGGI,SMK,JOHOR,KOTA TINGGI,81907,true
JEA3039,SEKOLAH MENENGAH KEBANGSAAN TAN SRI JAAFAR ALBAR,SMK,JOHOR,KOTA TINGGI,81910,true
JEA3042,SEKOLAH MENENGAH KEBANGSAAN AIR TAWAR,SMK,JOHOR,KOTA TINGGI,81920,true
JEA3043,SEKOLAH MENENGAH KEBANGSAAN BANDAR MAS,SMK,JOHOR,KOTA TINGGI,81900,true
JEA3045,SEKOLAH MENENGAH KEBANGSAAN ADELA,SMK,JOHOR,KOTA TINGGI,81900,true
JEA3046,SEKOLAH MENENGAH KEBANGSAAN SEMENCHU,SMK,JOHOR,KOTA TINGGI,81900,true
JEA3047,SEKOLAH MENENGAH KEBANGSAAN LOKMAN HAKIM,SMK,JOHOR,KOTA TINGGI,81900,true
JEA3048,SEKOLAH MENENGAH KEBANGSAAN LINGGIU,SMK,JOHOR,KOTA TINGGI,81900,true
JEA3049,SEKOLAH MENENGAH KEBANGSAAN BANDAR PENAWAR,SMK,JOHOR,KOTA TINGGI,81930,true
JEA3050,SEKOLAH MENENGAH SAINS KOTA TINGGI,SBP,JOHOR,KOTA TINGGI,81930,true
JEA3051,SEKOLAH SUKAN TUNKU MAHKOTA ISMAIL,SUKAN,JOHOR,KOTA TINGGI,81930,true
JEA3052,SEKOLAH MENENGAH KEBANGSAAN SERI AMAN,SMK,JOHOR,KOTA TINGGI,81900,true
JEA3053,SEKOLAH MENENGAH KEBANGSAAN TAMAN KOTA JAYA,SMK,JOHOR,KOTA TINGGI,81900,true
JEA3054,SEKOLAH MENENGAH KEBANGSAAN TANJUNG PENGELIH,SMK,JOHOR,KOTA TINGGI,81600,true
JEA3055,SEKOLAH MENENGAH KEBANGSAAN TAMAN SERI SAUJANA,SMK,JOHOR,KOTA TINGGI,81900,true
JEA3056,SEKOLAH MENENGAH KEBANGSAAN SULTAN ALAUDDIN,SMK,JOHOR,KULAI,81450,true
JEA3057,SEKOLAH MENENGAH KEBANGSAAN BANDAR TENGGARA,SMK,JOHOR,KULAI,81440,true
JEA3058,SEKOLAH MENENGAH KEBANGSAAN BANDAR TENGGARA 2,SMK,JOHOR,KULAI,81440,true
JEA3059,SEKOLAH MENENGAH KEBANGSAAN SERI PINANG,SMK,JOHOR,KULAI,81440,true
JEA3060,SEKOLAH MENENGAH KEBANGSAAN PENGERANG UTAMA,SMK,JOHOR,KOTA TINGGI,81620,true
JEA4034,SEKOLAH MENENGAH KEBANGSAAN (FELDA) TENGGAROH,SMK,JOHOR,MERSING,86810,true
JEA4035,SEKOLAH MENENGAH KEBANGSAAN MERSING,SMK,JOHOR,MERSING,86800,true
JEA4036,SEKOLAH MENENGAH KEBANGSAAN NITAR,SMK,JOHOR,MERSING,86807,true
JEA4037,SEKOLAH MENENGAH KEBANGSAAN TAN SRI ABDUL KADIR,SMK,JOHOR,MERSING,86810,true
JEA4038,SEKOLAH MENENGAH KEBANGSAAN ANJUNG BATU,SMK,JOHOR,MERSING,86800,true
JEA5021,SEKOLAH MENENGAH KEBANGSAAN SERI MENANTI,SMK,JOHOR,MUAR,84150,true
JEA5022,SEKOLAH MENENGAH KEBANGSAAN DATO' SRI AMAR DI RAJA,SMK,JOHOR,MUAR,84000,true
JEA5023,SEKOLAH MENENGAH KEBANGSAAN TUN PERAK,SMK,JOHOR,MUAR,84000,true
JEA5024,SEKOLAH MENENGAH KEBANGSAAN RAJA MUDA,SMK,JOHOR,MUAR,84150,true
JEA5028,SEKOLAH MENENGAH KEBANGSAAN BUKIT PASIR,SMK,JOHOR,MUAR,84300,true
JEA5032,SEKOLAH MENENGAH KEBANGSAAN PEKAN BARU MUAR,SMK,JOHOR,MUAR,83600,true
JEA5035,SEKOLAH MENENGAH KEBANGSAAN TUN DR ISMAIL (STUDI),SMK,JOHOR,MUAR,84200,true
JEA5036,SEKOLAH MENENGAH KEBANGSAAN BUKIT NANING,SMK,JOHOR,MUAR,84200,true
JEA5037,SEKOLAH MENENGAH KEBANGSAAN BANDAR MAHARANI,SMK,JOHOR,MUAR,84000,true
JEA5039,SEKOLAH MENENGAH KEBANGSAAN SUNGAI ABONG,SMK,JOHOR,MUAR,84000,true
JEA5041,SEKOLAH MENENGAH KEBANGSAAN FELCRA BUKIT KEPONG,SMK,JOHOR,MUAR,85300,true
JEA6005,SEKOLAH MENENGAH KEBANGSAAN SRI TANJUNG,SMK,JOHOR,PONTIAN,82200,true
JEA6006,SEKOLAH MENENGAH KEBANGSAAN DATO` PENGGAWA BARAT,SMK,JOHOR,PONTIAN,82000,true
JEA6007,SEKOLAH MENENGAH KEBANGSAAN SRI KUKUP,SMK,JOHOR,PONTIAN,82300,true
JEA6008,SEKOLAH MENENGAH KEBANGSAAN AYER BALOI,SMK,JOHOR,PONTIAN,82100,true
JEA6009,SEKOLAH MENENGAH KEBANGSAAN PARIT BETAK,SMK,JOHOR,PONTIAN,82210,true
JEA6010,SEKOLAH MENENGAH KEBANGSAAN DATO' MOHD. YUNOS SULAIMAN,SMK,JOHOR,PONTIAN,81500,true
JEA6011,SEKOLAH MENENGAH KEBANGSAAN KAYU ARA PASONG,SMK,JOHOR,PONTIAN,82010,true
JEA6012,SEKOLAH MENENGAH KEBANGSAAN TAN SRI OSMAN MOHD SA'AT,SMK,JOHOR,PONTIAN,82000,true
JEA6013,KOLEJ TINGKATAN ENAM PONTIAN,KT6,JOHOR,PONTIAN,82000,true
JEA7031,SEKOLAH MENENGAH KEBANGSAAN BULUH KASAP,SMK,JOHOR,SEGAMAT,85010,true
JEA7032,SEKOLAH MENENGAH KEBANGSAAN DATO' BENTARA DALAM,SMK,JOHOR,SEGAMAT,85000,true
JEA7033,SEKOLAH MENENGAH KEBANGSAAN TENANG STESEN,SMK,JOHOR,SEGAMAT,85030,true
JEA7034,SEKOLAH MENENGAH KEBANGSAAN BEKOK,SMK,JOHOR,SEGAMAT,86500,true
JEA7035,SEKOLAH MENENGAH KEBANGSAAN PALONG TIMUR,SMK,JOHOR,SEGAMAT,85100,true
JEA7036,SEKOLAH MENENGAH KEBANGSAAN LKTP PEMANIS,SMK,JOHOR,SEGAMAT,85007,true
JEA7037,SEKOLAH MENENGAH KEBANGSAAN (LKTP) MAOKIL,SMK,JOHOR,SEGAMAT,85300,true
JEA7038,SEKOLAH MENENGAH KEBANGSAAN GEMEREH,SMK,JOHOR,SEGAMAT,85000,true
JEA7039,SEKOLAH MENENGAH KEBANGSAAN KAMARUL ARIFFIN,SMK,JOHOR,SEGAMAT,85300,true
JEA7040,SEKOLAH MENENGAH KEBANGSAAN SERI JEMENTAH,SMK,JOHOR,SEGAMAT,85200,true
JEA7041,SEKOLAH MENENGAH KEBANGSAAN BANDAR PUTRA,SMK,JOHOR,SEGAMAT,85000,true
JEA7042,SEKOLAH MENENGAH KEBANGSAAN SERI KENANGAN,SMK,JOHOR,SEGAMAT,85100,true
JEA7043,SEKOLAH MENENGAH KEBANGSAAN SERI BALI,SMK,JOHOR,SEGAMAT,85400,true
JEA8001,SEKOLAH MENENGAH KEBANGSAAN SENAI,SMK,JOHOR,KULAI,81400,true
JEA8002,SEKOLAH MENENGAH KEBANGSAAN TUNKU ABDUL RAHMAN PUTRA,SMK,JOHOR,KULAI,81000,true
JEA8005,SEKOLAH MENENGAH KEBANGSAAN KELAPA SAWIT,SMK,JOHOR,KULAI,81030,true
JEA8006,SEKOLAH MENENGAH KEBANGSAAN KULAI BESAR,SMK,JOHOR,KULAI,81000,true
JEA8007,SEKOLAH MENENGAH KEBANGSAAN TAMAN KOTA KULAI,SMK,JOHOR,KULAI,81000,true
JEA8011,SEKOLAH MENENGAH KEBANGSAAN TAMAN PUTRI,SMK,JOHOR,KULAI,81000,true
JEA8012,SEKOLAH MENENGAH KEBANGSAAN BANDAR PUTRA,SMK,JOHOR,KULAI,81000,true
JEA8013,SEKOLAH MENENGAH KEBANGSAAN INDAHPURA 1,SMK,JOHOR,KULAI,81000,true
JEA8014,SEKOLAH MENENGAH PENDIDIKAN KHAS VOKASIONAL INDAHPURA,SM KHAS,JOHOR,KULAI,81000,true
JEA8015,SEKOLAH MENENGAH KEBANGSAAN BUKIT BATU,SMK,JOHOR,KULAI,81020,true
JEA8016,SEKOLAH MENENGAH KEBANGSAAN BANDAR PUTRA 2,SMK,JOHOR,KULAI,81000,true
JEA9001,SEKOLAH MENENGAH KEBANGSAAN TENGKU MAHMUD ISKANDAR,SMK,JOHOR,TANGKAK,84400,true
JEA9002,SEKOLAH MENENGAH KEBANGSAAN TENGKU TEMENGGONG AHMAD,SMK,JOHOR,TANGKAK,84710,true
JEA9003,SEKOLAH MENENGAH KEBANGSAAN TUN MAMAT,SMK,JOHOR,TANGKAK,84900,true
JEA9004,SEKOLAH MENENGAH SAINS MUAR,SBP,JOHOR,TANGKAK,84009,true
JEA9005,SEKOLAH MENENGAH KEBANGSAAN PARIT BUNGA,SMK,JOHOR,TANGKAK,84000,true
JEA9006,SEKOLAH MENENGAH KEBANGSAAN SAGIL TANGKAK,SMK,JOHOR,TANGKAK,84020,true
JEA9007,SEKOLAH MENENGAH KEBANGSAAN SERI TANGKAK,SMK,JOHOR,TANGKAK,84900,true
JEA9008,SEKOLAH MENENGAH KEBANGSAAN PESISIRAN PERDANA,SMK,JOHOR,TANGKAK,84000,true
JEA9009,SEKOLAH MENENGAH KEBANGSAAN LEDANG,SMK,JOHOR,TANGKAK,84900,true
JEA9010,SEKOLAH MENENGAH KEBANGSAAN BUKIT GAMBIR,SMK,JOHOR,TANGKAK,84800,true
JEA9011,SEKOLAH MENENGAH KEBANGSAAN TUN SRI LANANG,SMK,JOHOR,TANGKAK,85210,true
JEA9012,SEKOLAH MENENGAH KEBANGSAAN PEI HWA,SMK,JOHOR,TANGKAK,84400,true
JEB0015,SEKOLAH MENENGAH KEBANGSAAN TINGGI BATU PAHAT,SMK,JOHOR,BATU PAHAT,83000,true
JEB0016,SEKOLAH MENENGAH KEBANGSAAN (P) TEMENGGONG IBRAHIM,SMK,JOHOR,BATU PAHAT,83000,true
JEB0017,SEKOLAH MENENGAH KEBANGSAAN CONVENT,SMK,JOHOR,BATU PAHAT,83000,true
JEB0018,SEKOLAH MENENGAH KEBANGSAAN MUNSHI SULAIMAN,SMK,JOHOR,BATU PAHAT,83000,true
JEB0019,SEKOLAH MENENGAH KEBANGSAAN DATO' SYED ESA,SMK,JOHOR,BATU PAHAT,83000,true
JEB1001,MAKTAB SULTAN ABU BAKAR,SMK,JOHOR,JOHOR BAHRU,80100,true
JEB1002,SEKOLAH MENENGAH KEBANGSAAN DATO JAAFAR,SMK,JOHOR,JOHOR BAHRU,80300,true
JEB1003,SEKOLAH MENENGAH KEBANGSAAN AMINUDDIN BAKI,SMK,JOHOR,JOHOR BAHRU,80100,true
JEB1004,SEKOLAH MENENGAH KEBANGSAAN SAINT JOSEPH,SMK,JOHOR,JOHOR BAHRU,80350,true
JEB1005,SEKOLAH MENENGAH KEBANGSAAN (P) SULTAN IBRAHIM,SMK,JOHOR,JOHOR BAHRU,80100,true
JEB1006,SEKOLAH MENENGAH KEBANGSAAN INFANT JESUS CONVENT,SMK,JOHOR,JOHOR BAHRU,80100,true
JEB1007,SEKOLAH MENENGAH KEBANGSAAN SULTANAH ENGKU TUN AMINAH,SMK,JOHOR,JOHOR BAHRU,80100,true
JEB1009,SEKOLAH TUN FATIMAH,SBP,JOHOR,JOHOR BAHRU,80000,true
JEB2037,SEKOLAH MENENGAH KEBANGSAAN TINGGI KLUANG,SMK,JOHOR,KLUANG,86000,true
JEB2038,SEKOLAH MENENGAH KEBANGSAAN TENGKU ARIS BENDAHARA,SMK,JOHOR,KLUANG,86000,true
JEB2039,SEKOLAH MENENGAH KEBANGSAAN CANOSSIAN CONVENT,SMK,JOHOR,KLUANG,86000,true
JEB3043,SEKOLAH MENENGAH KEBANGSAAN LAKSAMANA,SMK,JOHOR,KOTA TINGGI,81907,true
JEB4044,SEKOLAH MENENGAH KEBANGSAAN SRI MERSING,SMK,JOHOR,MERSING,86807,true
JEB4045,SEKOLAH MENENGAH KEBANGSAAN PAI CHEE,SMK,JOHOR,MERSING,86800,true
JEB5021,SEKOLAH TINGGI MUAR,SMK,JOHOR,MUAR,84000,true
JEB5022,SEKOLAH MENENGAH KEBANGSAAN ST ANDREW,SMK,JOHOR,MUAR,84007,true
JEB5024,SEKOLAH MENENGAH KEBANGSAAN SRI MUAR,SMK,JOHOR,MUAR,84007,true
JEB5025,SEKOLAH MENENGAH KEBANGSAAN (PEREMPUAN) SULTAN ABU BAKAR,SMK,JOHOR,MUAR,84007,true
JEB5026,SEKOLAH MENENGAH KEBANGSAAN CONVENT,SMK,JOHOR,MUAR,84000,true
JEB6012,SEKOLAH MENENGAH KEBANGSAAN SRI PERHENTIAN,SMK,JOHOR,PONTIAN,82000,true
JEB6014,SEKOLAH MENENGAH KEBANGSAAN DATO` ALI HJ AHMAD,SMK,JOHOR,PONTIAN,82000,true
JEB7029,SEKOLAH MENENGAH KEBANGSAAN TINGGI SEGAMAT,SMK,JOHOR,SEGAMAT,85000,true
JEB7030,SEKOLAH MENENGAH KEBANGSAAN SEG HWA,SMK,JOHOR,SEGAMAT,85000,true
JEB7031,SEKOLAH MENENGAH KEBANGSAAN CANOSSIAN CONVENT,SMK,JOHOR,SEGAMAT,85000,true
JEB7032,SEKOLAH MENENGAH KEBANGSAAN LABIS,SMK,JOHOR,SEGAMAT,85300,true
JEB7034,SEKOLAH MENENGAH KEBANGSAAN PADUKA TUAN,SMK,JOHOR,SEGAMAT,85000,true
JEB8001,SEKOLAH MENENGAH KEBANGSAAN MUNSHI ABDULLAH,SMK,JOHOR,KULAI,81000,true
JEE0018,SEKOLAH MENENGAH KEBANGSAAN TUN SARDON,SMK,JOHOR,BATU PAHAT,83100,true
JEE0019,SEKOLAH MENENGAH KEBANGSAAN TUN ISMAIL,SMK,JOHOR,BATU PAHAT,86400,true
JEE0020,SEKOLAH MENENGAH KEBANGSAAN SEMERAH,SMK,JOHOR,BATU PAHAT,83600,true
JEE0034,SEKOLAH MENENGAH KEBANGSAAN DATUK MENTERI,SMK,JOHOR,BATU PAHAT,86100,true
JEE0040,SEKOLAH MENENGAH KEBANGSAAN YONG PENG,SMK,JOHOR,BATU PAHAT,83700,true
JEE0041,SEKOLAH MENENGAH KEBANGSAAN TUNKU PUTRA,SMK,JOHOR,BATU PAHAT,83010,true
JEE1004,SEKOLAH MENENGAH KEBANGSAAN GELANG PATAH,SMK,JOHOR,JOHOR BAHRU,81550,true
JEE1005,SEKOLAH MENENGAH KEBANGSAAN DATO PENGGAWA TIMUR,SMK,JOHOR,PASIR GUDANG,81750,true
JEE1008,SEKOLAH MENENGAH KEBANGSAAN DATO ABDUL RAHMAN YASSIN,SMK,JOHOR,JOHOR BAHRU,81200,true
JEE1011,SEKOLAH MENENGAH KEBANGSAAN ULU TIRAM,SMK,JOHOR,PASIR GUDANG,81800,true
JEE2042,SEKOLAH MENENGAH KEBANGSAAN DATO HJ HASSAN YUNOS,SMK,JOHOR,KLUANG,86300,true
JEE2043,SEKOLAH MENENGAH SAINS JOHOR,SBP,JOHOR,KLUANG,86000,true
JEE2044,SEKOLAH MENENGAH KEBANGSAAN PALOH,SMK,JOHOR,KLUANG,86600,true
JEE2045,SEKOLAH MENENGAH KEBANGSAAN DATO' ABD RAHMAN ANDAK,SMK,JOHOR,KLUANG,86200,true
JEE4036,SEKOLAH MENENGAH KEBANGSAAN UNGKU HUSIN,SMK,JOHOR,MERSING,86900,true
JEE5023,SEKOLAH MENENGAH KEBANGSAAN TENGKU MAHKOTA,SMK,JOHOR,MUAR,84000,true
JEE5027,SEKOLAH MENENGAH KEBANGSAAN SULTAN ALAUDDIN RIAYAT SHAH 1,SMK,JOHOR,MUAR,84600,true
JEE5030,SEKOLAH MENENGAH KEBANGSAAN LENGA,SMK,JOHOR,MUAR,84040,true
JEE5031,SEKOLAH MENENGAH KEBANGSAAN TUN SULAIMAN NINAM SHAH,SMK,JOHOR,MUAR,84007,true
JEE6009,SEKOLAH MENENGAH KEBANGSAAN TELOK KERANG,SMK,JOHOR,PONTIAN,82020,true
JEE6011,SEKOLAH MENENGAH KEBANGSAAN PEKAN NENAS,SMK,JOHOR,PONTIAN,81500,true
JEE6017,SEKOLAH MENENGAH KEBANGSAAN BENUT,SMK,JOHOR,PONTIAN,82200,true
JEE7033,SEKOLAH MENENGAH KEBANGSAAN MUNSHI IBRAHIM,SMK,JOHOR,SEGAMAT,85300,true
JEE7035,SEKOLAH MENENGAH KEBANGSAAN DATO' AHMAD ARSHAD,SMK,JOHOR,SEGAMAT,85100,true
JEE7036,SEKOLAH MENENGAH KEBANGSAAN JEMENTAH,SMK,JOHOR,SEGAMAT,85200,true
JEE7037,SEKOLAH MENENGAH KEBANGSAAN CHAAH,SMK,JOHOR,SEGAMAT,85400,true
JEE8001,SEKOLAH MENENGAH KEBANGSAAN SULTAN IBRAHIM,SMK,JOHOR,KULAI,81000,true
JFT0001,SEKOLAH MENENGAH AGAMA PARIT RAJA,SM SABK,JOHOR,BATU PAHAT,86400,true
JFT0002,SEKOLAH MENENGAH AGAMA JAWAHIR AL-ULUM,SM SABK,JOHOR,BATU PAHAT,83200,true
JFT0003,SEKOLAH MENENGAH AGAMA PARIT SULONG,SM SABK,JOHOR,BATU PAHAT,83500,true
JFT0004,SEKOLAH MENENGAH AGAMA ATTARBIAH AL ISLAMIAH,SM SABK,JOHOR,BATU PAHAT,83000,true
JFT1001,MADRASAH ALATTAS ALARABIAH JOHOR,SM SABK,JOHOR,PASIR GUDANG,81800,true
JFT1002,SEKOLAH MENENGAH AGAMA AL QURAN WADDIN,SM SABK,JOHOR,JOHOR BAHRU,81100,true
JFT2001,SEKOLAH MENENGAH AGAMA ARABIAH KLUANG,SM SABK,JOHOR,KLUANG,86000,true
JFT3001,SEKOLAH MENENGAH AGAMA KOTA TINGGI,SM SABK,JOHOR,KOTA TINGGI,81900,true
JFT3002,SEKOLAH MENENGAH AGAMA BANDAR TENGGARA,SM SABK,JOHOR,KULAI,81440,true
JFT4001,SEKOLAH MENENGAH AGAMA AL-KHAIRIAH AL-ISLAMIAH,SM SABK,JOHOR,MERSING,86800,true
JFT5001,SEKOLAH MENENGAH AGAMA AD-DINIAH,SM SABK,JOHOR,MUAR,83600,true
JFT5006,SEKOLAH MENENGAH AGAMA AT-TANWIRIAH,SM SABK,JOHOR,MUAR,84150,true
JFT6001,SEKOLAH MENENGAH AGAMA (ARAB) AN-NUR,SM SABK,JOHOR,PONTIAN,82200,true
JFT6002,SEKOLAH MAAHAD PONTIAN,SM SABK,JOHOR,PONTIAN,82000,true
JFT6003,SEKOLAH MENENGAH AGAMA BUGISIAH,SM SABK,JOHOR,PONTIAN,82200,true
JFT7001,SEKOLAH MENENGAH AGAMA AL-KHAIRIAH SEGAMAT,SM SABK,JOHOR,SEGAMAT,85000,true
JFT9001,SEKOLAH MENENGAH AGAMA LUGHATIL ARABIAH,SM SABK,JOHOR,TANGKAK,84900,true
JFT9002,SEKOLAH MENENGAH AGAMA LUGHATUL QURAN,SM SABK,JOHOR,TANGKAK,84400,true
JFT9003,SEKOLAH MENENGAH AGAMA SHAMSUDDINIAH,SM SABK,JOHOR,TANGKAK,84710,true
JFT9004,SEKOLAH MENENGAH AGAMA DARUL ULUM,SM SABK,JOHOR,TANGKAK,84410,true
JHA0002,KOLEJ VOKASIONAL BATU PAHAT,KV,JOHOR,BATU PAHAT,83000,true
JHA0003,KOLEJ VOKASIONAL TUN HUSSEIN ONN,KV,JOHOR,BATU PAHAT,83000,true
JHA1001,KOLEJ VOKASIONAL TANJUNG PUTERI,KV,JOHOR,JOHOR BAHRU,80300,true
JHA1002,KOLEJ VOKASIONAL (ERT) AZIZAH,KV,JOHOR,JOHOR BAHRU,80350,true
JHA1003,KOLEJ VOKASIONAL PERDAGANGAN,KV,JOHOR,JOHOR BAHRU,80350,true
JHA1004,KOLEJ VOKASIONAL PASIR GUDANG,KV,JOHOR,PASIR GUDANG,81700,true
JHA2001,KOLEJ VOKASIONAL KLUANG,KV,JOHOR,KLUANG,86000,true
JHA3002,KOLEJ VOKASIONAL KOTA TINGGI,KV,JOHOR,KOTA TINGGI,81907,true
JHA5001,KOLEJ VOKASIONAL MUAR,KV,JOHOR,MUAR,84000,true
JHA5002,KOLEJ VOKASIONAL PAGOH,KV,JOHOR,MUAR,84600,true
JHA6001,KOLEJ VOKASIONAL TANJUNG PIAI,KV,JOHOR,PONTIAN,82300,true
JHA7002,KOLEJ VOKASIONAL SEGAMAT,KV,JOHOR,SEGAMAT,85000,true
JKE1001,SEKOLAH MENENGAH TEKNIK JOHOR BAHRU,SMT,JOHOR,JOHOR BAHRU,80350,true
JRA1001,SEKOLAH MENENGAH KEBANGSAAN AGAMA JOHOR BAHRU,SMKA,JOHOR,PASIR GUDANG,81100,true
JRA3001,SEKOLAH MENENGAH KEBANGSAAN AGAMA BANDAR PENAWAR,SMKA,JOHOR,KOTA TINGGI,81900,true
JRA4001,SEKOLAH MENENGAH SAINS SULTAN ISKANDAR,SBP,JOHOR,MERSING,86800,true
JRA5036,SEKOLAH MENENGAH KEBANGSAAN AGAMA MAAHAD MUAR,SMKA,JOHOR,MUAR,84000,true
JRA5037,SEKOLAH MENENGAH KEBANGSAAN AGAMA PAGOH,SMKA,JOHOR,MUAR,84600,true
JRA5038,SEKOLAH MENENGAH KEBANGSAAN AGAMA HAJI MOHD YASSIN,SMKA,JOHOR,MUAR,84000,true
JRA7001,SEKOLAH MENENGAH KEBANGSAAN AGAMA SEGAMAT,SMKA,JOHOR,SEGAMAT,85000,true
KEA0035,SEKOLAH MENENGAH KEBANGSAAN BALING,SMK,KEDAH,BALING,09100,true
KEA0036,SEKOLAH MENENGAH KEBANGSAAN SIONG,SMK,KEDAH,BALING,09100,true
KEA0064,SEKOLAH MENENGAH KEBANGSAAN TELOI KANAN,SMK,KEDAH,BALING,09300,true
KEA0065,SEKOLAH MENENGAH KEBANGSAAN TANJONG PUTERI,SMK,KEDAH,BALING,09300,true
KEA0067,SEKOLAH MENENGAH KEBANGSAAN JERAI,SMK,KEDAH,BALING,09200,true
KEA0068,SEKOLAH MENENGAH KEBANGSAAN PARIT PANJANG,SMK,KEDAH,BALING,09200,true
KEA0069,SEKOLAH MENENGAH KEBANGSAAN SYED ABU BAKAR,SMK,KEDAH,BALING,09200,true
KEA0070,SEKOLAH KHAS BALING,MODEL KHAS,KEDAH,BALING,09100,true
KEA0071,SEKOLAH MENENGAH KEBANGSAAN BAKAI,SMK,KEDAH,BALING,09300,true
KEA0072,SEKOLAH MENENGAH KEBANGSAAN BONGOR,SMK,KEDAH,BALING,09100,true
KEA1001,SEKOLAH MENENGAH KEBANGSAAN SELAMA,SMK,KEDAH,KULIM/BANDAR BAHARU,09810,true
KEA1002,SEKOLAH MENENGAH KEBANGSAAN LUBUK BUNTAR,SMK,KEDAH,KULIM/BANDAR BAHARU,09800,true
KEA1003,SEKOLAH MENENGAH KEBANGSAAN SERDANG BARU,SMK,KEDAH,KULIM/BANDAR BAHARU,09800,true
KEA2090,SEKOLAH MENENGAH KEBANGSAAN SULTANAH BAHIYAH,SMK,KEDAH,KOTA SETAR,05350,true
KEA2091,SEKOLAH MENENGAH KEBANGSAAN DATO' SYED OMAR,SMK,KEDAH,KOTA SETAR,05350,true
KEA2093,SEKOLAH MENENGAH KEBANGSAAN KEPALA BATAS,SMK,KEDAH,KOTA SETAR,06200,true
KEA2094,SEKOLAH MENENGAH KEBANGSAAN SEBERANG PERAK,SMK,KEDAH,KOTA SETAR,05050,true
KEA2095,SEKOLAH MENENGAH KEBANGSAAN LANGGAR,SMK,KEDAH,KOTA SETAR,06500,true
KEA2096,SEKOLAH MENENGAH KEBANGSAAN DATO'WAN MOHD SAMAN,SMK,KEDAH,KOTA SETAR,05400,true
KEA2097,SEKOLAH MENENGAH KEBANGSAAN KEAT HWA 2,SMK,KEDAH,KOTA SETAR,06600,true
KEA2161,SEKOLAH MENENGAH KEBANGSAAN TAJAR,SMK,KEDAH,KOTA SETAR,06500,true
KEA2179,SEKOLAH MENENGAH KEBANGSAAN SYED MOHAMED AL-BUKHARY,SMK,KEDAH,KOTA SETAR,05100,true
KEA2180,SEKOLAH MENENGAH KEBANGSAAN MERGONG,SMK,KEDAH,KOTA SETAR,05350,true
KEA2182,SEKOLAH MENENGAH KEBANGSAAN SIMPANG KUALA,SMK,KEDAH,KOTA SETAR,05400,true
KEA2183,SEKOLAH MENENGAH KEBANGSAAN KUBANG ROTAN,SMK,KEDAH,KOTA SETAR,06250,true
KEA2185,SEKOLAH MENENGAH KEBANGSAAN SERI PANTAI,SMK,KEDAH,KOTA SETAR,06600,true
KEA2186,KOLEJ TINGKATAN ENAM SULTAN SALLEHUDDIN,KT6,KEDAH,KOTA SETAR,05350,true
KEA2187,SEKOLAH MENENGAH KEBANGSAAN SERI AMPANG,SMK,KEDAH,KOTA SETAR,06600,true
KEA2188,SEKOLAH MENENGAH KEBANGSAAN ALOR MERAH,SMK,KEDAH,KOTA SETAR,05250,true
KEA3046,SEKOLAH MENENGAH KEBANGSAAN KHIR JOHARI,SMK,KEDAH,KUALA MUDA/YAN,08000,true
KEA3105,SEKOLAH MENENGAH KEBANGSAAN TUNKU ISMAIL,SMK,KEDAH,KUALA MUDA/YAN,08000,true
KEA3106,SEKOLAH MENENGAH KEBANGSAAN SUNGAI PASIR,SMK,KEDAH,KUALA MUDA/YAN,08000,true
KEA3107,SEKOLAH MENENGAH KEBANGSAAN KOTA KUALA MUDA,SMK,KEDAH,KUALA MUDA/YAN,08500,true
KEA3108,SEKOLAH MENENGAH KEBANGSAAN BUKIT SELAMBAU,SMK,KEDAH,KUALA MUDA/YAN,08010,true
KEA3109,SEKOLAH MENENGAH KEBANGSAAN BANDAR SUNGAI PETANI,SMK,KEDAH,KUALA MUDA/YAN,08000,true
KEA3111,SEKOLAH MENENGAH KEBANGSAAN AMAN JAYA,SMK,KEDAH,KUALA MUDA/YAN,08000,true
KEA3112,SEKOLAH MENENGAH KEBANGSAAN BATU 5 JALAN JENIANG,SMK,KEDAH,KUALA MUDA/YAN,08300,true
KEA3113,SEKOLAH MENENGAH KEBANGSAAN SUNGAI LAYAR,SMK,KEDAH,KUALA MUDA/YAN,08000,true
KEA3114,SEKOLAH MENENGAH KEBANGSAAN TAMAN RIA JAYA,SMK,KEDAH,KUALA MUDA/YAN,08000,true
KEA3115,SEKOLAH MENENGAH KEBANGSAAN PENGKALAN LEBAI MAN,SMK,KEDAH,KUALA MUDA/YAN,08000,true
KEA3116,SEKOLAH MENENGAH KEBANGSAAN PINANG TUNGGAL,SMK,KEDAH,KUALA MUDA/YAN,08000,true
KEA3117,SEKOLAH MENENGAH KEBANGSAAN BAKAR ARANG,SMK,KEDAH,KUALA MUDA/YAN,08000,true
KEA3118,SEKOLAH MENENGAH KEBANGSAAN TELUK BAYU,SMK,KEDAH,KUALA MUDA/YAN,08000,true
KEA3119,SEKOLAH MENENGAH KEBANGSAAN SUNGAI PASIR KECIL,SMK,KEDAH,KUALA MUDA/YAN,08000,true
KEA3120,SEKOLAH MENENGAH KEBANGSAAN TAMAN RIA,SMK,KEDAH,KUALA MUDA/YAN,08000,true
KEA3121,SEKOLAH MENENGAH KEBANGSAAN BANDAR PUTERI JAYA,SMK,KEDAH,KUALA MUDA/YAN,08000,true
KEA3122,SEKOLAH MENENGAH PENDIDIKAN KHAS VOKASIONAL MERBOK,SM KHAS,KEDAH,KUALA MUDA/YAN,08400,true
KEA4035,SEKOLAH MENENGAH KEBANGSAAN BANDAR BUKIT KAYU HITAM,SMK,KEDAH,KUBANG PASU,06050,true
KEA4036,SEKOLAH MENENGAH SULTAN ABDUL HALIM,SBP,KEDAH,KUBANG PASU,06009,true
KEA4037,SEKOLAH MENENGAH KEBANGSAAN SANGLANG,SMK,KEDAH,KUBANG PASU,06150,true
KEA4038,SEKOLAH MENENGAH KEBANGSAAN TUNKU SERI INDERA PUTERA,SMK,KEDAH,KUBANG PASU,06150,true
KEA4058,SEKOLAH MENENGAH KEBANGSAAN CHANGLUN,SMK,KEDAH,KUBANG PASU,06010,true
KEA4059,SEKOLAH MENENGAH KEBANGSAAN PERMATANG BONGLAI,SMK,KEDAH,KUBANG PASU,06000,true
KEA4060,SEKOLAH MENENGAH KEBANGSAAN MEGAT DEWA,SMK,KEDAH,KUBANG PASU,06100,true
KEA4061,SEKOLAH MENENGAH KEBANGSAAN TUNKU ANUM TUNKU ABDUL RAHMAN,SMK,KEDAH,KUBANG PASU,06000,true
KEA4062,SEKOLAH MENENGAH KEBANGSAAN HOSBA,SMK,KEDAH,KUBANG PASU,06010,true
KEA4063,SEKOLAH MENENGAH KEBANGSAAN TANJUNG PAUH,SMK,KEDAH,KUBANG PASU,06000,true
KEA4065,SEKOLAH MENENGAH KEBANGSAAN BANDAR BARU SINTOK,SMK,KEDAH,KUBANG PASU,06010,true
KEA4066,SEKOLAH MENENGAH KEBANGSAAN BANDAR BARU DARULAMAN,SMK,KEDAH,KUBANG PASU,06000,true
KEA4067,SEKOLAH MENENGAH KEBANGSAAN PAYA KEMUNTING,SMK,KEDAH,KUBANG PASU,06000,true
KEA4068,SEKOLAH MENENGAH SAINS KUBANG PASU,SBP,KEDAH,KUBANG PASU,06000,true
KEA4069,SEKOLAH MENENGAH KEBANGSAAN DARUL AMAN HEIGHT 1,SMK,KEDAH,KUBANG PASU,06000,true
KEA4070,SEKOLAH MENENGAH KEBANGSAAN JERLUN,SMK,KEDAH,KUBANG PASU,06150,true
KEA5023,SEKOLAH MENENGAH KEBANGSAAN SUNGAI KOB,SMK,KEDAH,KULIM/BANDAR BAHARU,09700,true
KEA5024,SEKOLAH MENENGAH KEBANGSAAN KULIM,SMK,KEDAH,KULIM/BANDAR BAHARU,09000,true
KEA5025,SEKOLAH MENENGAH KEBANGSAAN DATO LELA PAHLAWAN,SMK,KEDAH,KULIM/BANDAR BAHARU,09400,true
KEA5026,SEKOLAH MENENGAH KEBANGSAAN KELADI,SMK,KEDAH,KULIM/BANDAR BAHARU,09000,true
KEA5067,SEKOLAH MENENGAH KEBANGSAAN LABU BESAR,SMK,KEDAH,KULIM/BANDAR BAHARU,09010,true
KEA5068,SEKOLAH MENENGAH KEBANGSAAN SUNGAI KARANGAN,SMK,KEDAH,KULIM/BANDAR BAHARU,09410,true
KEA5069,SEKOLAH MENENGAH KEBANGSAAN LUNAS,SMK,KEDAH,KULIM/BANDAR BAHARU,09600,true
KEA5070,SEKOLAH MENENGAH KEBANGSAAN JUNJUNG,SMK,KEDAH,KULIM/BANDAR BAHARU,09000,true
KEA5071,SEKOLAH MENENGAH KEBANGSAAN TAMAN SELASIH,SMK,KEDAH,KULIM/BANDAR BAHARU,09000,true
KEA5072,SEKOLAH MENENGAH KEBANGSAAN TAMAN KENARI,SMK,KEDAH,KULIM/BANDAR BAHARU,09000,true
KEA5073,SEKOLAH MENENGAH KEBANGSAAN JALAN PAYA BESAR,SMK,KEDAH,KULIM/BANDAR BAHARU,09600,true
KEA5074,SEKOLAH MENENGAH KEBANGSAAN AIR MERAH,SMK,KEDAH,KULIM/BANDAR BAHARU,09000,true
KEA5075,SEKOLAH MENENGAH KEBANGSAAN TAMAN HITECH,SMK,KEDAH,KULIM/BANDAR BAHARU,09000,true
KEA5076,SEKOLAH MENENGAH KEBANGSAAN TAMAN JELUTONG,SMK,KEDAH,KULIM/BANDAR BAHARU,09000,true
KEA5077,SEKOLAH MENENGAH KEBANGSAAN TAMAN MUTIARA,SMK,KEDAH,KULIM/BANDAR BAHARU,09700,true
KEA5078,KOLEJ TINGKATAN ENAM KULIM,KT6,KEDAH,KULIM/BANDAR BAHARU,09400,true
KEA6014,SEKOLAH MENENGAH KEBANGSAAN AYER HANGAT,SMK,KEDAH,LANGKAWI,07000,true
KEA6015,SEKOLAH MENENGAH KEBANGSAAN TUNKU PUTRA,SMK,KEDAH,LANGKAWI,07100,true
KEA6016,SEKOLAH MENENGAH KEBANGSAAN KEDAWANG,SMK,KEDAH,LANGKAWI,07000,true
KEA6017,SEKOLAH MENENGAH KEBANGSAAN LANGKAWI P.TUBA,SMK,KEDAH,LANGKAWI,07000,true
KEA6018,SEKOLAH MENENGAH KEBANGSAAN KELIBANG,SMK,KEDAH,LANGKAWI,07000,true
KEA7017,SEKOLAH MENENGAH KEBANGSAAN PADANG TERAP,SMK,KEDAH,PADANG TERAP,06300,true
KEA7018,SEKOLAH MENENGAH KEBANGSAAN LUBOK MERBAU,SMK,KEDAH,PADANG TERAP,06710,true
KEA7019,SEKOLAH MENENGAH KEBANGSAAN NAKA,SMK,KEDAH,PADANG TERAP,06350,true
KEA7020,SEKOLAH MENENGAH KEBANGSAAN PEDU,SMK,KEDAH,PADANG TERAP,06300,true
KEA7021,SEKOLAH MENENGAH KEBANGSAAN KUALA NERANG,SMK,KEDAH,PADANG TERAP,06300,true
KEA8019,SEKOLAH MENENGAH KEBANGSAAN JENERI,SMK,KEDAH,SIK,08700,true
KEA8020,SEKOLAH MENENGAH KEBANGSAAN SERI ENGGANG,SMK,KEDAH,SIK,08200,true
KEA8021,SEKOLAH MENENGAH KEBANGSAAN GULAU,SMK,KEDAH,SIK,08210,true
KEA8022,SEKOLAH MENENGAH KEBANGSAAN CHEPIR,SMK,KEDAH,SIK,08200,true
KEA8023,SEKOLAH MENENGAH KEBANGSAAN BATU LAPAN,SMK,KEDAH,SIK,08200,true
KEA9001,SEKOLAH MENENGAH KEBANGSAAN SUNGAI LIMAU YAN,SMK,KEDAH,KUALA MUDA/YAN,06910,true
KEA9002,SEKOLAH MENENGAH KEBANGSAAN BATU 17,SMK,KEDAH,KUALA MUDA/YAN,08800,true
KEA9003,SEKOLAH MENENGAH KEBANGSAAN DULANG,SMK,KEDAH,KUALA MUDA/YAN,06900,true
KEA9004,SEKOLAH MENENGAH KEBANGSAAN GUAR CHEMPEDAK 2,SMK,KEDAH,KUALA MUDA/YAN,08800,true
KEA9005,SEKOLAH MENENGAH KEBANGSAAN SERI BADONG,SMK,KEDAH,KUALA MUDA/YAN,08400,true
KEAA091,SEKOLAH MENENGAH KEBANGSAAN TOKAI,SMK,KEDAH,PENDANG,06660,true
KEAA092,SEKOLAH MENENGAH KEBANGSAAN KUBOR PANJANG,SMK,KEDAH,PENDANG,06760,true
KEAA164,SEKOLAH MENENGAH KEBANGSAAN AYER PUTEH DALAM,SMK,KEDAH,PENDANG,06700,true
KEAA180,SEKOLAH MENENGAH KEBANGSAAN TANAH MERAH,SMK,KEDAH,PENDANG,06700,true
KEAA181,SEKOLAH MENENGAH KEBANGSAAN SYED IBRAHIM,SMK,KEDAH,PENDANG,06700,true
KEAA182,SEK MODEL KHAS BUKIT JENUN,MODEL KHAS,KEDAH,PENDANG,06720,true
KEAA183,SEKOLAH MENENGAH KEBANGSAAN TUNKU TEMENGGUNG,SMK,KEDAH,PENDANG,06700,true
KEAA184,SEKOLAH MENENGAH KEBANGSAAN TOBIAR,SMK,KEDAH,PENDANG,06700,true
KEAA185,SEKOLAH MENENGAH SAINS PENDANG,SBP,KEDAH,PENDANG,06700,true
KEAB001,SEKOLAH MENENGAH KEBANGSAAN JABI,SMK,KEDAH,KOTA SETAR,06400,true
KEAB002,SEKOLAH MENENGAH SAINS POKOK SENA,SBP,KEDAH,KOTA SETAR,06400,true
KEAB003,SEKOLAH MENENGAH KEBANGSAAN BUKIT PAYONG,SMK,KEDAH,KOTA SETAR,06400,true
KEAB004,SEKOLAH MENENGAH KEBANGSAAN POKOK SENA 2,SMK,KEDAH,KOTA SETAR,06400,true
KEB0037,SEKOLAH MENENGAH KEBANGSAAN TUNKU PUTERA,SMK,KEDAH,BALING,09100,true
KEB2093,SEKOLAH MENENGAH KEBANGSAAN DARULAMAN,SMK,KEDAH,KOTA SETAR,05100,true
KEB2094,SEKOLAH MENENGAH KEBANGSAAN KEAT HWA 1,SMK,KEDAH,KOTA SETAR,05400,true
KEB2095,SEKOLAH MENENGAH KEBANGSAAN SULTANAH ASMA,SMK,KEDAH,KOTA SETAR,05460,true
KEB2096,KOLEJ SULTAN ABDUL HAMID,SMK,KEDAH,KOTA SETAR,05460,true
KEB2097,SEKOLAH MENENGAH KEBANGSAAN ST MICHAEL,SMK,KEDAH,KOTA SETAR,05200,true
KEB2098,SEKOLAH MENENGAH KEBANGSAAN CONVENT,SMK,KEDAH,KOTA SETAR,05300,true
KEB2099,SEKOLAH MENENGAH KEBANGSAAN TUNKU ABDUL RAHMAN,SMK,KEDAH,KOTA SETAR,05150,true
KEB2162,SEKOLAH MENENGAH KEBANGSAAN TUNKU SOFIAH,SMK,KEDAH,KOTA SETAR,05460,true
KEB3047,SEKOLAH MENENGAH KEBANGSAAN DATO BIJAYA SETIA,SMK,KEDAH,KUALA MUDA/YAN,08000,true
KEB3048,SEKOLAH MENENGAH KEBANGSAAN CONVENT FATHER BARRE,SMK,KEDAH,KUALA MUDA/YAN,08000,true
KEB3049,SEKOLAH MENENGAH KEBANGSAAN IBRAHIM,SMK,KEDAH,KUALA MUDA/YAN,08000,true
KEB3050,SEKOLAH MENENGAH KEBANGSAAN ST THERESA,SMK,KEDAH,KUALA MUDA/YAN,08000,true
KEB3051,SEKOLAH MENENGAH KEBANGSAAN SIN MIN,SMK,KEDAH,KUALA MUDA/YAN,08000,true
KEB5025,SEKOLAH MENENGAH KEBANGSAAN CHIO MIN,SMK,KEDAH,KULIM/BANDAR BAHARU,09000,true
KEB5026,SEKOLAH MENENGAH KEBANGSAAN TUNKU PANGLIMA BESAR,SMK,KEDAH,KULIM/BANDAR BAHARU,09000,true
KEB5027,SEKOLAH MENENGAH KEBANGSAAN SULTAN BADLISHAH,SMK,KEDAH,KULIM/BANDAR BAHARU,09000,true
KEB5028,SEKOLAH MENENGAH KEBANGSAAN ST PATRICK,SMK,KEDAH,KULIM/BANDAR BAHARU,09000,true
KEB5029,SEKOLAH MENENGAH KEBANGSAAN ST. ANNE'S CONVENT,SMK,KEDAH,KULIM/BANDAR BAHARU,09000,true
KEE0038,SEKOLAH MENENGAH KEBANGSAAN KUALA KETIL,SMK,KEDAH,BALING,09300,true
KEE0039,SEKOLAH MENENGAH KEBANGSAAN KUALA PEGANG,SMK,KEDAH,BALING,09110,true
KEE1017,SEKOLAH MENENGAH KEBANGSAAN SULTAN AHMAD TAJUDDIN,SMK,KEDAH,KULIM/BANDAR BAHARU,34950,true
KEE1018,SEKOLAH MENENGAH KEBANGSAAN SERDANG,SMK,KEDAH,KULIM/BANDAR BAHARU,09800,true
KEE2100,SEKOLAH MENENGAH KEBANGSAAN TUNKU ABDUL MALIK,SMK,KEDAH,KOTA SETAR,05250,true
KEE2101,SEKOLAH MENENGAH KEBANGSAAN ALOR JANGGUS,SMK,KEDAH,KOTA SETAR,06250,true
KEE2102,SEKOLAH MENENGAH KEBANGSAAN MUADZAM SHAH,SMK,KEDAH,KOTA SETAR,06800,true
KEE2104,SEKOLAH MENENGAH KEBANGSAAN TUNKU ABD. AZIZ,SMK,KEDAH,KOTA SETAR,06650,true
KEE2107,SEKOLAH MENENGAH KEBANGSAAN TUN SHARIFAH RODZIAH,SMK,KEDAH,KOTA SETAR,05400,true
KEE2108,SEKOLAH MENENGAH KEBANGSAAN TENGKU LAKSAMANA,SMK,KEDAH,KOTA SETAR,06600,true
KEE2160,SEKOLAH MENENGAH KEBANGSAAN SERI GUNONG,SMK,KEDAH,KOTA SETAR,06570,true
KEE3052,SEKOLAH MENENGAH KEBANGSAAN BEDONG,SMK,KEDAH,KUALA MUDA/YAN,08100,true
KEE3053,SEKOLAH MENENGAH KEBANGSAAN CHE TOM 'SRT',SMK,KEDAH,KUALA MUDA/YAN,08000,true
KEE3054,SEKOLAH MENENGAH KEBANGSAAN GURUN,SMK,KEDAH,KUALA MUDA/YAN,08300,true
KEE3055,SEKOLAH MENENGAH KEBANGSAAN MERBOK,SMK,KEDAH,KUALA MUDA/YAN,08400,true
KEE3056,SEKOLAH MENENGAH KEBANGSAAN PEKULA JAYA,SMK,KEDAH,KUALA MUDA/YAN,08600,true
KEE3057,SEKOLAH MENENGAH KEBANGSAAN TUNKU SULONG,SMK,KEDAH,KUALA MUDA/YAN,08700,true
KEE3105,SEKOLAH MENENGAH SAINS SULTAN MOHAMAD JIWA,SBP,KEDAH,KUALA MUDA/YAN,08000,true
KEE4037,SEKOLAH MENENGAH KEBANGSAAN JITRA,SMK,KEDAH,KUBANG PASU,06000,true
KEE4038,SEKOLAH MENENGAH KEBANGSAAN SERI MAHAWANGSA,SMK,KEDAH,KUBANG PASU,06000,true
KEE4039,SEKOLAH MENENGAH KEBANGSAAN TUNKU BENDAHARA,SMK,KEDAH,KUBANG PASU,06100,true
KEE4040,SEKOLAH MENENGAH KEBANGSAAN PULAU NYIOR,SMK,KEDAH,KUBANG PASU,06000,true
KEE4041,SEKOLAH MENENGAH KEBANGSAAN AYER HITAM,SMK,KEDAH,KUBANG PASU,06150,true
KEE5030,SEKOLAH MENENGAH KEBANGSAAN MAHANG,SMK,KEDAH,KULIM/BANDAR BAHARU,09700,true
KEE5031,SEKOLAH MENENGAH KEBANGSAAN PADANG SERAI,SMK,KEDAH,KULIM/BANDAR BAHARU,09400,true
KEE6016,SEKOLAH MENENGAH KEBANGSAAN MAHSURI,SMK,KEDAH,LANGKAWI,07000,true
KEE7017,SEKOLAH MENENGAH KEBANGSAAN DATUK SYED AHMAD,SMK,KEDAH,PADANG TERAP,06300,true
KEE8018,SEKOLAH MENENGAH KEBANGSAAN SIK,SMK,KEDAH,SIK,08200,true
KEE9023,SEKOLAH MENENGAH KEBANGSAAN GUAR CHEMPEDAK,SMK,KEDAH,KUALA MUDA/YAN,08800,true
KEE9024,SEKOLAH MENENGAH KEBANGSAAN YAN,SMK,KEDAH,KUALA MUDA/YAN,06900,true
KEEA103,SEKOLAH MENENGAH KEBANGSAAN PENDANG,SMK,KEDAH,PENDANG,06700,true
KEEA105,SEKOLAH MENENGAH KEBANGSAAN SUNGAI TIANG,SMK,KEDAH,PENDANG,06750,true
KEEB001,SEKOLAH MENENGAH KEBANGSAAN POKOK SENA,SMK,KEDAH,KOTA SETAR,06400,true
KFA8001,MAAHAD DINI SULTAN ABDUL HALIM,SM SABK,KEDAH,SIK,08210,true
KFT0010,SMA ISLAHIAH,SM SABK,KEDAH,KULIM/BANDAR BAHARU,09500,true
KFT0011,MAKTAB MAHMUD BALING,SM SABK,KEDAH,BALING,09100,true
KFT0012,SEKOLAH MENENGAH AGAMA (ARAB) ANNAJAH,SM SABK,KEDAH,BALING,09100,true
KFT1001,MAKTAB MAHMUD BANDAR BAHARU,SM SABK,KEDAH,KULIM/BANDAR BAHARU,09800,true
KFT2001,SEKOLAH MENENGAH AGAMA DARRUSAADAH,SM SABK,KEDAH,KOTA SETAR,06200,true
KFT2003,SEKOLAH MENENGAH AGAMA IHYA UL-ULUM AD-DINIAH,SM SABK,KEDAH,KOTA SETAR,06650,true
KFT2004,MAKTAB MAHMUD POKOK SENA,SM SABK,KEDAH,KOTA SETAR,06500,true
KFT3002,SMA SUNGAI PETANI,SM SABK,KEDAH,KUALA MUDA/YAN,08100,true
KFT3003,SMA PEKAN GURUN,SM SABK,KEDAH,KUALA MUDA/YAN,08300,true
KFT3004,SEKOLAH MENENGAH AKADEMI ISLAM DARUL AMAN,SM SABK,KEDAH,KUALA MUDA/YAN,08500,true
KFT3005,MAKTAB MAHMUD KUALA MUDA,SM SABK,KEDAH,KUALA MUDA/YAN,08500,true
KFT3006,MAKTAB MAHMUD MERBOK,SM SABK,KEDAH,KUALA MUDA/YAN,08100,true
KFT4001,SEKOLAH MENENGAH AGAMA HIDAYAH ISLAMIAH,SM SABK,KEDAH,KUBANG PASU,06150,true
KFT4002,SMA NURUL ISLAM AYER HITAM,SM SABK,KEDAH,KUBANG PASU,06150,true
KFT5001,MAKTAB MAHMUD KULIM,SM SABK,KEDAH,KULIM/BANDAR BAHARU,09400,true
KFT6001,MAKTAB MAHMUD LANGKAWI,SM SABK,KEDAH,LANGKAWI,07000,true
KFT7001,SMA DARIL IKTISAM,SM SABK,KEDAH,PADANG TERAP,06300,true
KFT7002,SMA MA'AHAD TAHFIZ AL-ABIDIN,SM SABK,KEDAH,PENDANG,06720,true
KFT7003,SEKOLAH MENENGAH AGAMA AL-ISLAHIAH AL-ISLAMIAH,SM SABK,KEDAH,PADANG TERAP,06710,true
KFT7004,MAKTAB MAHMUD PADANG TERAP,SM SABK,KEDAH,PADANG TERAP,06300,true
KFT8002,MAKTAB MAHMUD SIK,SM SABK,KEDAH,SIK,08200,true
KFT8003,SEKOLAH MENENGAH AGAMA IRSYADIAH,SM SABK,KEDAH,SIK,08320,true
KFT9001,SMA SAADAH ALDINIAH AL ISLAMIAH,SM SABK,KEDAH,KUALA MUDA/YAN,06910,true
KFT9002,SMA FAUZI,SM SABK,KEDAH,KUALA MUDA/YAN,06900,true
KFT9003,SEKOLAH MENENGAH AGAMA NAHDZAH,SM SABK,KEDAH,KUALA MUDA/YAN,06800,true
KFTA001,MA'AHAD AL IMAM AL SYAFIE,SM SABK,KEDAH,PENDANG,06700,true
KFTA002,MAKTAB MAHMUD PENDANG,SM SABK,KEDAH,PENDANG,06700,true
KHA2001,KOLEJ VOKASIONAL ALOR SETAR,KV,KEDAH,KOTA SETAR,05100,true
KHA3003,KOLEJ VOKASIONAL SUNGAI PETANI 1,KV,KEDAH,KUALA MUDA/YAN,08000,true
KHA3004,KOLEJ VOKASIONAL SUNGAI PETANI 2,KV,KEDAH,KUALA MUDA/YAN,08000,true
KHA5002,KOLEJ VOKASIONAL KULIM,KV,KEDAH,KULIM/BANDAR BAHARU,09000,true
KHA6002,KOLEJ VOKASIONAL PULAU LANGKAWI,KV,KEDAH,LANGKAWI,07000,true
KKE2156,SEKOLAH MENENGAH TEKNIK ALOR SETAR,SMT,KEDAH,KOTA SETAR,05400,true
KRA0001,SEKOLAH MENENGAH KEBANGSAAN AGAMA BALING,SMKA,KEDAH,BALING,09100,true
KRA2001,SEKOLAH MENENGAH KEBANGSAAN AGAMA KEDAH,SMKA,KEDAH,KOTA SETAR,05350,true
KRA4001,SEKOLAH BERASRAMA PENUH INTEGRASI KUBANG PASU,SBP,KEDAH,KUBANG PASU,06050,true
KRA4002,SEKOLAH MENENGAH KEBANGSAAN AGAMA JERLUN,SMKA,KEDAH,KUBANG PASU,06100,true
KRA8001,SEKOLAH MENENGAH KEBANGSAAN AGAMA SIK,SMKA,KEDAH,SIK,08200,true
KRA9001,SEKOLAH MENENGAH KEBANGSAAN AGAMA YAN,SMKA,KEDAH,KUALA MUDA/YAN,06900,true
MEA0071,SEKOLAH MENENGAH KEBANGSAAN GHAFAR BABA,SMK,MELAKA,ALOR GAJAH,78300,true
MEA0072,SEKOLAH MENENGAH KEBANGSAAN DATO' HAJI TALIB KARIM,SMK,MELAKA,ALOR GAJAH,78000,true
MEA0073,SEKOLAH MENENGAH KEBANGSAAN RAHMAT,SMK,MELAKA,ALOR GAJAH,78200,true
MEA0074,SEKOLAH MENENGAH KEBANGSAAN ADE PUTRA,SMK,MELAKA,ALOR GAJAH,78300,true
MEA0075,SEKOLAH MENENGAH KEBANGSAAN NANING,SMK,MELAKA,ALOR GAJAH,78000,true
MEA0095,SEKOLAH MENENGAH KEBANGSAAN LUBOK CHINA,SMK,MELAKA,ALOR GAJAH,78100,true
MEA0099,SEKOLAH MENENGAH KEBANGSAAN HANG KASTURI,SMK,MELAKA,ALOR GAJAH,78300,true
MEA0100,SEKOLAH MENENGAH KEBANGSAAN SUNGAI UDANG,SMK,MELAKA,ALOR GAJAH,76300,true
MEA0101,SEKOLAH MENENGAH KEBANGSAAN DURIAN TUNGGAL,SMK,MELAKA,ALOR GAJAH,76100,true
MEA0102,SEKOLAH MENENGAH KEBANGSAAN TEBONG,SMK,MELAKA,ALOR GAJAH,76460,true
MEA1060,SEKOLAH MENENGAH KEBANGSAAN ISKANDAR SHAH,SMK,MELAKA,JASIN,77000,true
MEA1061,SEKOLAH MENENGAH KEBANGSAAN DATO' ABDUL RAHMAN YA'KUB,SMK,MELAKA,JASIN,77300,true
MEA1072,SEKOLAH MENENGAH KEBANGSAAN SRI MAHKOTA,SMK,MELAKA,JASIN,77300,true
MEA1076,SEKOLAH MENENGAH KEBANGSAAN SIMPANG BEKOH,SMK,MELAKA,JASIN,77100,true
MEA1077,SEKOLAH MENENGAH KEBANGSAAN SELANDAR,SMK,MELAKA,JASIN,77500,true
MEA1078,SEKOLAH MENENGAH KEBANGSAAN SUNGAI RAMBAI,SMK,MELAKA,JASIN,77400,true
MEA1079,SEKOLAH MENENGAH KEBANGSAAN NYALAS,SMK,MELAKA,JASIN,77100,true
MEA1080,SEKOLAH MENENGAH KEBANGSAAN SERI BEMBAN,SMK,MELAKA,JASIN,77200,true
MEA1081,SEKOLAH MENENGAH KEBANGSAAN TUN SYED ZAHIRUDDIN,SMK,MELAKA,JASIN,77300,true
MEA2086,SEKOLAH MENENGAH KEBANGSAAN TUN TIJAH,SMK,MELAKA,MELAKA TENGAH,75400,true
MEA2087,SEKOLAH MENENGAH KEBANGSAAN MUNSHI ABDULLAH,SMK,MELAKA,MELAKA TENGAH,75350,true
MEA2088,SEKOLAH MENENGAH KEBANGSAAN TUN MUTAHIR,SMK,MELAKA,MELAKA TENGAH,75350,true
MEA2089,SEKOLAH MENENGAH KEBANGSAAN SERI TANJUNG,SMK,MELAKA,MELAKA TENGAH,76400,true
MEA2091,SEKOLAH MENENGAH KEBANGSAAN AIR MOLEK,SMK,MELAKA,MELAKA TENGAH,75460,true
MEA2092,SEKOLAH MENENGAH KEBANGSAAN KLEBANG BESAR,SMK,MELAKA,MELAKA TENGAH,75200,true
MEA2093,SEKOLAH MENENGAH KEBANGSAAN BUKIT BARU,SMK,MELAKA,MELAKA TENGAH,75450,true
MEA2094,SEKOLAH MENENGAH KEBANGSAAN TUN HAJI ABD MALEK,SMK,MELAKA,MELAKA TENGAH,75250,true
MEA2095,SEKOLAH MENENGAH KEBANGSAAN BUKIT KATIL,SMK,MELAKA,MELAKA TENGAH,75450,true
MEA2096,SEKOLAH MENENGAH KEBANGSAAN MALIM,SMK,MELAKA,MELAKA TENGAH,75250,true
MEA2097,SEKOLAH MENENGAH KEBANGSAAN PADANG TEMU,SMK,MELAKA,MELAKA TENGAH,75050,true
MEA2098,SEKOLAH MENENGAH KEBANGSAAN TELOK MAS,SMK,MELAKA,MELAKA TENGAH,75460,true
MEA2099,SEKOLAH MENENGAH KEBANGSAAN BUKIT RAMBAI,SMK,MELAKA,MELAKA TENGAH,75250,true
MEA2100,SEKOLAH MENENGAH KEBANGSAAN AYER KEROH,SMK,MELAKA,MELAKA TENGAH,75450,true
MEA2101,SEKOLAH MENENGAH KEBANGSAAN KAMPUNG GELAM,SMK,MELAKA,MELAKA TENGAH,76400,true
MEA2102,SEKOLAH MENENGAH KEBANGSAAN PERNU,SMK,MELAKA,MELAKA TENGAH,75460,true
MEA2103,SEKOLAH MENENGAH KEBANGSAAN PAYA RUMPUT,SMK,MELAKA,MELAKA TENGAH,76450,true
MEA2104,SEKOLAH MENENGAH KEBANGSAAN KRUBONG,SMK,MELAKA,MELAKA TENGAH,75260,true
MEB0077,SEKOLAH MENENGAH KEBANGSAAN SERI PENGKALAN,SMK,MELAKA,ALOR GAJAH,78000,true
MEB0078,SEKOLAH MENENGAH KEBANGSAAN PULAU SEBANG,SMK,MELAKA,ALOR GAJAH,73000,true
MEB0079,SEKOLAH MENENGAH KEBANGSAAN SULTAN ALAUDDIN,SMK,MELAKA,ALOR GAJAH,78300,true
MEB1063,SEKOLAH MENENGAH KEBANGSAAN DATUK BENDAHARA,SMK,MELAKA,JASIN,77000,true
MEB1064,SEKOLAH MENENGAH KEBANGSAAN DANG ANUM,SMK,MELAKA,JASIN,77300,true
MEB1065,SEKOLAH MENENGAH KEBANGSAAN TAN SRI HAJI ABDUL AZIZ TAPA,SMK,MELAKA,JASIN,77000,true
MEB2090,SEKOLAH MENENGAH KEBANGSAAN TINGGI MELAKA,SMK,MELAKA,MELAKA TENGAH,75000,true
MEB2091,SEKOLAH MENENGAH KEBANGSAAN GAJAH BERANG,SMK,MELAKA,MELAKA TENGAH,75200,true
MEB2092,SEKOLAH MENENGAH KEBANGSAAN TINGGI PEREMPUAN,SMK,MELAKA,MELAKA TENGAH,75400,true
MEB2093,SEKOLAH MENENGAH KEBANGSAAN TINGGI ST DAVID,SMK,MELAKA,MELAKA TENGAH,75150,true
MEB2094,SEKOLAH MENENGAH KEBANGSAAN METHODIST (ACS) MELAKA ( M ),SMK,MELAKA,MELAKA TENGAH,75200,true
MEB2095,SEKOLAH MENENGAH KEBANGSAAN PEREMPUAN METHODIST,SMK,MELAKA,MELAKA TENGAH,75200,true
MEB2096,SEKOLAH MENENGAH KEBANGSAAN ST FRANCIS,SMK,MELAKA,MELAKA TENGAH,75000,true
MEB2097,SEKOLAH MENENGAH KEBANGSAAN INFANT JESUS CONVENT,SMK,MELAKA,MELAKA TENGAH,75000,true
MEB2098,SEKOLAH MENENGAH KEBANGSAAN CANOSSA CONVENT ( M ),SMK,MELAKA,MELAKA TENGAH,75050,true
MEB2099,SEKOLAH MENENGAH KEBANGSAAN KATHOLIK,SMK,MELAKA,MELAKA TENGAH,75200,true
MEB2100,SEKOLAH MENENGAH KEBANGSAAN NOTRE DAME CONVENT,SMK,MELAKA,MELAKA TENGAH,75200,true
MEB2101,SEKOLAH MENENGAH KEBANGSAAN YOK BIN,SMK,MELAKA,MELAKA TENGAH,75050,true
MEB2102,SEKOLAH MENENGAH KEBANGSAAN TUN TUAH,SMK,MELAKA,MELAKA TENGAH,75200,true
MEB2103,KOLEJ TINGKATAN ENAM TUN FATIMAH,KT6,MELAKA,MELAKA TENGAH,75400,true
MEB2104,SEKOLAH MENENGAH KEBANGSAAN TINGGI CINA MELAKA,SMK,MELAKA,MELAKA TENGAH,75250,true
MEB2145,SEKOLAH MENENGAH KEBANGSAAN SERI KOTA,SMK,MELAKA,MELAKA TENGAH,75050,true
MEE0074,SEKOLAH MENENGAH KEBANGSAAN SULTAN MANSOR SHAH,SMK,MELAKA,ALOR GAJAH,73000,true
MEE0075,SEKOLAH MENENGAH KEBANGSAAN DATO' DOL SAID,SMK,MELAKA,ALOR GAJAH,78000,true
MEE0094,SEKOLAH MENENGAH KEBANGSAAN KEM TERENDAK,SMK,MELAKA,ALOR GAJAH,76200,true
MEE2141,SEKOLAH MENENGAH SAINS MUZAFFAR SHAH,SBP,MELAKA,MELAKA TENGAH,75450,true
MFT0001,SEKOLAH MENENGAH AGAMA AL-EHYA AL-KARIM,SM SABK,MELAKA,ALOR GAJAH,78300,true
MFT0002,SMA JAIM AL-ASYRAF,SM SABK,MELAKA,ALOR GAJAH,73000,true
MFT0003,SEKOLAH MENENGAH ARAB (JAIM) DARUL FALAH,SM SABK,MELAKA,ALOR GAJAH,78200,true
MFT1001,SEKOLAH MENENGAH ARAB ASSAIYIDAH KHADIJAH,SM SABK,MELAKA,JASIN,77300,true
MFT1002,SEKOLAH MENENGAH ARB.ASSYAKIRIN,SM SABK,MELAKA,JASIN,77500,true
MFT1003,SEKOLAH MENENGAH TAHFIZ AL QURAN (JAIM),SM SABK,MELAKA,JASIN,77000,true
MFT2001,SEKOLAH MENENGAH AGAMA JAIM AL AHMADI,SM SABK,MELAKA,MELAKA TENGAH,76300,true
MHA0001,KOLEJ VOKASIONAL DATUK SERI MOHD. ZIN,KV,MELAKA,ALOR GAJAH,78000,true
MHA1001,KOLEJ VOKASIONAL DATUK SERI ABU ZAHAR ISNIN,KV,MELAKA,JASIN,77000,true
MHA2002,KOLEJ VOKASIONAL MELAKA TENGAH,KV,MELAKA,MELAKA TENGAH,75450,true
MKB2144,SEKOLAH MENENGAH TEKNIK BUKIT PIATU,SMT,MELAKA,MELAKA TENGAH,75150,true
MRA1001,SEKOLAH BERASRAMA PENUH INTEGRASI SELANDAR,SBP,MELAKA,JASIN,77500,true
MRA1002,SEKOLAH MENENGAH KEBANGSAAN AGAMA TUN PERAK,SMKA,MELAKA,JASIN,77000,true
MRA2125,SEKOLAH MENENGAH KEBANGSAAN AGAMA SULTAN MUHAMMAD,SMKA,MELAKA,MELAKA TENGAH,75350,true
MRA2127,SEKOLAH MENENGAH KEBANGSAAN AGAMA SHARIFAH RODZIAH,SMKA,MELAKA,MELAKA TENGAH,75460,true
NEA0025,SEKOLAH MENENGAH KEBANGSAAN DATO' UNDANG MUSA AL-HAJ,SMK,NEGERI SEMBILAN,JEMPOL/JELEBU,71600,true
NEA0026,SEKOLAH MENENGAH KEBANGSAAN DATO' UNDANG SYED ALI AL-JUFRI SIMPANG GELAMI,SMK,NEGERI SEMBILAN,JEMPOL/JELEBU,71600,true
NEA1080,SEKOLAH MENENGAH KEBANGSAAN ZABA,SMK,NEGERI SEMBILAN,KUALA PILAH,72000,true
NEA1081,SEKOLAH MENENGAH KEBANGSAAN DANGI,SMK,NEGERI SEMBILAN,KUALA PILAH,73100,true
NEA1083,SEKOLAH MENENGAH KEBANGSAAN JUASSEH,SMK,NEGERI SEMBILAN,KUALA PILAH,72500,true
NEA1084,SEKOLAH MENENGAH KEBANGSAAN SENALING,SMK,NEGERI SEMBILAN,KUALA PILAH,72000,true
NEA2052,SEKOLAH MENENGAH KEBANGSAAN RAJA JUMAAT,SMK,NEGERI SEMBILAN,PORT DICKSON,71007,true
NEA2053,SEKOLAH MENENGAH KEBANGSAAN DATUK HAJI ABDUL SAMAD,SMK,NEGERI SEMBILAN,PORT DICKSON,71000,true
NEA2055,SEKOLAH MENENGAH KEBANGSAAN YAM TUAN RADIN,SMK,NEGERI SEMBILAN,PORT DICKSON,71010,true
NEA2056,SEKOLAH MENENGAH KEBANGSAAN KAMPUNG BARU SIRUSA,SMK,NEGERI SEMBILAN,PORT DICKSON,71050,true
NEA2057,SEKOLAH MENENGAH KEBANGSAAN INTAN PERDANA,SMK,NEGERI SEMBILAN,PORT DICKSON,71050,true
NEA3035,SEKOLAH MENENGAH KEBANGSAAN DATO' SEDIA RAJA,SMK,NEGERI SEMBILAN,REMBAU,71309,true
NEA3036,SEKOLAH MENENGAH KEBANGSAAN DATO' UNDANG HAJI ADNAN,SMK,NEGERI SEMBILAN,REMBAU,71350,true
NEA3037,SEKOLAH MENENGAH SAINS REMBAU,SBP,NEGERI SEMBILAN,REMBAU,71300,true
NEA3038,SEKOLAH MENENGAH KEBANGSAAN PEDAS,SMK,NEGERI SEMBILAN,REMBAU,71400,true
NEA4088,SEKOLAH MENENGAH KEBANGSAAN TUNKU AMPUAN DURAH,SMK,NEGERI SEMBILAN,SEREMBAN,70400,true
NEA4090,SEKOLAH MENENGAH KEBANGSAAN BUKIT MEWAH,SMK,NEGERI SEMBILAN,SEREMBAN,70100,true
NEA4098,SEKOLAH MENENGAH KEBANGSAAN DATO' SHAHARDIN,SMK,NEGERI SEMBILAN,SEREMBAN,71900,true
NEA4099,SEKOLAH MENENGAH KEBANGSAAN MAMBAU,SMK,NEGERI SEMBILAN,SEREMBAN,70300,true
NEA4100,SEKOLAH MENENGAH KEBANGSAAN SENAWANG,SMK,NEGERI SEMBILAN,SEREMBAN,70450,true
NEA4101,SEKOLAH MENENGAH KEBANGSAAN DATO' HAJI MOHD REDZA,SMK,NEGERI SEMBILAN,SEREMBAN,70400,true
NEA4102,SEKOLAH MENENGAH KEBANGSAAN PENDETA ZA'BA,SMK,NEGERI SEMBILAN,SEREMBAN,70400,true
NEA4103,SEKOLAH MENENGAH KEBANGSAAN KOMPLEKS KLIA,SMK,NEGERI SEMBILAN,SEREMBAN,71800,true
NEA4104,SEKOLAH MENENGAH KEBANGSAAN DESA CEMPAKA,SMK,NEGERI SEMBILAN,SEREMBAN,71800,true
NEA4105,SEKOLAH MENENGAH KEBANGSAAN TAMAN SEMARAK,SMK,NEGERI SEMBILAN,SEREMBAN,71800,true
NEA4106,SEKOLAH MENENGAH KEBANGSAAN SERI PAGI,SMK,NEGERI SEMBILAN,SEREMBAN,70450,true
NEA4107,SEKOLAH MENENGAH KEBANGSAAN TAMAN TUANKU JAAFAR,SMK,NEGERI SEMBILAN,SEREMBAN,71450,true
NEA4108,SEKOLAH MENENGAH SAINS TUANKU MUNAWIR,SBP,NEGERI SEMBILAN,SEREMBAN,70400,true
NEA4109,SEKOLAH MENENGAH KEBANGSAAN SEREMBAN 2,SMK,NEGERI SEMBILAN,SEREMBAN,70300,true
NEA4110,SEKOLAH MENENGAH KEBANGSAAN PANCHOR,SMK,NEGERI SEMBILAN,SEREMBAN,70400,true
NEA4111,SEKOLAH MENENGAH KEBANGSAAN SEREMBAN JAYA,SMK,NEGERI SEMBILAN,SEREMBAN,70450,true
NEA4112,SEKOLAH MENENGAH KEBANGSAAN BUKIT KEPAYANG,SMK,NEGERI SEMBILAN,SEREMBAN,70300,true
NEA4113,SEKOLAH MENENGAH KEBANGSAAN SEREMBAN JAYA 2,SMK,NEGERI SEMBILAN,SEREMBAN,70450,true
NEA4114,SEKOLAH MENENGAH KEBANGSAAN TAMAN FOREST HEIGHTS,SMK,NEGERI SEMBILAN,SEREMBAN,70450,true
NEA4115,SEKOLAH MENENGAH KEBANGSAAN WARISAN PUTERI,SMK,NEGERI SEMBILAN,SEREMBAN,70400,true
NEA4116,SEKOLAH MENENGAH KEBANGSAAN DATO' SHAMSUDIN NAIN,SMK,NEGERI SEMBILAN,SEREMBAN,71200,true
NEA4117,SEKOLAH MENENGAH KEBANGSAAN SEREMBAN 3,SMK,NEGERI SEMBILAN,SEREMBAN,70300,true
NEA4118,SEKOLAH MENENGAH SAINS TUANKU AISHAH ROHANI,SBP,NEGERI SEMBILAN,SEREMBAN,70400,true
NEA4119,SEKOLAH MENENGAH KEBANGSAAN CHAN WA II,SMK,NEGERI SEMBILAN,SEREMBAN,70200,true
NEA4120,SEKOLAH MENENGAH KEBANGSAAN BANDAR BARU SRI SENDAYAN,SMK,NEGERI SEMBILAN,SEREMBAN,71950,true
NEA4121,SEKOLAH MENENGAH KEBANGSAAN BANDAR ENSTEK,SMK,NEGERI SEMBILAN,SEREMBAN,71760,true
NEA4122,SEKOLAH MENENGAH KEBANGSAAN NILAI IMPIAN,SMK,NEGERI SEMBILAN,SEREMBAN,71800,true
NEA5051,SEKOLAH MENENGAH KEBANGSAAN PASIR BESAR,SMK,NEGERI SEMBILAN,TAMPIN,73420,true
NEA5052,SEKOLAH MENENGAH KEBANGSAAN TUNKU SYED IDRUS,SMK,NEGERI SEMBILAN,TAMPIN,73000,true
NEA5054,SEKOLAH MENENGAH KEBANGSAAN BUKIT ROKAN,SMK,NEGERI SEMBILAN,TAMPIN,73200,true
NEA5055,SEKOLAH MENENGAH KEBANGSAAN GEMAS,SMK,NEGERI SEMBILAN,TAMPIN,73400,true
NEA5056,SEKOLAH MENENGAH KEBANGSAAN JELAI,SMK,NEGERI SEMBILAN,TAMPIN,73480,true
NEA5057,SEKOLAH MENENGAH KEBANGSAAN TAMAN INDAH,SMK,NEGERI SEMBILAN,TAMPIN,73000,true
NEA6001,SEKOLAH MENENGAH KEBANGSAAN BAHAU,SMK,NEGERI SEMBILAN,JEMPOL/JELEBU,72100,true
NEA6002,SEKOLAH MENENGAH KEBANGSAAN (FELDA) PASOH 2,SMK,NEGERI SEMBILAN,JEMPOL/JELEBU,72300,true
NEA6003,SEKOLAH MENENGAH KEBANGSAAN SERI PERPATIH,SMK,NEGERI SEMBILAN,JEMPOL/JELEBU,73430,true
NEA6004,SEKOLAH MENENGAH KEBANGSAAN JELAI,SMK,NEGERI SEMBILAN,KUALA PILAH,73100,true
NEA6005,SEKOLAH MENENGAH KEBANGSAAN (FELDA) PALONG DUA,SMK,NEGERI SEMBILAN,JEMPOL/JELEBU,73450,true
NEA6006,SEKOLAH MENENGAH KEBANGSAAN (FELDA) LUI BARAT,SMK,NEGERI SEMBILAN,JEMPOL/JELEBU,72120,true
NEA6007,SEKOLAH MENENGAH KEBANGSAAN (FELDA) PALONG 7,SMK,NEGERI SEMBILAN,JEMPOL/JELEBU,73470,true
NEA6008,SEKOLAH MENENGAH KEBANGSAAN (FELDA) BANDAR BARU SERTING,SMK,NEGERI SEMBILAN,JEMPOL/JELEBU,72120,true
NEA6009,SEKOLAH MENENGAH KEBANGSAAN SERTING HILIR KOMPLEKS,SMK,NEGERI SEMBILAN,JEMPOL/JELEBU,72120,true
NEA6010,SEKOLAH MENENGAH KEBANGSAAN ALAM BERAJA,SMK,NEGERI SEMBILAN,JEMPOL/JELEBU,73430,true
NEA6011,SEKOLAH MENENGAH KEBANGSAAN SERI JEMPOL,SMK,NEGERI SEMBILAN,JEMPOL/JELEBU,72120,true
NEA6012,SEKOLAH MENENGAH KEBANGSAAN BAHAU 2,SMK,NEGERI SEMBILAN,JEMPOL/JELEBU,72100,true
NEB0026,SEKOLAH MENENGAH KEBANGSAAN UNDANG JELEBU,SMK,NEGERI SEMBILAN,JEMPOL/JELEBU,71600,true
NEB0027,SEKOLAH MENENGAH KEBANGSAAN PERTANG,SMK,NEGERI SEMBILAN,JEMPOL/JELEBU,72300,true
NEB1081,SEKOLAH MENENGAH KEBANGSAAN TUANKU MUHAMMAD,SMK,NEGERI SEMBILAN,KUALA PILAH,72000,true
NEB1082,SEKOLAH MENENGAH KEBANGSAAN TUNKU KURSHIAH,SMK,NEGERI SEMBILAN,KUALA PILAH,72000,true
NEB1083,SEKOLAH MENENGAH KEBANGSAAN CHUNG HUA,SMK,NEGERI SEMBILAN,KUALA PILAH,72000,true
NEB2054,SEKOLAH MENENGAH KEBANGSAAN TINGGI PORT DICKSON,SMK,NEGERI SEMBILAN,PORT DICKSON,71000,true
NEB3036,SEKOLAH MENENGAH KEBANGSAAN UNDANG REMBAU,SMK,NEGERI SEMBILAN,REMBAU,71309,true
NEB4089,SEKOLAH MENENGAH KEBANGSAAN KING GEORGE V,SMK,NEGERI SEMBILAN,SEREMBAN,70100,true
NEB4090,SEKOLAH MENENGAH KEBANGSAAN ST PAUL,SMK,NEGERI SEMBILAN,SEREMBAN,70200,true
NEB4091,SEKOLAH MENENGAH KEBANGSAAN METHODIST ACS,SMK,NEGERI SEMBILAN,SEREMBAN,70000,true
NEB4092,SEKOLAH MENENGAH KEBANGSAAN PUTERI,SMK,NEGERI SEMBILAN,SEREMBAN,70200,true
NEB4093,SEKOLAH MENENGAH KEBANGSAAN SERI AMPANGAN,SMK,NEGERI SEMBILAN,SEREMBAN,70400,true
NEB4094,SEKOLAH MENENGAH KEBANGSAAN CHAN WA,SMK,NEGERI SEMBILAN,SEREMBAN,70200,true
NEB4095,SEKOLAH MENENGAH KEBANGSAAN TUNKU AMPUAN NAJIHAH,SMK,NEGERI SEMBILAN,SEREMBAN,70200,true
NEB4096,KOLEJ TUNKU KURSHIAH,SBP,NEGERI SEMBILAN,SEREMBAN,71760,true
NEB4097,SEKOLAH MENENGAH KEBANGSAAN DATO SHEIKH AHMAD,SMK,NEGERI SEMBILAN,SEREMBAN,70400,true
NEB4137,SEKOLAH MENENGAH DATUK ABDUL RAZAK,SBP,NEGERI SEMBILAN,SEREMBAN,71450,true
NEB6001,SEKOLAH MENENGAH KEBANGSAAN CHI WEN,SMK,NEGERI SEMBILAN,JEMPOL/JELEBU,72100,true
NEE0028,SEKOLAH MENENGAH KEBANGSAAN TERIANG HILIR,SMK,NEGERI SEMBILAN,JEMPOL/JELEBU,72400,true
NEE1086,SEKOLAH MENENGAH KEBANGSAAN TUNKU BESAR BURHANUDDIN,SMK,NEGERI SEMBILAN,KUALA PILAH,71550,true
NEE1087,SEKOLAH MENENGAH KEBANGSAAN DATO' ABDUL SAMAD,SMK,NEGERI SEMBILAN,KUALA PILAH,71500,true
NEE1088,SEKOLAH MENENGAH KEBANGSAAN DATUK UNDANG ABDUL MANAP,SMK,NEGERI SEMBILAN,KUALA PILAH,73100,true
NEE1098,SEKOLAH MENENGAH SAINS TUANKU JAAFAR,SBP,NEGERI SEMBILAN,KUALA PILAH,72000,true
NEE2057,SEKOLAH MENENGAH KEBANGSAAN DATUK MUHAMMAD YUSOF,SMK,NEGERI SEMBILAN,PORT DICKSON,71150,true
NEE2064,SEKOLAH MENENGAH KEBANGSAAN PASIR PANJANG,SMK,NEGERI SEMBILAN,PORT DICKSON,71250,true
NEE2065,SEKOLAH MENENGAH KEBANGSAAN TANAH MERAH,SMK,NEGERI SEMBILAN,PORT DICKSON,71960,true
NEE2068,SEKOLAH MENENGAH KEBANGSAAN BUKIT SAUJANA,SMK,NEGERI SEMBILAN,PORT DICKSON,71050,true
NEE3037,SEKOLAH MENENGAH KEBANGSAAN DATUK ABDULLAH,SMK,NEGERI SEMBILAN,REMBAU,71350,true
NEE4098,SEKOLAH MENENGAH KEBANGSAAN DATO' KLANA PUTRA,SMK,NEGERI SEMBILAN,SEREMBAN,71750,true
NEE4099,SEKOLAH MENENGAH KEBANGSAAN RANTAU,SMK,NEGERI SEMBILAN,SEREMBAN,71200,true
NEE4100,SEKOLAH MENENGAH KEBANGSAAN DATO' MOHD SAID,SMK,NEGERI SEMBILAN,SEREMBAN,71800,true
NEE4101,SEKOLAH MENENGAH KEBANGSAAN MANTIN,SMK,NEGERI SEMBILAN,SEREMBAN,71700,true
NEE4102,SEKOLAH MENENGAH KEBANGSAAN (FELDA) SERI SENDAYAN,SMK,NEGERI SEMBILAN,SEREMBAN,71950,true
NEE5037,SEKOLAH MENENGAH KEBANGSAAN TUNKU BESAR,SMK,NEGERI SEMBILAN,TAMPIN,73000,true
NEE5038,SEKOLAH MENENGAH KEBANGSAAN TUANKU ABDUL RAHMAN,SMK,NEGERI SEMBILAN,TAMPIN,73400,true
NEE5039,SEKOLAH MENENGAH KEBANGSAAN BUKIT JALOR,SMK,NEGERI SEMBILAN,TAMPIN,73200,true
NEE5040,SEKOLAH MENENGAH KEBANGSAAN DATO' MOHD TAHA,SMK,NEGERI SEMBILAN,TAMPIN,73200,true
NEE6001,SEKOLAH MENENGAH KEBANGSAAN DATUK MANSOR,SMK,NEGERI SEMBILAN,JEMPOL/JELEBU,72100,true
NEE6002,SEKOLAH MENENGAH KEBANGSAAN BATU KIKIR,MODEL KHAS,NEGERI SEMBILAN,JEMPOL/JELEBU,72200,true
NFT0001,SEKOLAH MENENGAH AGAMA KUALA KLAWANG,SM SABK,NEGERI SEMBILAN,JEMPOL/JELEBU,71600,true
NFT0002,SEKOLAH MENENGAH AGAMA DATO' HAJI TAN AHMAD,SM SABK,NEGERI SEMBILAN,JEMPOL/JELEBU,72400,true
NFT1001,SEKOLAH MENENGAH RENDAH AGAMA JOHOL,SM SABK,NEGERI SEMBILAN,KUALA PILAH,73100,true
NFT1002,SEKOLAH MENENGAH AGAMA ULU JEMPOL,SM SABK,NEGERI SEMBILAN,KUALA PILAH,72200,true
NFT1003,SEKOLAH MENENGAH AGAMA SAINS KUALA PILAH,SM SABK,NEGERI SEMBILAN,KUALA PILAH,73100,true
NFT2001,SEKOLAH MENENGAH AGAMA CHUAH,SM SABK,NEGERI SEMBILAN,PORT DICKSON,71960,true
NFT2002,SEKOLAH MENENGAH AGAMA TELOK KEMANG,SM SABK,NEGERI SEMBILAN,PORT DICKSON,71050,true
NFT3001,SEKOLAH MENENGAH AGAMA HAJI MOHD.YATIM,SM SABK,NEGERI SEMBILAN,REMBAU,71350,true
NFT3002,SEKOLAH MENENGAH AGAMA REMBAU,SM SABK,NEGERI SEMBILAN,REMBAU,71300,true
NFT4001,SEKOLAH MENENGAH AGAMA RANTAU,SM SABK,NEGERI SEMBILAN,SEREMBAN,71200,true
NFT4002,SEKOLAH MENENGAH AGAMA NILAI,SM SABK,NEGERI SEMBILAN,SEREMBAN,71800,true
NFT4003,SEKOLAH MENENGAH AGAMA DATO' KLANA PETRA MAAMOR,SM SABK,NEGERI SEMBILAN,SEREMBAN,70400,true
NFT5001,SEKOLAH MENENGAH AGAMA REPAH,SM SABK,NEGERI SEMBILAN,TAMPIN,73000,true
NFT5002,SEKOLAH MENENGAH AGAMA GEMAS,SM SABK,NEGERI SEMBILAN,TAMPIN,73400,true
NFT6001,SEKOLAH MENENGAH AGAMA HAJI MUHAMAD,SM SABK,NEGERI SEMBILAN,JEMPOL/JELEBU,72100,true
NFT6002,SEKOLAH MENENGAH AGAMA DATO' HAJI MUSTAFA,SM SABK,NEGERI SEMBILAN,JEMPOL/JELEBU,72200,true
NHA0001,KOLEJ VOKASIONAL KUALA KLAWANG,KV,NEGERI SEMBILAN,JEMPOL/JELEBU,71600,true
NHA1001,KOLEJ VOKASIONAL JUASSEH,KV,NEGERI SEMBILAN,KUALA PILAH,72500,true
NHA2002,KOLEJ VOKASIONAL PORT DICKSON,KV,NEGERI SEMBILAN,PORT DICKSON,71000,true
NHA3001,KOLEJ VOKASIONAL DATO' UNDANG HJ. MUHAMAD SHARIP,KV,NEGERI SEMBILAN,REMBAU,71300,true
NHA3002,KOLEJ VOKASIONAL DATO LELA MAHARAJA,KV,NEGERI SEMBILAN,REMBAU,71300,true
NHA4001,KOLEJ VOKASIONAL AMPANGAN,KV,NEGERI SEMBILAN,SEREMBAN,70400,true
NKE4144,SMT TUANKU JAAFAR,SMT,NEGERI SEMBILAN,SEREMBAN,70400,true
NRA3001,SEKOLAH MENENGAH KEBANGSAAN AGAMA DATO' HAJI ABU HASSAN HAJI SAIL,SMKA,NEGERI SEMBILAN,REMBAU,71400,true
NRA4001,SEKOLAH MENENGAH KEBANGSAAN AGAMA SHEIKH HJ MOHD SAID,SMKA,NEGERI SEMBILAN,SEREMBAN,70400,true
NRA4002,SEKOLAH MENENGAH AGAMA PERSEKUTUAN LABU,SBP,NEGERI SEMBILAN,SEREMBAN,71900,true
NRA6001,SEKOLAH BERASRAMA PENUH INTEGRASI JEMPOL,SBP,NEGERI SEMBILAN,JEMPOL/JELEBU,72200,true
PEA0001,SEKOLAH MENENGAH KEBANGSAAN PRAI,SMK,PULAU PINANG,SEBERANG PRAI TENGAH,13700,true
PEA0002,SEKOLAH MENENGAH KEBANGSAAN BERAPIT,SMK,PULAU PINANG,SEBERANG PRAI TENGAH,14000,true
PEA0003,SEKOLAH MENENGAH KEBANGSAAN GUAR PERAHU,SMK,PULAU PINANG,SEBERANG PRAI TENGAH,14400,true
PEA0004,SEKOLAH MENENGAH KEBANGSAAN SEBERANG JAYA,SMK,PULAU PINANG,SEBERANG PRAI TENGAH,13700,true
PEA0005,SEKOLAH MENENGAH KEBANGSAAN PERMATANG RAWA,SMK,PULAU PINANG,SEBERANG PRAI TENGAH,14000,true
PEA0006,SEKOLAH MENENGAH KEBANGSAAN SAMA GAGAH,SMK,PULAU PINANG,SEBERANG PRAI TENGAH,13500,true
PEA0007,SEKOLAH MENENGAH KEBANGSAAN TAMAN INDERAWASIH,SMK,PULAU PINANG,SEBERANG PRAI TENGAH,13600,true
PEA0008,SEKOLAH MENENGAH KEBANGSAAN ALMA,SMK,PULAU PINANG,SEBERANG PRAI TENGAH,14000,true
PEA0009,SEKOLAH MENENGAH KEBANGSAAN MENGKUANG,SMK,PULAU PINANG,SEBERANG PRAI TENGAH,14000,true
PEA0010,SEKOLAH MENENGAH KEBANGSAAN PERMAI INDAH,SMK,PULAU PINANG,SEBERANG PRAI TENGAH,14000,true
PEA0011,SEKOLAH MENENGAH KEBANGSAAN TAMAN SEJAHTERA,SMK,PULAU PINANG,SEBERANG PRAI TENGAH,14000,true
PEA0012,SEKOLAH MENENGAH KEBANGSAAN BANDAR BARU PERDA,SMK,PULAU PINANG,SEBERANG PRAI TENGAH,14000,true
PEA0013,SEKOLAH MENENGAH KEBANGSAAN PAUH JAYA,SMK,PULAU PINANG,SEBERANG PRAI TENGAH,13700,true
PEA0014,SEKOLAH MENENGAH KEBANGSAAN TUN HUSSEIN ONN,SMK,PULAU PINANG,SEBERANG PRAI TENGAH,13700,true
PEA0015,SEKOLAH MENENGAH KEBANGSAAN TAMAN PERWIRA,SMK,PULAU PINANG,SEBERANG PRAI TENGAH,14100,true
PEA0016,SEKOLAH MENENGAH KEBANGSAAN PERMATANG PASIR,SMK,PULAU PINANG,SEBERANG PRAI TENGAH,13500,true
PEA0017,SEKOLAH MENENGAH KEBANGSAAN MACHANG BUBUK,SMK,PULAU PINANG,SEBERANG PRAI TENGAH,14020,true
PEA0018,SEKOLAH MENENGAH KEBANGSAAN GUAR PERAHU INDAH,SMK,PULAU PINANG,SEBERANG PRAI TENGAH,14400,true
PEA1090,SEKOLAH MENENGAH KEBANGSAAN ABDULLAH MUNSHI,SMK,PULAU PINANG,TIMUR LAUT,10460,true
PEA1091,SEKOLAH MENENGAH KEBANGSAAN (P) SRI MUTIARA,SMK,PULAU PINANG,TIMUR LAUT,10460,true
PEA1092,SEKOLAH MENENGAH KEBANGSAAN HUTCHINGS,SMK,PULAU PINANG,TIMUR LAUT,10200,true
PEA1093,SEKOLAH MENENGAH KEBANGSAAN BUKIT GAMBIR,SMK,PULAU PINANG,TIMUR LAUT,11700,true
PEA1094,SEKOLAH MENENGAH KEBANGSAAN AIR ITAM,SMK,PULAU PINANG,TIMUR LAUT,11500,true
PEA1210,SEKOLAH MENENGAH KEBANGSAAN HAMID KHAN,SMK,PULAU PINANG,TIMUR LAUT,11700,true
PEA1211,SEKOLAH MENENGAH KEBANGSAAN TELOK KUMBAR,SMK,PULAU PINANG,BARAT DAYA,11920,true
PEA1212,SEKOLAH MENENGAH KEBANGSAAN BUKIT JAMBUL,SMK,PULAU PINANG,TIMUR LAUT,11700,true
PEA1213,SEKOLAH MENENGAH KEBANGSAAN SUNGAI NIBONG,SMK,PULAU PINANG,TIMUR LAUT,11900,true
PEA2051,SEKOLAH MENENGAH KEBANGSAAN PERMATANG TOK JAYA,MODEL KHAS,PULAU PINANG,SEBERANG PERAI UTARA,13800,true
PEA2052,SEKOLAH MENENGAH KEBANGSAAN DATUK HAJI AHMAD SAID,SMK,PULAU PINANG,SEBERANG PERAI UTARA,13800,true
PEA2053,SEKOLAH MENENGAH KEBANGSAAN DATUK ONN,SMK,PULAU PINANG,SEBERANG PERAI UTARA,13000,true
PEA2054,SEKOLAH MENENGAH KEBANGSAAN DATUK HAJI AHMAD BADAWI,SMK,PULAU PINANG,SEBERANG PERAI UTARA,13200,true
PEA2055,SEKOLAH MENENGAH KEBANGSAAN SRI MUDA,SMK,PULAU PINANG,SEBERANG PERAI UTARA,13100,true
PEA2056,SEKOLAH MENENGAH KEBANGSAAN CHUNG LING BUTTERWORTH,SMK,PULAU PINANG,SEBERANG PERAI UTARA,13400,true
PEA2057,SEKOLAH MENENGAH KEBANGSAAN TELOK AIR TAWAR,SMK,PULAU PINANG,SEBERANG PERAI UTARA,13050,true
PEA2058,SEKOLAH MENENGAH KEBANGSAAN DATO' KAILAN,SMK,PULAU PINANG,SEBERANG PERAI UTARA,13200,true
PEA2082,SEKOLAH MENENGAH KEBANGSAAN MAK MANDIN,SMK,PULAU PINANG,SEBERANG PERAI UTARA,13400,true
PEA2083,SEKOLAH MENENGAH KEBANGSAAN BAGAN JAYA,SMK,PULAU PINANG,SEBERANG PERAI UTARA,13400,true
PEA2084,SEKOLAH MENENGAH KEBANGSAAN POKOK SENA,SMK,PULAU PINANG,SEBERANG PERAI UTARA,13220,true
PEA2085,SEKOLAH MENENGAH KEBANGSAAN KAMPONG SELAMAT,SMK,PULAU PINANG,SEBERANG PERAI UTARA,13300,true
PEA2086,SEKOLAH MENENGAH KEBANGSAAN BERTAM INDAH,SMK,PULAU PINANG,SEBERANG PERAI UTARA,13200,true
PEA2087,SEKOLAH MENENGAH KEBANGSAAN KEPALA BATAS,SMK,PULAU PINANG,SEBERANG PERAI UTARA,13200,true
PEA2088,SEKOLAH MENENGAH KEBANGSAAN DATO' HAJI HASSAN NOH,SMK,PULAU PINANG,SEBERANG PERAI UTARA,13100,true
PEA2089,KOLEJ TINGKATAN ENAM DESA MURNI,KT6,PULAU PINANG,SEBERANG PERAI UTARA,13800,true
PEA2090,SEKOLAH MENENGAH KEBANGSAAN GEMILANG,SMK,PULAU PINANG,SEBERANG PERAI UTARA,13050,true
PEA2091,SEKOLAH MENENGAH SAINS KEPALA BATAS,SBP,PULAU PINANG,SEBERANG PERAI UTARA,13200,true
PEA2092,SEKOLAH MENENGAH KEBANGSAAN BERTAM PERDANA,SMK,PULAU PINANG,SEBERANG PERAI UTARA,13200,true
PEA2093,SEKOLAH MENENGAH KEBANGSAAN TASEK GELUGOR,SMK,PULAU PINANG,SEBERANG PERAI UTARA,13300,true
PEA3033,SEKOLAH MENENGAH KEBANGSAAN RAJA TUN UDA,SMK,PULAU PINANG,BARAT DAYA,11950,true
PEA3034,SEKOLAH MENENGAH KEBANGSAAN SERI BALIK PULAU,SMK,PULAU PINANG,BARAT DAYA,11020,true
PEA3035,SEKOLAH MENENGAH KEBANGSAAN BATU MAUNG,SMK,PULAU PINANG,BARAT DAYA,11960,true
PEA3036,SEKOLAH MENENGAH KEBANGSAAN TELUK BAHANG,SMK,PULAU PINANG,BARAT DAYA,11050,true
PEA3037,SEKOLAH MENENGAH KEBANGSAAN SERI BAYU,SMK,PULAU PINANG,BARAT DAYA,11920,true
PEA3038,SEKOLAH MENENGAH KEBANGSAAN PONDOK UPEH,SMK,PULAU PINANG,BARAT DAYA,11000,true
PEA3039,SEKOLAH MENENGAH KEBANGSAAN BAYAN LEPAS,SMK,PULAU PINANG,BARAT DAYA,11900,true
PEA4001,SEKOLAH MENENGAH KEBANGSAAN SUNGAI ACHEH,SMK,PULAU PINANG,SEBERANG PRAI SELATAN,14310,true
PEA4002,SEKOLAH MENENGAH KEBANGSAAN VALDOR,SMK,PULAU PINANG,SEBERANG PRAI SELATAN,14200,true
PEA4003,SEKOLAH MENENGAH KEBANGSAAN SERI NIBONG,SMK,PULAU PINANG,SEBERANG PRAI SELATAN,14300,true
PEA4004,SEKOLAH MENENGAH KEBANGSAAN MUTIARA IMPIAN,SMK,PULAU PINANG,SEBERANG PRAI SELATAN,14100,true
PEA4005,SEKOLAH MENENGAH KEBANGSAAN JAWI,SMK,PULAU PINANG,SEBERANG PRAI SELATAN,14200,true
PEA4006,SEKOLAH MENENGAH KEBANGSAAN TAMAN WIDURI,SMK,PULAU PINANG,SEBERANG PRAI SELATAN,14200,true
PEA4007,SEKOLAH MENENGAH KEBANGSAAN SAUJANA INDAH,SMK,PULAU PINANG,SEBERANG PRAI SELATAN,14300,true
PEA4008,SEKOLAH MENENGAH KEBANGSAAN BATU KAWAN,SMK,PULAU PINANG,SEBERANG PRAI SELATAN,14110,true
PEA4009,SEKOLAH MENENGAH KEBANGSAAN BANDAR TASEK MUTIARA,SMK,PULAU PINANG,SEBERANG PRAI SELATAN,14120,true
PEA4010,SEKOLAH MENENGAH KEBANGSAAN TASEK,SMK,PULAU PINANG,SEBERANG PRAI SELATAN,14120,true
PEA4011,SEKOLAH MENENGAH KEBANGSAAN JIT SIN II,SMK,PULAU PINANG,SEBERANG PRAI SELATAN,14120,true
PEB0042,SEKOLAH MENENGAH KEBANGSAAN TINGGI BUKIT MERTAJAM,SMK,PULAU PINANG,SEBERANG PRAI TENGAH,14000,true
PEB0043,SEKOLAH MENENGAH KEBANGSAAN JALAN DAMAI,SMK,PULAU PINANG,SEBERANG PRAI TENGAH,14000,true
PEB0044,SEKOLAH MENENGAH KEBANGSAAN CONVENT (M) BUKIT MERTAJAM,SMK,PULAU PINANG,SEBERANG PRAI TENGAH,14000,true
PEB0045,SEKOLAH MENENGAH KEBANGSAAN JIT SIN,SMK,PULAU PINANG,SEBERANG PRAI TENGAH,14000,true
PEB1093,SEKOLAH MENENGAH KEBANGSAAN PEREMPUAN CHINA PULAU PINANG,SMK,PULAU PINANG,TIMUR LAUT,10350,true
PEB1094,PENANG FREE SCHOOL,SMK,PULAU PINANG,TIMUR LAUT,11600,true
PEB1095,SEKOLAH MENENGAH KEBANGSAAN CHUNG HWA CONFUCIAN,SMK,PULAU PINANG,TIMUR LAUT,11600,true
PEB1096,SEKOLAH MENENGAH KEBANGSAAN CHUNG LING,SMK,PULAU PINANG,TIMUR LAUT,11400,true
PEB1097,SEKOLAH MENENGAH KEBANGSAAN CONVENT GREEN LANE,SMK,PULAU PINANG,TIMUR LAUT,11600,true
PEB1098,SEKOLAH MENENGAH KEBANGSAAN CONVENT DATUK KERAMAT,SMK,PULAU PINANG,TIMUR LAUT,10150,true
PEB1099,SEKOLAH MENENGAH KEBANGSAAN CONVENT LEBUH LIGHT,SMK,PULAU PINANG,TIMUR LAUT,10200,true
PEB1100,SEKOLAH MENENGAH KEBANGSAAN CONVENT PULAU TIKUS,SMK,PULAU PINANG,TIMUR LAUT,10250,true
PEB1102,SEKOLAH MENENGAH KEBANGSAAN GEORGETOWN,SMK,PULAU PINANG,TIMUR LAUT,11600,true
PEB1103,SEKOLAH MENENGAH KEBANGSAAN HENG EE,SMK,PULAU PINANG,TIMUR LAUT,11600,true
PEB1106,SEKOLAH MENENGAH KEBANGSAAN (L) METHODIST,SMK,PULAU PINANG,TIMUR LAUT,10460,true
PEB1107,SEKOLAH MENENGAH KEBANGSAAN (P) METHODIST,SMK,PULAU PINANG,TIMUR LAUT,10400,true
PEB1108,SEKOLAH MENENGAH KEBANGSAAN PHOR TAY,SMK,PULAU PINANG,TIMUR LAUT,11700,true
PEB1109,SEKOLAH MENENGAH KEBANGSAAN (P) ST GEORGE,SMK,PULAU PINANG,TIMUR LAUT,10450,true
PEB1110,SEKOLAH MENENGAH KEBANGSAAN ST XAVIER,SMK,PULAU PINANG,TIMUR LAUT,10200,true
PEB1112,SEKOLAH MENENGAH KEBANGSAAN TUNKU PUAN HABSAH,SMK,PULAU PINANG,TIMUR LAUT,10450,true
PEB1113,SEKOLAH MENENGAH KEBANGSAAN UNION,SMK,PULAU PINANG,TIMUR LAUT,10450,true
PEB1114,SEKOLAH MENENGAH KEBANGSAAN WESTLANDS,SMK,PULAU PINANG,TIMUR LAUT,10400,true
PEB2059,SEKOLAH MENENGAH KEBANGSAAN CONVENT BUTTERWORTH,SMK,PULAU PINANG,SEBERANG PERAI UTARA,12100,true
PEB2060,SEKOLAH MENENGAH KEBANGSAAN KAMPONG KASTAM,SMK,PULAU PINANG,SEBERANG PERAI UTARA,12300,true
PEB2061,SEKOLAH MENENGAH KEBANGSAAN DATUK HJ ABDUL KADIR,SMK,PULAU PINANG,SEBERANG PERAI UTARA,13200,true
PEB2062,SEKOLAH MENENGAH KEBANGSAAN ST MARK,SMK,PULAU PINANG,SEBERANG PERAI UTARA,13000,true
PEB3036,SEKOLAH MENENGAH KEBANGSAAN SACRED HEART,SMK,PULAU PINANG,BARAT DAYA,11000,true
PEB3038,SEKOLAH MENENGAH KEBANGSAAN SUNGAI ARA,SMK,PULAU PINANG,BARAT DAYA,11900,true
PEB4038,SEKOLAH MENENGAH KEBANGSAAN METHODIST,SMK,PULAU PINANG,SEBERANG PRAI SELATAN,14300,true
PEE0040,SEKOLAH MENENGAH KEBANGSAAN BUKIT MERTAJAM,SMK,PULAU PINANG,SEBERANG PRAI TENGAH,14000,true
PEE0041,SEKOLAH MENENGAH KEBANGSAAN PENANTI,SMK,PULAU PINANG,SEBERANG PRAI TENGAH,14400,true
PEE0051,SEKOLAH MENENGAH SAINS TUN SYED SHEH SHAHABUDDIN,SBP,PULAU PINANG,SEBERANG PRAI TENGAH,14000,true
PEE1092,SEKOLAH MENENGAH KEBANGSAAN TANJONG BUNGA,SMK,PULAU PINANG,TIMUR LAUT,11200,true
PEE1101,SEKOLAH MENENGAH KEBANGSAAN DATUK HJ. MOHAMED NOR AHMAD,SMK,PULAU PINANG,TIMUR LAUT,11700,true
PEE1104,SEKOLAH MENENGAH KEBANGSAAN JELUTONG,SMK,PULAU PINANG,TIMUR LAUT,11600,true
PEE1111,KOLEJ TINGKATAN ENAM HAJI ZAINUL ABIDIN,KT6,PULAU PINANG,TIMUR LAUT,11600,true
PEE1115,SEKOLAH MENENGAH KEBANGSAAN PADANG POLO,SMK,PULAU PINANG,TIMUR LAUT,10450,true
PEE1118,SEKOLAH MENENGAH KEBANGSAAN PENDIDIKAN KHAS PERSEKUTUAN,SM KHAS,PULAU PINANG,TIMUR LAUT,11200,true
PEE2056,SEKOLAH MENENGAH KEBANGSAAN BAKTI,SMK,PULAU PINANG,SEBERANG PERAI UTARA,13300,true
PEE4035,SEKOLAH MENENGAH KEBANGSAAN SIMPANG EMPAT,SMK,PULAU PINANG,SEBERANG PRAI SELATAN,14100,true
PEE4036,SEKOLAH MENENGAH KEBANGSAAN TUN SYED SHEH BARAKBAH,SMK,PULAU PINANG,SEBERANG PRAI SELATAN,14200,true
PEE4037,SEKOLAH MENENGAH KEBANGSAAN TUNKU ABDUL RAHMAN,SMK,PULAU PINANG,SEBERANG PRAI SELATAN,14300,true
PFT0001,SMA DAERATUL MAARIFIL WATANIAH 2,SM SABK,PULAU PINANG,SEBERANG PRAI TENGAH,14400,true
PFT0002,SEKOLAH MENENGAH AGAMA AL-AHMADIAH AL-IJTIMAIAH,SM SABK,PULAU PINANG,SEBERANG PRAI TENGAH,14000,true
PFT0003,SEKOLAH MENENGAH ISLAM AL-MASRIYAH,SM SABK,PULAU PINANG,SEBERANG PRAI TENGAH,14000,true
PFT0004,SMA FAQIAH DAIMIAH,SM SABK,PULAU PINANG,SEBERANG PRAI TENGAH,13500,true
PFT0005,SEKOLAH MENENGAH AGAMA AL MAAHADUL ISLAMI TASEK JUNJUNG,SM SABK,PULAU PINANG,SEBERANG PRAI TENGAH,14120,true
PFT1001,SMA TARBIAH ISLAMIAH,SM SABK,PULAU PINANG,TIMUR LAUT,10150,true
PFT2001,SMA DAERATUL MA'ARIFIL WATANIAH SATU,SM SABK,PULAU PINANG,SEBERANG PERAI UTARA,13200,true
PFT2002,MAKTAB WAN JAH,SM SABK,PULAU PINANG,SEBERANG PERAI UTARA,12200,true
PFT2003,MAAHAD AL-IMAM AN-NAWAWI,SM SABK,PULAU PINANG,SEBERANG PERAI UTARA,13200,true
PFT2004,MADRASAH KHAIRIAH ISLAMIAH,SM SABK,PULAU PINANG,SEBERANG PERAI UTARA,13220,true
PFT3001,SMA MAAHAD AL MASHOOR AL ISLAMI,SM SABK,PULAU PINANG,BARAT DAYA,11000,true
PHA0001,KOLEJ VOKASIONAL SEBERANG PERAI,KV,PULAU PINANG,SEBERANG PRAI TENGAH,14000,true
PHA1001,KOLEJ VOKASIONAL BATU LANCHANG,KV,PULAU PINANG,TIMUR LAUT,11600,true
PHA2001,KOLEJ VOKASIONAL BUTTERWORTH,KV,PULAU PINANG,SEBERANG PERAI UTARA,13050,true
PHA3001,KOLEJ VOKASIONAL BALIK PULAU,KV,PULAU PINANG,BARAT DAYA,11000,true
PHA4002,KOLEJ VOKASIONAL NIBONG TEBAL,KV,PULAU PINANG,SEBERANG PRAI SELATAN,14300,true
PKB1116,SMT TUNKU ABD RAHMAN,SMT,PULAU PINANG,TIMUR LAUT,11400,true
PRA1001,SEKOLAH MENENGAH KEBANGSAAN AGAMA (L) AL-MASHOOR,SMKA,PULAU PINANG,TIMUR LAUT,10460,true
PRA1002,SEKOLAH MENENGAH KEBANGSAAN AGAMA (P) ALMASHOOR,SMKA,PULAU PINANG,TIMUR LAUT,10050,true
PRA2003,SEKOLAH MENENGAH KEBANGSAAN AGAMA AL-IRSHAD,SMKA,PULAU PINANG,SEBERANG PERAI UTARA,13220,true
PRA4001,SEKOLAH MENENGAH KEBANGSAAN AGAMA SYEIKH ABDULLAH FAHIM,SMKA,PULAU PINANG,SEBERANG PRAI SELATAN,14300,true
REA0054,SEKOLAH MENENGAH KEBANGSAAN DATO' SHEIKH AHMAD,SMK,PERLIS,JPN PERLIS,02600,true
REA0055,SEKOLAH MENENGAH KEBANGSAAN SYED AHMAD,SMK,PERLIS,JPN PERLIS,02600,true
REA0056,SEKOLAH MENENGAH KEBANGSAAN SYED HASSAN,SMK,PERLIS,JPN PERLIS,01000,true
REA0074,SEKOLAH MENENGAH KEBANGSAAN RAJA PUAN MUDA TENGKU FAUZIAH,SMK,PERLIS,JPN PERLIS,02200,true
REA0076,SEKOLAH MENENGAH KEBANGSAAN KUALA PERLIS,SMK,PERLIS,JPN PERLIS,02000,true
REA0077,SEKOLAH MENENGAH KEBANGSAAN DATUK JAAFAR HASSAN,SMK,PERLIS,JPN PERLIS,02450,true
REA0078,SEKOLAH MENENGAH KEBANGSAAN ARAU,SMK,PERLIS,JPN PERLIS,02600,true
REA0079,SEKOLAH MENENGAH KEBANGSAAN SANGLANG,SMK,PERLIS,JPN PERLIS,02800,true
REA0080,SEKOLAH MENENGAH KEBANGSAAN ABI,SMK,PERLIS,JPN PERLIS,01000,true
REA0081,SEKOLAH MENENGAH KEBANGSAAN PADANG BESAR UTARA,SMK,PERLIS,JPN PERLIS,02100,true
REA0082,SEKOLAH MENENGAH KEBANGSAAN TENGKU BUDRIAH,SMK,PERLIS,JPN PERLIS,02600,true
REA0083,SEKOLAH MENENGAH KEBANGSAAN DATO' ALI AHMAD,SMK,PERLIS,JPN PERLIS,01000,true
REA0084,SEKOLAH MENENGAH KEBANGSAAN TUANKU LAILATUL SHAHREEN,SMK,PERLIS,JPN PERLIS,01000,true
REA0085,SEKOLAH MENENGAH KEBANGSAAN BESERI,SMK,PERLIS,JPN PERLIS,02400,true
REA0086,SEKOLAH MENENGAH KEBANGSAAN MATA AYER,SMK,PERLIS,JPN PERLIS,02500,true
REA0087,SEKOLAH MENENGAH KEBANGSAAN GUAR NANGKA,SMK,PERLIS,JPN PERLIS,02500,true
REB0057,SEKOLAH MENENGAH KEBANGSAAN PUTRA,SMK,PERLIS,JPN PERLIS,01000,true
REB0058,SEKOLAH MENENGAH KEBANGSAAN PERLIS,SMK,PERLIS,JPN PERLIS,01000,true
REE0059,SEKOLAH MENENGAH KEBANGSAAN DERMA,SMK,PERLIS,JPN PERLIS,01000,true
REE0060,SEKOLAH MENENGAH KEBANGSAAN SYED ALWI,SMK,PERLIS,JPN PERLIS,01000,true
REE0061,SEKOLAH MENENGAH KEBANGSAAN SYED SAFFI,SMK,PERLIS,JPN PERLIS,02700,true
REE0062,SEKOLAH MENENGAH KEBANGSAAN SYED SIRAJUDDIN,SMK,PERLIS,JPN PERLIS,02600,true
REE0063,SEKOLAH MENENGAH KEBANGSAAN TENGKU SULAIMAN,SMK,PERLIS,JPN PERLIS,02400,true
REE0072,SEKOLAH MENENGAH SAINS TUANKU SYED PUTRA,SBP,PERLIS,JPN PERLIS,01000,true
RFT0001,SEKOLAH AGAMA AL-ISLAHIYAH (MENENGAH),SM SABK,PERLIS,JPN PERLIS,02700,true
RFT0002,SMA AL MADRASAH AL ALAWIYAH AD DINIAH,SM SABK,PERLIS,JPN PERLIS,02600,true
RHA0002,KOLEJ VOKASIONAL KANGAR,KV,PERLIS,JPN PERLIS,01000,true
RHA0003,KOLEJ VOKASIONAL ARAU,KV,PERLIS,JPN PERLIS,02600,true
RRA0001,SEKOLAH MENENGAH KEBANGSAAN AGAMA ARAU,SMKA,PERLIS,JPN PERLIS,02600,true
RRA0002,SEKOLAH MENENGAH KEBANGSAAN AGAMA (P) ALAWIYAH,SMKA,PERLIS,JPN PERLIS,01000,true
TEA0058,SEKOLAH MENENGAH KEBANGSAAN KUALA BESUT,SMK,TERENGGANU,BESUT,22300,true
TEA0059,SEKOLAH MENENGAH KEBANGSAAN SERI NERING,SMK,TERENGGANU,BESUT,22000,true
TEA0060,SEKOLAH MENENGAH KEBANGSAAN NASIRUDDIN SHAH,SMK,TERENGGANU,BESUT,22200,true
TEA0069,SEKOLAH MENENGAH KEBANGSAAN BUKIT PAYONG,SMK,TERENGGANU,BESUT,22010,true
TEA0070,SEKOLAH MENENGAH KEBANGSAAN RENEK,SMK,TERENGGANU,BESUT,22020,true
TEA0071,SEKOLAH MENENGAH KEBANGSAAN PELAGAT,SMK,TERENGGANU,BESUT,22000,true
TEA0072,SEKOLAH MENENGAH KEBANGSAAN TENGKU MAHMUD 2,SMK,TERENGGANU,BESUT,22200,true
TEA0073,SEKOLAH MENENGAH KEBANGSAAN PUTRA,SMK,TERENGGANU,BESUT,22000,true
TEA0074,SEKOLAH MENENGAH KEBANGSAAN PERMAISURI NUR ZAHIRAH,SMK,TERENGGANU,BESUT,22200,true
TEA0075,SEKOLAH MENENGAH KEBANGSAAN TEMBILA,SMK,TERENGGANU,BESUT,22200,true
TEA0076,SEKOLAH MENENGAH KEBANGSAAN SERI BUKIT PUTERI,SMK,TERENGGANU,BESUT,22300,true
TEA0077,SEKOLAH MENENGAH KEBANGSAAN JABI,SMK,TERENGGANU,BESUT,22020,true
TEA0078,SEKOLAH MENENGAH KEBANGSAAN TOK DOR,SMK,TERENGGANU,BESUT,22020,true
TEA0079,SEKOLAH MENENGAH KEBANGSAAN ALOR PEROI,SMK,TERENGGANU,BESUT,22300,true
TEA1027,SEKOLAH MENENGAH KEBANGSAAN PADANG PULUT,SMK,TERENGGANU,DUNGUN,23000,true
TEA1029,SEKOLAH MENENGAH KEBANGSAAN TENGKU INTAN ZAHARAH,SMK,TERENGGANU,DUNGUN,23000,true
TEA1030,SEKOLAH MENENGAH KEBANGSAAN PAKA,SMK,TERENGGANU,DUNGUN,23100,true
TEA1031,SEKOLAH MENENGAH KEBANGSAAN PULAU SERAI,SMK,TERENGGANU,DUNGUN,23000,true
TEA1032,SEKOLAH MENENGAH KEBANGSAAN DURIAN MAS,SMK,TERENGGANU,DUNGUN,23400,true
TEA1033,SEKOLAH MENENGAH KEBANGSAAN SERI DUNGUN,SMK,TERENGGANU,DUNGUN,23000,true
TEA1034,SEKOLAH MENENGAH KEBANGSAAN SURA,SMK,TERENGGANU,DUNGUN,23000,true
TEA1035,SEKOLAH MENENGAH KEBANGSAAN JERANGAU,SMK,TERENGGANU,DUNGUN,23200,true
TEA1036,SEKOLAH MENENGAH KEBANGSAAN SERI RASAU,SMK,TERENGGANU,DUNGUN,23300,true
TEA1037,SEKOLAH MENENGAH KEBANGSAAN KETENGAH JAYA,SMK,TERENGGANU,DUNGUN,23300,true
TEA1038,SEKOLAH MENENGAH SAINS DUNGUN,SBP,TERENGGANU,DUNGUN,23000,true
TEA1039,SEKOLAH MENENGAH KEBANGSAAN KUALA JENGAL,SMK,TERENGGANU,DUNGUN,23000,true
TEA1040,SEKOLAH MENENGAH KEBANGSAAN SERI PAKA,SMK,TERENGGANU,DUNGUN,23100,true
TEA1041,SEKOLAH MENENGAH KEBANGSAAN TEJA PUTRA,SMK,TERENGGANU,DUNGUN,23300,true
TEA1042,SEKOLAH MENENGAH KEBANGSAAN BUKIT BESI,SMK,TERENGGANU,DUNGUN,23200,true
TEA1043,SEKOLAH MENENGAH KEBANGSAAN BALAI BESAR,SMK,TERENGGANU,DUNGUN,23000,true
TEA1044,SEKOLAH MENENGAH KEBANGSAAN KOMPLEKS RANTAU ABANG,SMK,TERENGGANU,DUNGUN,23050,true
TEA1045,SEKOLAH MENENGAH KEBANGSAAN DATO' ENGKU BIJAYA SURA,SMK,TERENGGANU,DUNGUN,23100,true
TEA1046,SEKOLAH MENENGAH KEBANGSAAN KOMPLEKS PADANG JAMBU,SMK,TERENGGANU,DUNGUN,23000,true
TEA2019,SEKOLAH MENENGAH KEBANGSAAN KERTEH,SMK,TERENGGANU,KEMAMAN,24300,true
TEA2021,SEKOLAH MENENGAH KEBANGSAAN CHENEH BARU,SMK,TERENGGANU,KEMAMAN,24000,true
TEA2022,SEKOLAH MENENGAH KEBANGSAAN CHUKAI,SMK,TERENGGANU,KEMAMAN,24000,true
TEA2023,SEKOLAH MENENGAH KEBANGSAAN BADRUL ALAM SHAH,SMK,TERENGGANU,KEMAMAN,24200,true
TEA2024,SEKOLAH MENENGAH KEBANGSAAN AYER PUTEH,SMK,TERENGGANU,KEMAMAN,24050,true
TEA2026,SEKOLAH MENENGAH KEBANGSAAN KIJAL,SMK,TERENGGANU,KEMAMAN,24100,true
TEA2027,SEKOLAH MENENGAH KEBANGSAAN SULTAN ISMAIL 2,SMK,TERENGGANU,KEMAMAN,24000,true
TEA2028,SEKOLAH MENENGAH KEBANGSAAN GELIGA,SMK,TERENGGANU,KEMAMAN,24000,true
TEA2029,SEKOLAH MENENGAH KEBANGSAAN RANTAU PETRONAS,SMK,TERENGGANU,KEMAMAN,24300,true
TEA2030,SEKOLAH MENENGAH KEBANGSAAN FELDA NERAM,SMK,TERENGGANU,KEMAMAN,24060,true
TEA2031,SEKOLAH MENENGAH KEBANGSAAN RASAU KERTEH B5,SMK,TERENGGANU,KEMAMAN,24300,true
TEA2032,SEKOLAH MENENGAH KEBANGSAAN MAK LAGAM,SMK,TERENGGANU,KEMAMAN,24000,true
TEA2033,SEKOLAH MENENGAH KEBANGSAAN BUKIT MENTOK,SMK,TERENGGANU,KEMAMAN,24000,true
TEA2034,SEKOLAH MENENGAH KEBANGSAAN KAMPUNG BARU KERTEH,SMK,TERENGGANU,KEMAMAN,24300,true
TEA2035,SEKOLAH MENENGAH KEBANGSAAN BINJAI,SMK,TERENGGANU,KEMAMAN,24000,true
TEA2036,SEKOLAH MENENGAH KEBANGSAAN SERI BANDI,SMK,TERENGGANU,KEMAMAN,24220,true
TEA2037,SEKOLAH MENENGAH KEBANGSAAN CHERUL,SMK,TERENGGANU,KEMAMAN,24000,true
TEA2038,SEKOLAH MENENGAH KEBANGSAAN SERI CHENEH,SMK,TERENGGANU,KEMAMAN,24000,true
TEA2039,SEKOLAH MENENGAH KEBANGSAAN BUKIT KUANG,SMK,TERENGGANU,KEMAMAN,24000,true
TEA2040,SEKOLAH MENENGAH KEBANGSAAN BANGGOL,SMK,TERENGGANU,KEMAMAN,24000,true
TEA2041,SEKOLAH MENENGAH KEBANGSAAN PERMAI,SMK,TERENGGANU,KEMAMAN,24000,true
TEA3081,SEKOLAH MENENGAH KEBANGSAAN MEGAT PANJI ALAM,SMK,TERENGGANU,KUALA TERENGGANU,21100,true
TEA3083,SEKOLAH MENENGAH KEBANGSAAN PADANG MIDIN,SMK,TERENGGANU,KUALA TERENGGANU,21400,true
TEA3085,SEKOLAH MENENGAH KEBANGSAAN SERI BUDIMAN,SMK,TERENGGANU,KUALA TERENGGANU,20400,true
TEA3088,SEKOLAH MENENGAH KEBANGSAAN MANIR,SMK,TERENGGANU,KUALA TERENGGANU,21200,true
TEA3110,SEKOLAH MENENGAH KEBANGSAAN BELARA,SMK,TERENGGANU,KUALA TERENGGANU,21200,true
TEA3112,SEKOLAH MENENGAH KEBANGSAAN SULTAN AHMAD,SMK,TERENGGANU,KUALA TERENGGANU,21000,true
TEA3117,SEKOLAH MENENGAH KEBANGSAAN CHENDERING,SMK,TERENGGANU,KUALA TERENGGANU,21080,true
TEA3118,SEKOLAH MENENGAH KEBANGSAAN SULTAN MANSOR,SMK,TERENGGANU,KUALA TERENGGANU,21070,true
TEA3119,SEKOLAH MENENGAH KEBANGSAAN BUKIT BESAR,SMK,TERENGGANU,KUALA TERENGGANU,20050,true
TEA3120,SEKOLAH MENENGAH KEBANGSAAN DATO' RAZALI ISMAIL,SMK,TERENGGANU,KUALA TERENGGANU,21100,true
TEA3122,SEKOLAH MENENGAH SAINS KUALA TERENGGANU,SBP,TERENGGANU,KUALA TERENGGANU,21100,true
TEA3123,SEKOLAH MENENGAH KEBANGSAAN SERI NILAM,SMK,TERENGGANU,KUALA TERENGGANU,20050,true
TEA3125,SEKOLAH MENENGAH KEBANGSAAN PADANG NEGARA,SMK,TERENGGANU,KUALA TERENGGANU,20400,true
TEA3128,SEKOLAH MENENGAH KEBANGSAAN DATO' HAJI MOHD SAID,SMK,TERENGGANU,KUALA TERENGGANU,21200,true
TEA3130,SEKOLAH MENENGAH KEBANGSAAN TENGKU MUHAMMAD ISMAIL,SMK,TERENGGANU,KUALA TERENGGANU,20400,true
TEA4011,SEKOLAH MENENGAH KEBANGSAAN MERCHANG,SMK,TERENGGANU,MARANG,21610,true
TEA4012,SEKOLAH MENENGAH KEBANGSAAN TUN TELANAI,SMK,TERENGGANU,MARANG,21400,true
TEA4013,SEKOLAH MENENGAH KEBANGSAAN BUKIT SAWA,SMK,TERENGGANU,MARANG,21400,true
TEA4014,SEKOLAH MENENGAH KEBANGSAAN TENGKU LELA SEGARA,SMK,TERENGGANU,MARANG,21600,true
TEA4015,SEKOLAH MENENGAH KEBANGSAAN PENGKALAN BERANGAN,SMK,TERENGGANU,MARANG,21040,true
TEA4016,SEKOLAH MENENGAH KEBANGSAAN RUSILA,SMK,TERENGGANU,MARANG,21080,true
TEA4017,SEKOLAH MENENGAH KEBANGSAAN SEBERANG MARANG,SMK,TERENGGANU,MARANG,21600,true
TEA4018,SEKOLAH MENENGAH KEBANGSAAN WAKAF TAPAI,SMK,TERENGGANU,MARANG,21040,true
TEA4019,SEKOLAH MENENGAH KEBANGSAAN DATUK AWANG JABAR,SMK,TERENGGANU,MARANG,21610,true
TEA4020,SEKOLAH MENENGAH KEBANGSAAN SERI PAYONG,SMK,TERENGGANU,MARANG,21400,true
TEA4021,SEKOLAH MENENGAH KEBANGSAAN SERI SERATING,SMK,TERENGGANU,MARANG,21600,true
TEA5035,SEKOLAH MENENGAH KEBANGSAAN MATANG,SMK,TERENGGANU,HULU TERENGGANU,21700,true
TEA5036,SEKOLAH MENENGAH KEBANGSAAN AJIL,SMK,TERENGGANU,HULU TERENGGANU,21800,true
TEA5037,SEKOLAH MENENGAH KEBANGSAAN LANDAS,SMK,TERENGGANU,HULU TERENGGANU,21820,true
TEA5038,SEKOLAH MENENGAH KEBANGSAAN MENERONG,SMK,TERENGGANU,HULU TERENGGANU,21800,true
TEA5039,SEKOLAH MENENGAH KEBANGSAAN SERI BERANG,SMK,TERENGGANU,HULU TERENGGANU,21700,true
TEA5040,SEKOLAH MENENGAH KEBANGSAAN KUALA TELEMONG,SMK,TERENGGANU,HULU TERENGGANU,21210,true
TEA5041,SEKOLAH MENENGAH KEBANGSAAN JENAGOR,SMK,TERENGGANU,HULU TERENGGANU,21700,true
TEA5042,SEKOLAH MENENGAH KEBANGSAAN KUALA JENDERIS,SMK,TERENGGANU,HULU TERENGGANU,21700,true
TEA5043,SEKOLAH MENENGAH KEBANGSAAN TUN INDERA,SMK,TERENGGANU,HULU TERENGGANU,21700,true
TEA5044,SEKOLAH MENENGAH KEBANGSAAN BUKIT DIMAN,SMK,TERENGGANU,HULU TERENGGANU,21800,true
TEA5045,SEKOLAH MENENGAH SAINS HULU TERENGGANU,SBP,TERENGGANU,HULU TERENGGANU,21700,true
TEA5046,SEKOLAH MENENGAH KEBANGSAAN TAPU,SMK,TERENGGANU,HULU TERENGGANU,21700,true
TEA5047,KOLEJ TINGKATAN ENAM HULU TERENGGANU,KT6,TERENGGANU,HULU TERENGGANU,21700,true
TEA6057,SEKOLAH MENENGAH KEBANGSAAN TENGKU IBRAHIM,SMK,TERENGGANU,SETIU,22100,true
TEA6080,SEKOLAH MENENGAH KEBANGSAAN SUNGAI TONG,SMK,TERENGGANU,SETIU,21500,true
TEA6081,SEKOLAH MENENGAH KEBANGSAAN PENAREK,SMK,TERENGGANU,SETIU,22120,true
TEA6082,SEKOLAH MENENGAH KEBANGSAAN SAUJANA,SMK,TERENGGANU,SETIU,22110,true
TEA6083,SEKOLAH MENENGAH KEBANGSAAN CHALOK,MODEL KHAS,TERENGGANU,SETIU,21450,true
TEA6084,SEKOLAH MENENGAH KEBANGSAAN PELONG,SMK,TERENGGANU,SETIU,21500,true
TEA6085,SEKOLAH MENENGAH KEBANGSAAN GUNTONG,SMK,TERENGGANU,SETIU,22100,true
TEA6086,SEKOLAH MENENGAH KEBANGSAAN LEMBAH BIDONG,SMK,TERENGGANU,SETIU,21010,true
TEA6087,SEKOLAH MENENGAH KEBANGSAAN PUTERA JAYA,SMK,TERENGGANU,SETIU,22100,true
TEA6088,SEKOLAH MENENGAH KEBANGSAAN LANGKAP,SMK,TERENGGANU,SETIU,21500,true
TEA6089,SEKOLAH MENENGAH KEBANGSAAN BUKIT NENAS,SMK,TERENGGANU,SETIU,21500,true
TEA6090,SEKOLAH MENENGAH SAINS SETIU,SBP,TERENGGANU,SETIU,22100,true
TEA7001,SEKOLAH MENENGAH KEBANGSAAN IBRAHIM FIKRI,SMK,TERENGGANU,KUALA NERUS,21300,true
TEA7002,SEKOLAH MENENGAH KEBANGSAAN TENGKU MIZAN ZAINAL ABIDIN,SMK,TERENGGANU,KUALA NERUS,21020,true
TEA7003,SEKOLAH MENENGAH KEBANGSAAN BUKIT GUNTONG,SMK,TERENGGANU,KUALA NERUS,21060,true
TEA7004,SEKOLAH MENENGAH KEBANGSAAN BUKIT TUNGGAL,SMK,TERENGGANU,KUALA NERUS,21200,true
TEA7005,SEKOLAH MENENGAH KEBANGSAAN KOMPLEKS MENGABANG TELIPOT,SMK,TERENGGANU,KUALA NERUS,21030,true
TEA7006,SEKOLAH MENENGAH KEBANGSAAN KOMPLEKS GONG BADAK,SMK,TERENGGANU,KUALA NERUS,21300,true
TEA7007,SEKOLAH MENENGAH KEBANGSAAN KOMPLEKS SEBERANG TAKIR,SMK,TERENGGANU,KUALA NERUS,21300,true
TEA7008,SEKOLAH MENENGAH KEBANGSAAN PADANG KEMUNTING,SMK,TERENGGANU,KUALA NERUS,21020,true
TEA7009,SEKOLAH MENENGAH KEBANGSAAN BATU RAKIT,SMK,TERENGGANU,KUALA NERUS,21020,true
TEA7010,SEKOLAH MENENGAH KEBANGSAAN KOMPLEKS TEMBESU,SMK,TERENGGANU,KUALA NERUS,21060,true
TEA7011,SEKOLAH SUKAN MALAYSIA TERENGGANU,SUKAN,TERENGGANU,KUALA NERUS,21300,true
TEB0062,SEKOLAH MENENGAH KEBANGSAAN TENGKU MAHMUD,SMK,TERENGGANU,BESUT,22200,true
TEB1031,SEKOLAH MENENGAH KEBANGSAAN SULTAN OMAR,SMK,TERENGGANU,DUNGUN,23000,true
TEB2025,SEKOLAH MENENGAH KEBANGSAAN SULTAN ISMAIL,SMK,TERENGGANU,KEMAMAN,24000,true
TEB3091,SEKOLAH MENENGAH KEBANGSAAN SULTAN SULAIMAN,SMK,TERENGGANU,KUALA TERENGGANU,20400,true
TEB3092,SEKOLAH MENENGAH KEBANGSAAN TENGKU BARIAH,SMK,TERENGGANU,KUALA TERENGGANU,21100,true
TEB3093,SEKOLAH MENENGAH KEBANGSAAN CHUNG HWA WEI SIN,SMK,TERENGGANU,KUALA TERENGGANU,21100,true
TEE5036,SEKOLAH MENENGAH KEBANGSAAN TENGKU AMPUAN INTAN,SMK,TERENGGANU,HULU TERENGGANU,21700,true
TEE7001,SEKOLAH MENENGAH SAINS SULTAN MAHMUD,SBP,TERENGGANU,KUALA NERUS,21300,true
TFT0001,SEKOLAH MENENGAH IMTIAZ YAYASAN TERENGGANU-BESUT,SM SABK,TERENGGANU,BESUT,22000,true
TFT0002,SMA ITTIFAKIAH,SM SABK,TERENGGANU,BESUT,22000,true
TFT0003,SMA MAARIF,SM SABK,TERENGGANU,BESUT,22200,true
TFT1001,SEKOLAH MENENGAH AGAMA SULTAN ISMAIL,SM SABK,TERENGGANU,DUNGUN,23000,true
TFT1002,SEKOLAH MENENGAH IMTIAZ YAYASAN TERENGGANU-DUNGUN,SM SABK,TERENGGANU,DUNGUN,23000,true
TFT2001,SMA AL FALAH,SM SABK,TERENGGANU,KEMAMAN,24000,true
TFT2002,SEKOLAH MENENGAH AGAMA IMTIAZ KEMAMAN,SM SABK,TERENGGANU,KEMAMAN,24100,true
TFT3001,SMA KHAIRIAH,SM SABK,TERENGGANU,KUALA TERENGGANU,20300,true
TFT3002,SMA (ATAS) SULTAN ZAINAL ABIDIN,SM SABK,TERENGGANU,KUALA TERENGGANU,20400,true
TFT3003,SMA SULTAN ZAINAL ABIDIN LADANG,SM SABK,TERENGGANU,KUALA TERENGGANU,20000,true
TFT3004,SEKOLAH MENENGAH IMTIAZ YAYASAN TERENGGANU-KUALA TERENGGANU,SM SABK,TERENGGANU,KUALA TERENGGANU,20050,true
TFT4001,SEKOLAH MENENGAH AGAMA MARANG,SM SABK,TERENGGANU,MARANG,21600,true
TFT5001,SEKOLAH MENENGAH IMTIAZ YAYASAN TERENGGANU-KUALA BERANG,SM SABK,TERENGGANU,HULU TERENGGANU,21700,true
TFT5002,SMA MAHMUDIAH,SM SABK,TERENGGANU,HULU TERENGGANU,21700,true
TFT6001,SEKOLAH MENENGAH AGAMA SETIU,SM SABK,TERENGGANU,SETIU,22100,true
TFT6002,SEKOLAH MENENGAH IMTIAZ YAYASAN TERENGGANU SETIU,SM SABK,TERENGGANU,SETIU,22110,true
THA0001,KOLEJ VOKASIONAL BESUT,KV,TERENGGANU,BESUT,22200,true
THA0002,KOLEJ VOKASIONAL SULTAN MIZAN,KV,TERENGGANU,BESUT,22200,true
THA1001,KOLEJ VOKASIONAL DUNGUN,KV,TERENGGANU,DUNGUN,23000,true
THA2002,KOLEJ VOKASIONAL KEMAMAN,KV,TERENGGANU,KEMAMAN,24000,true
THA5001,KOLEJ VOKASIONAL KUALA BERANG,KV,TERENGGANU,HULU TERENGGANU,21700,true
THA7001,KOLEJ VOKASIONAL WAKAF TEMBESU,KV,TERENGGANU,KUALA NERUS,21300,true
TKE7001,SEKOLAH MENENGAH TEKNIK KUALA TERENGGANU,SMT,TERENGGANU,KUALA NERUS,21300,true
TRA0001,SEKOLAH MENENGAH KEBANGSAAN AGAMA NURUL ITTIFAQ,SMKA,TERENGGANU,BESUT,22300,true
TRA0002,SEKOLAH MENENGAH KEBANGSAAN AGAMA WATANIAH,SMKA,TERENGGANU,BESUT,22000,true
TRA1001,SEKOLAH MENENGAH KEBANGSAAN (AGAMA) KUALA ABANG,SMKA,TERENGGANU,DUNGUN,23050,true
TRA3002,SEKOLAH MENENGAH KEBANGSAAN AGAMA SHEIKH ABDUL MALEK,SMKA,TERENGGANU,KUALA TERENGGANU,20400,true
TRA4016,SEKOLAH MENENGAH KEBANGSAAN (AGAMA) DURIAN GULING,SMKA,TERENGGANU,MARANG,21040,true
TRA7001,SEKOLAH MENENGAH KEBANGSAAN AGAMA DATO' HAJI ABBAS,SMKA,TERENGGANU,KUALA NERUS,21060,true
TRA7002,SEKOLAH BERASRAMA PENUH INTEGRASI BATU RAKIT,SBP,TERENGGANU,KUALA NERUS,21020,true
WEA0194,SEKOLAH MENENGAH KEBANGSAAN TAMAN BUKIT MALURI,SMK,WILAYAH PERSEKUTUAN KUALA LUMPUR,PPW SENTUL,52100,true
WEA0195,SEKOLAH MENENGAH KEBANGSAAN SUNGAI BESI,SMK,WILAYAH PERSEKUTUAN KUALA LUMPUR,PPW BANGSAR PUDU,57000,true
WEA0196,SEKOLAH MENENGAH KEBANGSAAN AMINUDDIN BAKI,SMK,WILAYAH PERSEKUTUAN KUALA LUMPUR,PPW BANGSAR PUDU,55100,true
WEA0197,SEKOLAH MENENGAH KEBANGSAAN PUTERI WILAYAH,SMK,WILAYAH PERSEKUTUAN KUALA LUMPUR,PPW KERAMAT,50300,true
WEA0198,KOLEJ TINGKATAN ENAM PUDU JAYA,KT6,WILAYAH PERSEKUTUAN KUALA LUMPUR,PPW BANGSAR PUDU,55100,true
WEA0199,SEKOLAH MENENGAH KEBANGSAAN PADANG TEMBAK,SMK,WILAYAH PERSEKUTUAN KUALA LUMPUR,PPW KERAMAT,54100,true
WEA0201,SEKOLAH MENENGAH KEBANGSAAN PETALING,SMK,WILAYAH PERSEKUTUAN KUALA LUMPUR,PPW BANGSAR PUDU,58200,true
WEA0202,SEKOLAH MENENGAH KEBANGSAAN RAJA ALI,SMK,WILAYAH PERSEKUTUAN KUALA LUMPUR,PPW SENTUL,51200,true
WEA0206,SEKOLAH MENENGAH SAINS SELANGOR,SBP,WILAYAH PERSEKUTUAN KUALA LUMPUR,PPW BANGSAR PUDU,56000,true
WEA0208,SEKOLAH MENENGAH KEBANGSAAN KEPONG BARU,SMK,WILAYAH PERSEKUTUAN KUALA LUMPUR,PPW SENTUL,52100,true
WEA0210,SEKOLAH MENENGAH KEBANGSAAN TAMAN TUN DR. ISMAIL,SMK,WILAYAH PERSEKUTUAN KUALA LUMPUR,PPW BANGSAR PUDU,60000,true
WEA0211,SEKOLAH MENENGAH KEBANGSAAN PENDIDIKAN KHAS SETAPAK,SM KHAS,WILAYAH PERSEKUTUAN KUALA LUMPUR,PPW KERAMAT,53300,true
WEA0212,SEKOLAH MENENGAH KEBANGSAAN TAMAN DESA,SMK,WILAYAH PERSEKUTUAN KUALA LUMPUR,PPW BANGSAR PUDU,58100,true
WEA0213,SEKOLAH MENENGAH KEBANGSAAN BUKIT BANDARAYA,SMK,WILAYAH PERSEKUTUAN KUALA LUMPUR,PPW BANGSAR PUDU,59000,true
WEA0214,SEKOLAH MENENGAH KEBANGSAAN WANGSA MAJU SEKSYEN 2,SMK,WILAYAH PERSEKUTUAN KUALA LUMPUR,PPW KERAMAT,53300,true
WEA0215,SEKOLAH MENENGAH KEBANGSAAN ZON R1 WANGSA MAJU,SMK,WILAYAH PERSEKUTUAN KUALA LUMPUR,PPW KERAMAT,53300,true
WEA0216,SEKOLAH MENENGAH KEBANGSAAN TAMAN CONNAUGHT,SMK,WILAYAH PERSEKUTUAN KUALA LUMPUR,PPW BANGSAR PUDU,56000,true
WEA0217,SEKOLAH MENENGAH KEBANGSAAN BANDAR BARU SENTUL,SMK,WILAYAH PERSEKUTUAN KUALA LUMPUR,PPW SENTUL,51000,true
WEA0218,SEKOLAH MENENGAH KEBANGSAAN BANDAR BARU SERI PETALING,SMK,WILAYAH PERSEKUTUAN KUALA LUMPUR,PPW BANGSAR PUDU,57000,true
WEA0219,SEKOLAH MENENGAH KEBANGSAAN TAMAN YARL,SMK,WILAYAH PERSEKUTUAN KUALA LUMPUR,PPW BANGSAR PUDU,58200,true
WEA0220,SEKOLAH MENENGAH KEBANGSAAN SERI HARTAMAS,SMK,WILAYAH PERSEKUTUAN KUALA LUMPUR,PPW BANGSAR PUDU,50480,true
WEA0221,SEKOLAH MENENGAH KEBANGSAAN TAMAN SERI RAMPAI,SMK,WILAYAH PERSEKUTUAN KUALA LUMPUR,PPW KERAMAT,53300,true
WEA0222,SEKOLAH MENENGAH KEBANGSAAN BANDAR TUN RAZAK,SMK,WILAYAH PERSEKUTUAN KUALA LUMPUR,PPW BANGSAR PUDU,56000,true
WEA0223,SEKOLAH MENENGAH KEBANGSAAN DESA PERDANA,SMK,WILAYAH PERSEKUTUAN KUALA LUMPUR,PPW BANGSAR PUDU,58100,true
WEA0224,SEKOLAH MENENGAH KEBANGSAAN TAMAN MELATI,SMK,WILAYAH PERSEKUTUAN KUALA LUMPUR,PPW KERAMAT,53100,true
WEA0225,SEKOLAH MENENGAH KEBANGSAAN SEKSYEN 5 WANGSA MAJU,SMK,WILAYAH PERSEKUTUAN KUALA LUMPUR,PPW KERAMAT,53300,true
WEA0226,SEKOLAH MENENGAH KEBANGSAAN DESA TUN HUSSEIN ONN,SMK,WILAYAH PERSEKUTUAN KUALA LUMPUR,PPW KERAMAT,54200,true
WEA0227,SEKOLAH MENENGAH KEBANGSAAN MENJALARA,SMK,WILAYAH PERSEKUTUAN KUALA LUMPUR,PPW SENTUL,52100,true
WEA0228,SEKOLAH MENENGAH KEBANGSAAN SEGAMBUT JAYA,SMK,WILAYAH PERSEKUTUAN KUALA LUMPUR,PPW SENTUL,51200,true
WEA0229,SEKOLAH MENENGAH KEBANGSAAN WANGSA MELAWATI,SMK,WILAYAH PERSEKUTUAN KUALA LUMPUR,PPW KERAMAT,53300,true
WEA0230,SEKOLAH SUKAN BUKIT JALIL,SUKAN,WILAYAH PERSEKUTUAN KUALA LUMPUR,PPW BANGSAR PUDU,57000,true
WEA0231,SEKOLAH MENENGAH KEBANGSAAN DATO' IBRAHIM YAACOB,SMK,WILAYAH PERSEKUTUAN KUALA LUMPUR,PPW SENTUL,51200,true
WEA0232,SEKOLAH MENENGAH KEBANGSAAN TAMAN SETIAWANGSA,SMK,WILAYAH PERSEKUTUAN KUALA LUMPUR,PPW KERAMAT,54200,true
WEA0233,SEKOLAH MENENGAH KEBANGSAAN BANDAR TASIK SELATAN,SMK,WILAYAH PERSEKUTUAN KUALA LUMPUR,PPW BANGSAR PUDU,57000,true
WEA0234,SEKOLAH MENENGAH KEBANGSAAN BATU MUDA,SMK,WILAYAH PERSEKUTUAN KUALA LUMPUR,PPW SENTUL,51100,true
WEA0235,SEKOLAH MENENGAH KEBANGSAAN SETAPAK INDAH,SMK,WILAYAH PERSEKUTUAN KUALA LUMPUR,PPW KERAMAT,53100,true
WEA0236,SEKOLAH MENENGAH KEBANGSAAN SINAR BINTANG,SMK,WILAYAH PERSEKUTUAN KUALA LUMPUR,PPW SENTUL,52100,true
WEA0237,SEKOLAH MENENGAH KEBANGSAAN SERI SAUJANA,SMK,WILAYAH PERSEKUTUAN KUALA LUMPUR,PPW BANGSAR PUDU,57000,true
WEA0238,SEKOLAH MENENGAH KEBANGSAAN MIHARJA,SMK,WILAYAH PERSEKUTUAN KUALA LUMPUR,PPW BANGSAR PUDU,55200,true
WEA0239,SEKOLAH MENENGAH KEBANGSAAN BUKIT JALIL,SMK,WILAYAH PERSEKUTUAN KUALA LUMPUR,PPW BANGSAR PUDU,57000,true
WEA0240,SEKOLAH MENENGAH KEBANGSAAN DESA PETALING,SMK,WILAYAH PERSEKUTUAN KUALA LUMPUR,PPW BANGSAR PUDU,57100,true
WEA0241,SEKOLAH MENENGAH KEBANGSAAN SERI BINTANG SELATAN,SMK,WILAYAH PERSEKUTUAN KUALA LUMPUR,PPW BANGSAR PUDU,56100,true
WEA0242,SEKOLAH MENENGAH KEBANGSAAN DANAU KOTA,SMK,WILAYAH PERSEKUTUAN KUALA LUMPUR,PPW KERAMAT,53300,true
WEA0243,SEKOLAH MENENGAH KEBANGSAAN SEGAMBUT,SMK,WILAYAH PERSEKUTUAN KUALA LUMPUR,PPW SENTUL,51200,true
WEA0244,SEKOLAH MENENGAH KEBANGSAAN SERI MULIA,SMK,WILAYAH PERSEKUTUAN KUALA LUMPUR,PPW BANGSAR PUDU,56000,true
WEA0245,SEKOLAH MENENGAH KEBANGSAAN SERI TASIK,SMK,WILAYAH PERSEKUTUAN KUALA LUMPUR,PPW BANGSAR PUDU,56000,true
WEA0246,SEKOLAH MENENGAH KEBANGSAAN SERI PERMAISURI,SMK,WILAYAH PERSEKUTUAN KUALA LUMPUR,PPW BANGSAR PUDU,56000,true
WEA0247,SEKOLAH MENENGAH SAINS ALAM SHAH,SBP,WILAYAH PERSEKUTUAN KUALA LUMPUR,PPW BANGSAR PUDU,56000,true
WEA0248,SEKOLAH MENENGAH SAINS SERI PUTERI,SBP,WILAYAH PERSEKUTUAN KUALA LUMPUR,PPW SENTUL,51200,true
WEA0249,SEKOLAH MENENGAH KEBANGSAAN KIARAMAS,SMK,WILAYAH PERSEKUTUAN KUALA LUMPUR,PPW SENTUL,50480,true
WEA0250,SEKOLAH MENENGAH KEBANGSAAN SERI MUTIARA,SMK,WILAYAH PERSEKUTUAN KUALA LUMPUR,PPW BANGSAR PUDU,56000,true
WEA0251,SEKOLAH MENENGAH KEBANGSAAN COCHRANE PERKASA,SMK,WILAYAH PERSEKUTUAN KUALA LUMPUR,PPW BANGSAR PUDU,55100,true
WEA0252,SEKOLAH MENENGAH KEBANGSAAN ALAM DAMAI,SMK,WILAYAH PERSEKUTUAN KUALA LUMPUR,PPW BANGSAR PUDU,56000,true
WEA0253,SEKOLAH MENENGAH KEBANGSAAN SENTUL UTAMA,SMK,WILAYAH PERSEKUTUAN KUALA LUMPUR,PPW SENTUL,51200,true
WEA0255,SEKOLAH BIMBINGAN JALINAN KASIH,SBJK,WILAYAH PERSEKUTUAN KUALA LUMPUR,PPW KERAMAT,50300,true
WEA0256,KOLEJ TINGKATAN ENAM DESA MAHKOTA,KT6,WILAYAH PERSEKUTUAN KUALA LUMPUR,PPW SENTUL,52200,true
WEA0257,SEKOLAH MENENGAH KEBANGSAAN ORKID DESA,SMK,WILAYAH PERSEKUTUAN KUALA LUMPUR,PPW BANGSAR PUDU,56000,true
WEA0258,SEKOLAH SENI MALAYSIA KUALA LUMPUR,SENI,WILAYAH PERSEKUTUAN KUALA LUMPUR,PPW BANGSAR PUDU,55100,true
WEA0259,SEKOLAH MENENGAH KEBANGSAAN KERAMAT WANGSA,SMK,WILAYAH PERSEKUTUAN KUALA LUMPUR,PPW KERAMAT,54200,true
WEA0260,SEKOLAH MENENGAH KEBANGSAAN TIARA PERMAI,SMK,WILAYAH PERSEKUTUAN KUALA LUMPUR,PPW SENTUL,51200,true
WEA1001,SEKOLAH MENENGAH SAINS LABUAN,SBP,WILAYAH PERSEKUTUAN LABUAN,JPWP LABUAN,87032,true
WEA1002,SEKOLAH MENENGAH KEBANGSAAN LAJAU,SMK,WILAYAH PERSEKUTUAN LABUAN,JPWP LABUAN,87025,true
WEA1003,SEKOLAH MENENGAH KEBANGSAAN TAMAN PERUMAHAN BEDAUN,SMK,WILAYAH PERSEKUTUAN LABUAN,JPWP LABUAN,87028,true
WEA1004,SEKOLAH MENENGAH KEBANGSAAN PANTAI,SMK,WILAYAH PERSEKUTUAN LABUAN,JPWP LABUAN,87027,true
WEA1005,SEKOLAH MENENGAH KEBANGSAAN RANCHA-RANCHA,SMK,WILAYAH PERSEKUTUAN LABUAN,JPWP LABUAN,87024,true
WEA2001,SEKOLAH MENENGAH KEBANGSAAN PUTRAJAYA PRESINT 8(1),SMK,WILAYAH PERSEKUTUAN PUTRAJAYA,JPWP PUTRAJAYA,62250,true
WEA2002,SEKOLAH MENENGAH KEBANGSAAN PUTRAJAYA PRESINT 9(1),SMK,WILAYAH PERSEKUTUAN PUTRAJAYA,JPWP PUTRAJAYA,62250,true
WEA2003,SEKOLAH MENENGAH KEBANGSAAN PUTRAJAYA PRESINT 16(1),SMK,WILAYAH PERSEKUTUAN PUTRAJAYA,JPWP PUTRAJAYA,62150,true
WEA2004,SEKOLAH MENENGAH KEBANGSAAN PUTRAJAYA PRESINT 11(1),SMK,WILAYAH PERSEKUTUAN PUTRAJAYA,JPWP PUTRAJAYA,62300,true
WEA2005,SEKOLAH MENENGAH KEBANGSAAN PUTRAJAYA PRESINT 9(2),SMK,WILAYAH PERSEKUTUAN PUTRAJAYA,JPWP PUTRAJAYA,62250,true
WEA2006,SEKOLAH SULTAN ALAM SHAH,SBP,WILAYAH PERSEKUTUAN PUTRAJAYA,JPWP PUTRAJAYA,62520,true
WEA2007,SEKOLAH MENENGAH KEBANGSAAN PUTRAJAYA PRESINT 14(1),SMK,WILAYAH PERSEKUTUAN PUTRAJAYA,JPWP PUTRAJAYA,62300,true
WEA2008,SEKOLAH MENENGAH KEBANGSAAN PUTRAJAYA PRESINT 11(2),SMK,WILAYAH PERSEKUTUAN PUTRAJAYA,JPWP PUTRAJAYA,62300,true
WEA2009,SEKOLAH MENENGAH KEBANGSAAN PUTRAJAYA PRESINT 18(1),SMK,WILAYAH PERSEKUTUAN PUTRAJAYA,JPWP PUTRAJAYA,62150,true
WEA2010,SEKOLAH MENENGAH KEBANGSAAN PUTRAJAYA PRESINT 5(1),SMK,WILAYAH PERSEKUTUAN PUTRAJAYA,JPWP PUTRAJAYA,62000,true
WEB0206,SEKOLAH MENENGAH KEBANGSAAN SERI AMPANG,SMK,WILAYAH PERSEKUTUAN KUALA LUMPUR,PPW KERAMAT,55000,true
WEB0207,SEKOLAH MENENGAH KEBANGSAAN PUTERI AMPANG,SMK,WILAYAH PERSEKUTUAN KUALA LUMPUR,PPW KERAMAT,55000,true
WEB0208,SEKOLAH MENENGAH KEBANGSAAN (P) AIR PANAS,SMK,WILAYAH PERSEKUTUAN KUALA LUMPUR,PPW KERAMAT,53200,true
WEB0209,SEKOLAH MENENGAH KEBANGSAAN SERI BINTANG UTARA,SMK,WILAYAH PERSEKUTUAN KUALA LUMPUR,PPW BANGSAR PUDU,56100,true
WEB0210,SEKOLAH MENENGAH KEBANGSAAN CHERAS,SMK,WILAYAH PERSEKUTUAN KUALA LUMPUR,PPW BANGSAR PUDU,56000,true
WEB0211,SEKOLAH MENENGAH KEBANGSAAN COCHRANE,SMK,WILAYAH PERSEKUTUAN KUALA LUMPUR,PPW BANGSAR PUDU,55100,true
WEB0212,SEKOLAH MENENGAH KEBANGSAAN CONFUCIAN,SMK,WILAYAH PERSEKUTUAN KUALA LUMPUR,PPW BANGSAR PUDU,50150,true
WEB0213,SEKOLAH MENENGAH KEBANGSAAN CONVENT BUKIT NANAS,SMK,WILAYAH PERSEKUTUAN KUALA LUMPUR,PPW KERAMAT,50250,true
WEB0214,SEKOLAH MENENGAH KEBANGSAAN CONVENT JALAN PEEL,SMK,WILAYAH PERSEKUTUAN KUALA LUMPUR,PPW BANGSAR PUDU,55100,true
WEB0215,SEKOLAH MENENGAH KEBANGSAAN CONVENT SENTUL,SMK,WILAYAH PERSEKUTUAN KUALA LUMPUR,PPW SENTUL,51000,true
WEB0216,SEKOLAH MENENGAH KEBANGSAAN TINGGI SETAPAK,SMK,WILAYAH PERSEKUTUAN KUALA LUMPUR,PPW KERAMAT,53200,true
WEB0217,SEKOLAH MENENGAH KEBANGSAAN (P) BANDARAYA,SMK,WILAYAH PERSEKUTUAN KUALA LUMPUR,PPW BANGSAR PUDU,55100,true
WEB0218,SEKOLAH MENENGAH KEBANGSAAN MAXWELL,SMK,WILAYAH PERSEKUTUAN KUALA LUMPUR,PPW SENTUL,50480,true
WEB0219,SEKOLAH MENENGAH KEBANGSAAN (L) METHODIST,SMK,WILAYAH PERSEKUTUAN KUALA LUMPUR,PPW BANGSAR PUDU,50150,true
WEB0220,SEKOLAH MENENGAH KEBANGSAAN (L) METHODIST SENTUL,SMK,WILAYAH PERSEKUTUAN KUALA LUMPUR,PPW SENTUL,51000,true
WEB0221,SEKOLAH MENENGAH KEBANGSAAN (P) PUDU,SMK,WILAYAH PERSEKUTUAN KUALA LUMPUR,PPW BANGSAR PUDU,55200,true
WEB0222,SEKOLAH MENENGAH KEBANGSAAN ST. GABRIEL,SMK,WILAYAH PERSEKUTUAN KUALA LUMPUR,PPW BANGSAR PUDU,55100,true
WEB0223,ST. JOHN'S INSTITUTION,SMK,WILAYAH PERSEKUTUAN KUALA LUMPUR,PPW KERAMAT,50250,true
WEB0224,SEKOLAH MENENGAH KEBANGSAAN ST. MARY,SMK,WILAYAH PERSEKUTUAN KUALA LUMPUR,PPW SENTUL,52100,true
WEB0225,SEKOLAH MENENGAH KEBANGSAAN (P) METHODIST,SMK,WILAYAH PERSEKUTUAN KUALA LUMPUR,PPW BANGSAR PUDU,50480,true
WEB0226,VICTORIA INSTITUTION,SMK,WILAYAH PERSEKUTUAN KUALA LUMPUR,PPW BANGSAR PUDU,55200,true
WEB0227,SEKOLAH MENENGAH KEBANGSAAN DATOK LOKMAN,SMK,WILAYAH PERSEKUTUAN KUALA LUMPUR,PPW BANGSAR PUDU,55100,true
WEB0228,SEKOLAH MENENGAH KEBANGSAAN (P) JALAN IPOH,SMK,WILAYAH PERSEKUTUAN KUALA LUMPUR,PPW SENTUL,51200,true
WEB0229,SEKOLAH MENENGAH KEBANGSAAN SERI PANTAI,SMK,WILAYAH PERSEKUTUAN KUALA LUMPUR,PPW BANGSAR PUDU,59200,true
WEB0230,SEKOLAH MENENGAH KEBANGSAAN SERI SENTOSA,SMK,WILAYAH PERSEKUTUAN KUALA LUMPUR,PPW BANGSAR PUDU,58200,true
WEB0231,SEKOLAH MENENGAH KEBANGSAAN DATO' ONN,SMK,WILAYAH PERSEKUTUAN KUALA LUMPUR,PPW BANGSAR PUDU,55200,true
WEB0232,SEKOLAH MENENGAH KEBANGSAAN TAMAN MALURI,SMK,WILAYAH PERSEKUTUAN KUALA LUMPUR,PPW BANGSAR PUDU,55100,true
WEB0233,SEKOLAH MENENGAH KEBANGSAAN SERI TITIWANGSA,SMK,WILAYAH PERSEKUTUAN KUALA LUMPUR,PPW KERAMAT,53200,true
WEB0234,SEKOLAH MENENGAH KEBANGSAAN PUTERI TITIWANGSA,SMK,WILAYAH PERSEKUTUAN KUALA LUMPUR,PPW KERAMAT,53200,true
WEB0235,SEKOLAH MENENGAH KEBANGSAAN VIVEKANANDA,SMK,WILAYAH PERSEKUTUAN KUALA LUMPUR,PPW BANGSAR PUDU,50470,true
WEB0236,SEKOLAH MENENGAH KEBANGSAAN LA SALLE BRICKFIELDS,SMK,WILAYAH PERSEKUTUAN KUALA LUMPUR,PPW BANGSAR PUDU,50470,true
WEB0237,SEKOLAH MENENGAH KEBANGSAAN YAACOB LATIF,SMK,WILAYAH PERSEKUTUAN KUALA LUMPUR,PPW BANGSAR PUDU,55100,true
WEB0238,SEKOLAH MENENGAH KEBANGSAAN LA SALLE SENTUL,SMK,WILAYAH PERSEKUTUAN KUALA LUMPUR,PPW SENTUL,51000,true
WEB0243,SEKOLAH MENENGAH KEBANGSAAN DHARMA,SMK,WILAYAH PERSEKUTUAN KUALA LUMPUR,PPW BANGSAR PUDU,58200,true
WEB0247,SEKOLAH MENENGAH KEBANGSAAN CHONG HWA,SMK,WILAYAH PERSEKUTUAN KUALA LUMPUR,PPW SENTUL,53000,true
WEB0248,SEKOLAH MENENGAH KEBANGSAAN RAJA ABDULLAH,SMK,WILAYAH PERSEKUTUAN KUALA LUMPUR,PPW SENTUL,52000,true
WEB0249,SEKOLAH MENENGAH KEBANGSAAN JINJANG,SMK,WILAYAH PERSEKUTUAN KUALA LUMPUR,PPW SENTUL,52000,true
WEB0256,SEKOLAH MENENGAH KEBANGSAAN BANGSAR,SMK,WILAYAH PERSEKUTUAN KUALA LUMPUR,PPW BANGSAR PUDU,59000,true
WEE1011,SEKOLAH MENENGAH KEBANGSAAN LABUAN,SMK,WILAYAH PERSEKUTUAN LABUAN,JPWP LABUAN,87021,true
WEE1015,SEKOLAH MENENGAH KEBANGSAAN MUTIARA,SMK,WILAYAH PERSEKUTUAN LABUAN,JPWP LABUAN,87027,true
WFE1019,SEKOLAH MENENGAH KEBANGSAAN ST ANNE,SMK,WILAYAH PERSEKUTUAN LABUAN,JPWP LABUAN,87020,true
WFE1022,SEKOLAH MENENGAH KEBANGSAAN ST ANTHONY,SMK,WILAYAH PERSEKUTUAN LABUAN,JPWP LABUAN,87023,true
WFT0001,SMA MAJLIS AGAMA ISLAM WILAYAH PERSEKUTUAN,SM SABK,WILAYAH PERSEKUTUAN KUALA LUMPUR,PPW BANGSAR PUDU,56000,true
WFT0002,SEKOLAH MENENGAH INTEGRASI SAINS TAHFIZ (SMISTA) MAIWP,SM SABK,WILAYAH PERSEKUTUAN KUALA LUMPUR,PPW BANGSAR PUDU,56000,true
WFT1001,SMA MAJLIS AGAMA ISLAM WILAYAH PERSEKUTUAN LABUAN,SM SABK,WILAYAH PERSEKUTUAN LABUAN,JPWP LABUAN,87021,true
WHA0001,KOLEJ VOKASIONAL ERT SETAPAK,KV,WILAYAH PERSEKUTUAN KUALA LUMPUR,PPW KERAMAT,53300,true
WHA0002,KOLEJ VOKASIONAL SETAPAK,KV,WILAYAH PERSEKUTUAN KUALA LUMPUR,PPW KERAMAT,53300,true
WHA1099,KOLEJ VOKASIONAL LABUAN,KV,WILAYAH PERSEKUTUAN LABUAN,JPWP LABUAN,87013,true
WKB0001,SMT CHERAS,SMT,WILAYAH PERSEKUTUAN KUALA LUMPUR,PPW BANGSAR PUDU,56000,true
WRA0004,SMA KUALA LUMPUR,SMKA,WILAYAH PERSEKUTUAN KUALA LUMPUR,PPW SENTUL,52200,true
WRA2001,SEKOLAH MENENGAH KEBANGSAAN AGAMA PUTRAJAYA,SMKA,WILAYAH PERSEKUTUAN PUTRAJAYA,JPWP PUTRAJAYA,62300,true
XEA1001,SEKOLAH MENENGAH KEBANGSAAN TULID,SMK,SABAH,KENINGAU,89008,true
XEA1057,SEKOLAH MENENGAH KEBANGSAAN APIN-APIN,SMK,SABAH,KENINGAU,89008,true
XEA1058,SEKOLAH MENENGAH KEBANGSAAN KENINGAU,SMK,SABAH,KENINGAU,89008,true
XEA1059,SEKOLAH MENENGAH KEBANGSAAN KENINGAU II,SMK,SABAH,KENINGAU,89008,true
XEA1060,SEKOLAH MENENGAH KEBANGSAAN SOOK,SMK,SABAH,KENINGAU,89008,true
XEA1061,SEKOLAH MENENGAH KEBANGSAAN GUNSANAD II,SMK,SABAH,KENINGAU,89008,true
XEA1111,SEKOLAH MENENGAH KEBANGSAAN NABAWAN,SMK,SABAH,PENSIANGAN,89957,true
XEA1112,SEKOLAH MENENGAH KEBANGSAAN SEPULOT NABAWAN,SMK,SABAH,PENSIANGAN,89950,true
XEA1113,SEKOLAH MENENGAH KEBANGSAAN NABAWAN II,SMK,SABAH,PENSIANGAN,89957,true
XEA1219,SEKOLAH MENENGAH KEBANGSAAN TAMBUNAN,SMK,SABAH,TAMBUNAN,89657,true
XEA1220,SEKOLAH MENENGAH KEBANGSAAN NAMBAYAN,SMK,SABAH,TAMBUNAN,89657,true
XEA1221,SEKOLAH MENENGAH KEBANGSAAN DESA WAWASAN,SMK,SABAH,TAMBUNAN,89657,true
XEA1222,SEKOLAH MENENGAH KEBANGSAAN CHINTA MATA,SMK,SABAH,TENOM,89909,true
XEA1345,SEKOLAH MENENGAH KEBANGSAAN KEMABONG,SMK,SABAH,TENOM,89908,true
XEA1346,SEKOLAH MENENGAH KEBANGSAAN ENTABUAN,SMK,SABAH,TENOM,89908,true
XEA2071,SEKOLAH MENENGAH KEBANGSAAN ELOPURA,SMK,SABAH,SANDAKAN,90712,true
XEA2072,SEKOLAH MENENGAH KEBANGSAAN BATU SAPI,SMK,SABAH,SANDAKAN,90719,true
XEA2073,KOLEJ TINGKATAN ENAM DATUK PENGIRAN GALPAM,KT6,SABAH,SANDAKAN,90307,true
XEA2074,SEKOLAH MENENGAH KEBANGSAAN GUM-GUM,SMK,SABAH,SANDAKAN,90000,true
XEA2075,SEKOLAH MENENGAH KEBANGSAAN MUHIBBAH,SMK,SABAH,SANDAKAN,90000,true
XEA2076,SEKOLAH MENENGAH KEBANGSAAN TAMAN FAJAR,SMK,SABAH,SANDAKAN,90500,true
XEA2077,SEKOLAH MENENGAH KEBANGSAAN PEREMPUAN,SMK,SABAH,SANDAKAN,90500,true
XEA2078,SEKOLAH MENENGAH KEBANGSAAN TONGOD,SMK,SABAH,TELUPID/TONGOD,89320,true
XEA2079,SEKOLAH MENENGAH KEBANGSAAN PARIS,SMK,SABAH,KINABATANGAN,90200,true
XEA2080,SEKOLAH MENENGAH KEBANGSAAN MERPATI,SMK,SABAH,SANDAKAN,90500,true
XEA2081,SEKOLAH MENENGAH KEBANGSAAN SEGALIUD,SMK,SABAH,SANDAKAN,90729,true
XEA2082,SEKOLAH MENENGAH KEBANGSAAN LIBARAN,SMK,SABAH,SANDAKAN,90500,true
XEA2083,SEKOLAH MENENGAH KEBANGSAAN ELOPURA DUA,SMK,SABAH,SANDAKAN,90400,true
XEA2084,SEKOLAH MENENGAH KEBANGSAAN SANDAKAN DUA,SMK,SABAH,SANDAKAN,90731,true
XEA2085,SEKOLAH MENENGAH KEBANGSAAN TINUSA,SMK,SABAH,SANDAKAN,90500,true
XEA2140,SEKOLAH MENENGAH KEBANGSAAN ULU SUGUT (MALINSAU),SMK,SABAH,RANAU,89308,true
XEA2141,SEKOLAH MENENGAH KEBANGSAAN TELUPID,SMK,SABAH,TELUPID/TONGOD,89320,true
XEA2142,SEKOLAH MENENGAH KEBANGSAAN TERUSAN SUGUT,SMK,SABAH,BELURAN,90739,true
XEA2143,SEKOLAH MENENGAH KEBANGSAAN PAMOL,SMK,SABAH,BELURAN,90733,true
XEA2144,SEKOLAH MENENGAH KEBANGSAAN SIMPANGAN,SMK,SABAH,BELURAN,90107,true
XEA2145,SEKOLAH MENENGAH KEBANGSAAN BALABAN JAYA,SMK,SABAH,BELURAN,90108,true
XEA2146,SEKOLAH MENENGAH KEBANGSAAN ULU SAPI,SMK,SABAH,TELUPID/TONGOD,90009,true
XEA2147,SEKOLAH MENENGAH KEBANGSAAN BELURAN II,SMK,SABAH,BELURAN,90107,true
XEA2220,SEKOLAH MENENGAH KEBANGSAAN BUKIT GARAM,SMK,SABAH,KINABATANGAN,90200,true
XEA2224,SEKOLAH MENENGAH KEBANGSAAN PENANGAH,SMK,SABAH,TELUPID/TONGOD,89320,true
XEA2225,SEKOLAH MENENGAH KEBANGSAAN SUKAU,SMK,SABAH,KINABATANGAN,90200,true
XEA2226,SEKOLAH MENENGAH KEBANGSAAN ENTILIBON,SMK,SABAH,TELUPID/TONGOD,89320,true
XEA2227,SEKOLAH MENENGAH KEBANGSAAN BUKIT GARAM II,SMK,SABAH,KINABATANGAN,90200,true
XEA3053,SEKOLAH MENENGAH KEBANGSAAN BALUNG,SMK,SABAH,TAWAU,91010,true
XEA3062,SEKOLAH MENENGAH KEBANGSAAN KINABUTAN,SMK,SABAH,TAWAU,91012,true
XEA3064,SEKOLAH MENENGAH KEBANGSAAN MEROTAI BESAR,SMK,SABAH,TAWAU,91007,true
XEA3066,SEKOLAH MENENGAH KEBANGSAAN JALAN APAS,SMK,SABAH,TAWAU,91022,true
XEA3067,SEKOLAH MENENGAH KEBANGSAAN UMAS-UMAS,SMK,SABAH,TAWAU,91042,true
XEA3068,KOLEJ TINGKATAN ENAM TAWAU,KT6,SABAH,TAWAU,91022,true
XEA3069,SEKOLAH MENENGAH KEBANGSAAN KALABAKAN,SMK,SABAH,TAWAU,91034,true
XEA3070,SEKOLAH MENENGAH KEBANGSAAN PASIR PUTIH,SMK,SABAH,TAWAU,91044,true
XEA3071,SEKOLAH MENENGAH KEBANGSAAN TITINGAN,SMK,SABAH,TAWAU,91028,true
XEA3072,SEKOLAH MENENGAH KEBANGSAAN WAKUBA,SMK,SABAH,TAWAU,91028,true
XEA3073,SEKOLAH MENENGAH KEBANGSAAN TAWAU II,SMK,SABAH,TAWAU,91044,true
XEA3074,SEKOLAH MENENGAH KEBANGSAAN JAMBATAN PUTIH,SMK,SABAH,TAWAU,91019,true
XEA3075,SEKOLAH MENENGAH KEBANGSAAN KINABUTAN 2,SMK,SABAH,TAWAU,90101,true
XEA3101,SEKOLAH MENENGAH KEBANGSAAN TUNGKU,SMK,SABAH,LAHAD DATU,91117,true
XEA3102,SEKOLAH MENENGAH SAINS LAHAD DATU,SBP,SABAH,LAHAD DATU,91108,true
XEA3103,SEKOLAH MENENGAH KEBANGSAAN SILABUKAN,SMK,SABAH,LAHAD DATU,91116,true
XEA3104,SEKOLAH MENENGAH KEBANGSAAN SEPAGAYA,SMK,SABAH,LAHAD DATU,91119,true
XEA3105,SEKOLAH MENENGAH KEBANGSAAN DESA KENCANA,SMK,SABAH,LAHAD DATU,91150,true
XEA3106,SEKOLAH MENENGAH KEBANGSAAN SEGAMA,SMK,SABAH,LAHAD DATU,91122,true
XEA3107,SEKOLAH MENENGAH KEBANGSAAN TERUSAN,SMK,SABAH,LAHAD DATU,91116,true
XEA3201,SEKOLAH MENENGAH KEBANGSAAN KUNAK JAYA,SMK,SABAH,KUNAK,91207,true
XEA3202,SEKOLAH MENENGAH KEBANGSAAN MADAI,SMK,SABAH,KUNAK,91209,true
XEA3329,SEKOLAH MENENGAH KEBANGSAAN BUGAYA,SMK,SABAH,SEMPORNA,91309,true
XEA3330,SEKOLAH MENENGAH KEBANGSAAN BUM-BUM,SMK,SABAH,SEMPORNA,91308,true
XEA3331,SEKOLAH MENENGAH KEBANGSAAN TAGASAN,SMK,SABAH,SEMPORNA,91308,true
XEA3332,SEKOLAH MENENGAH KEBANGSAAN KABOGAN,SMK,SABAH,SEMPORNA,91308,true
XEA3333,SEKOLAH MENENGAH KEBANGSAAN KABOGAN II,SMK,SABAH,SEMPORNA,91309,true
XEA3334,SEKOLAH MENENGAH KEBANGSAAN BUGAYA II,SMK,SABAH,SEMPORNA,91309,true
XEA3335,SEKOLAH MENENGAH KEBANGSAAN DATUK HAJI PANGLIMA JAKARULLAH,SMK,SABAH,SEMPORNA,91308,true
XEA4039,SEKOLAH MENENGAH SAINS SABAH,SBP,SABAH,KOTA KINABALU,89207,true
XEA4040,SEKOLAH MENENGAH KEBANGSAAN SANZAC,SMK,SABAH,KOTA KINABALU,89458,true
XEA4041,SEKOLAH MENENGAH KEBANGSAAN INANAM,SMK,SABAH,KOTA KINABALU,89357,true
XEA4042,SEKOLAH MENENGAH KEBANGSAAN PULAU GAYA,SMK,SABAH,KOTA KINABALU,88852,true
XEA4043,SEKOLAH MENENGAH KEBANGSAAN PEREMPUAN,SMK,SABAH,KOTA KINABALU,88832,true
XEA4044,SEKOLAH MENENGAH KEBANGSAAN TAMAN TUN FUAD,SMK,SABAH,KOTA KINABALU,88300,true
XEA4045,SEKOLAH MENENGAH KEBANGSAAN KOLOMBONG,SMK,SABAH,KOTA KINABALU,89357,true
XEA4046,SEKOLAH MENENGAH KEBANGSAAN TEBOBON,SMK,SABAH,KOTA KINABALU,88450,true
XEA4047,SEKOLAH SUKAN MALAYSIA SABAH,SUKAN,SABAH,KOTA KINABALU,88450,true
XEA4048,KOLEJ TINGKATAN ENAM KOTA KINABALU,KT6,SABAH,KOTA KINABALU,89358,true
XEA4127,SEKOLAH MENENGAH KEBANGSAAN DATUK PETER MOJUNTIN,SMK,SABAH,PENAMPANG,89507,true
XEA4128,SEKOLAH MENENGAH KEBANGSAAN BAHANG,SMK,SABAH,PENAMPANG,89507,true
XEA4129,SEKOLAH MENENGAH KEBANGSAAN TANSAU,SMK,SABAH,PENAMPANG,88858,true
XEA4130,SEKOLAH MENENGAH KEBANGSAAN LIMBANAK,SMK,SABAH,PENAMPANG,89507,true
XEA4261,SEKOLAH MENENGAH KEBANGSAAN KINARUT,SMK,SABAH,PAPAR,89608,true
XEA4262,SEKOLAH MENENGAH KEBANGSAAN BENONI,SMK,SABAH,PAPAR,89608,true
XEA4263,SEKOLAH MENENGAH KEBANGSAAN TAKIS,SMK,SABAH,PAPAR,89608,true
XEA4264,SEKOLAH MENENGAH KEBANGSAAN KIMANIS,SMK,SABAH,PAPAR,89700,true
XEA4265,SEKOLAH MENENGAH KEBANGSAAN PENGALAT PAPAR,SMK,SABAH,PAPAR,89607,true
XEA4301,SEKOLAH MENENGAH KEBANGSAAN PEKAN TELIPOK,SMK,SABAH,TUARAN,89209,true
XEA4302,SEKOLAH MENENGAH KEBANGSAAN SRI NANGKA,SMK,SABAH,TUARAN,89208,true
XEA4303,SEKOLAH MENENGAH KEBANGSAAN TAMAN RIA,SMK,SABAH,TUARAN,89207,true
XEA4401,SEKOLAH MENENGAH KEBANGSAAN TENGHILAN,SMK,SABAH,TUARAN,89208,true
XEA4402,SEKOLAH MENENGAH KEBANGSAAN SUNGAI DAMIT,SMK,SABAH,TUARAN,89257,true
XEA5001,SEKOLAH MENENGAH KEBANGSAAN KUDAT,SMK,SABAH,KUDAT,89058,true
XEA5004,SEKOLAH MENENGAH KEBANGSAAN SIKUATI,SMK,SABAH,KUDAT,89058,true
XEA5021,SEKOLAH MENENGAH KEBANGSAAN BANGGI,SMK,SABAH,KUDAT,89058,true
XEA5022,SEKOLAH MENENGAH KEBANGSAAN PINAWANTAI,SMK,SABAH,KUDAT,89050,true
XEA5023,SEKOLAH MENENGAH KEBANGSAAN KUDAT II,SMK,SABAH,KUDAT,89058,true
XEA5024,SEKOLAH MENENGAH KEBANGSAAN MATUNGGONG,SMK,SABAH,KUDAT,89059,true
XEA5025,SEKOLAH MENENGAH KEBANGSAAN SIKUATI II,SMK,SABAH,KUDAT,89058,true
XEA5026,SEKOLAH MENENGAH KEBANGSAAN ABD. RAHIM II,SMK,SABAH,KUDAT,89058,true
XEA5101,SEKOLAH MENENGAH KEBANGSAAN TANDEK,SMK,SABAH,KOTA MARUDU,89108,true
XEA5102,SEKOLAH MENENGAH KEBANGSAAN BENGKONGAN,SMK,SABAH,KOTA MARUDU,89108,true
XEA5103,SEKOLAH MENENGAH KEBANGSAAN BANDAU,SMK,SABAH,KOTA MARUDU,89108,true
XEA5104,SEKOLAH MENENGAH KEBANGSAAN LANGKON,SMK,SABAH,KOTA MARUDU,89108,true
XEA5105,SEKOLAH MENENGAH KEBANGSAAN KOTA MARUDU II,SMK,SABAH,KOTA MARUDU,89108,true
XEA5106,SEKOLAH MENENGAH KEBANGSAAN TANDEK 2,SMK,SABAH,KOTA MARUDU,89108,true
XEA5216,SEKOLAH MENENGAH KEBANGSAAN PITAS,SMK,SABAH,PITAS,89100,true
XEA5217,SEKOLAH MENENGAH KEBANGSAAN PINGGAN-PINGGAN,SMK,SABAH,PITAS,89108,true
XEA5218,SEKOLAH MENENGAH KEBANGSAAN KANIBUNGAN,SMK,SABAH,PITAS,89100,true
XEA5219,SEKOLAH MENENGAH KEBANGSAAN TELAGA,SMK,SABAH,PITAS,89100,true
XEA5220,SEKOLAH MENENGAH KEBANGSAAN BONGKOL,SMK,SABAH,PITAS,89100,true
XEA5221,SEKOLAH MENENGAH KEBANGSAAN PITAS II,SMK,SABAH,PITAS,89108,true
XEA5327,SEKOLAH MENENGAH KEBANGSAAN NARINANG,SMK,SABAH,KOTA BELUD,89158,true
XEA5351,SEKOLAH MENENGAH KEBANGSAAN TAUN GUSI,SMK,SABAH,KOTA BELUD,89158,true
XEA5352,SEKOLAH MENENGAH KEBANGSAAN USUKAN,SMK,SABAH,KOTA BELUD,89158,true
XEA5353,SEKOLAH MENENGAH KEBANGSAAN PEKAN KOTA BELUD,SMK,SABAH,KOTA BELUD,89159,true
XEA5354,SEKOLAH MENENGAH KEBANGSAAN TAMBULION,SMK,SABAH,KOTA BELUD,89158,true
XEA5355,SEKOLAH MENENGAH KEBANGSAAN PEKAN II KOTA BELUD,SMK,SABAH,KOTA BELUD,89158,true
XEA5356,SEKOLAH MENENGAH KEBANGSAAN TAUN GUSI II,SMK,SABAH,KOTA BELUD,89159,true
XEA5401,SEKOLAH MENENGAH KEBANGSAAN TIMBUA,SMK,SABAH,RANAU,89308,true
XEA5402,SEKOLAH MENENGAH KEBANGSAAN BUNDU TUHAN,SMK,SABAH,RANAU,89308,true
XEA5403,SEKOLAH MENENGAH KEBANGSAAN KUNDASANG,SMK,SABAH,RANAU,89308,true
XEA5404,SEKOLAH MENENGAH KEBANGSAAN LOHAN,SMK,SABAH,RANAU,89308,true
XEA5405,SEKOLAH MENENGAH KEBANGSAAN MATUPANG JAYA,SMK,SABAH,RANAU,89308,true
XEA5406,SEKOLAH MENENGAH KEBANGSAAN KEMBURONGOH RANAU,SMK,SABAH,RANAU,89308,true
XEA5407,SEKOLAH MENENGAH KEBANGSAAN RANAU,SMK,SABAH,RANAU,89308,true
XEA6065,SEKOLAH MENENGAH KEBANGSAAN BEAUFORT,SMK,SABAH,BEAUFORT,89808,true
XEA6066,SEKOLAH MENENGAH KEBANGSAAN BEAUFORT II,SMK,SABAH,BEAUFORT,89809,true
XEA6067,SEKOLAH MENENGAH KEBANGSAAN BEAUFORT III,SMK,SABAH,BEAUFORT,89808,true
XEA6100,SEKOLAH MENENGAH KEBANGSAAN MEMBAKUT II,SMK,SABAH,BEAUFORT,89727,true
XEA6201,SEKOLAH MENENGAH KEBANGSAAN PADANG BERAMPAH,SMK,SABAH,SIPITANG,89857,true
XEA6202,SEKOLAH MENENGAH KEBANGSAAN PENGIRAN OMAR II,SMK,SABAH,SIPITANG,89857,true
XEA6203,SEKOLAH MENENGAH KEBANGSAAN SINDUMIN,SMK,SABAH,SIPITANG,89859,true
XEA6314,SEKOLAH MENENGAH KEBANGSAAN MENUMBOK,SMK,SABAH,KUALA PENYU,89767,true
XEA6315,SEKOLAH MENENGAH KEBANGSAAN PEKAN KUALA PENYU,SMK,SABAH,KUALA PENYU,89747,true
XEE1008,SEKOLAH MENENGAH KEBANGSAAN BINGKOR,SMK,SABAH,KENINGAU,89007,true
XEE1023,SEKOLAH MENENGAH KEBANGSAAN GUNSANAD,SMK,SABAH,KENINGAU,89007,true
XEE1338,SEKOLAH MENENGAH KEBANGSAAN TENOM,SMK,SABAH,TENOM,89908,true
XEE2031,SEKOLAH MENENGAH KEBANGSAAN SANDAKAN,SMK,SABAH,SANDAKAN,90716,true
XEE2103,SEKOLAH MENENGAH KEBANGSAAN BELURAN,SMK,SABAH,BELURAN,90107,true
XEE3024,SEKOLAH MENENGAH KEBANGSAAN KUHARA,SMK,SABAH,TAWAU,91008,true
XEE3052,SEKOLAH MENENGAH KEBANGSAAN TAWAU,SMK,SABAH,TAWAU,91007,true
XEE3117,SEKOLAH MENENGAH KEBANGSAAN AGASEH,SMK,SABAH,LAHAD DATU,91112,true
XEE3201,SEKOLAH MENENGAH KEBANGSAAN KUNAK,SMK,SABAH,KUNAK,91207,true
XEE3318,SEKOLAH MENENGAH KEBANGSAAN DATUK PANGLIMA ABDULLAH,SMK,SABAH,SEMPORNA,91308,true
XEE4020,SEKOLAH MENENGAH KEBANGSAAN LIKAS,SMK,SABAH,KOTA KINABALU,88856,true
XEE4032,SEKOLAH MENENGAH KEBANGSAAN BANDARAYA KOTA KINABALU,SMK,SABAH,KOTA KINABALU,88450,true
XEE4038,SEKOLAH MENENGAH MAKTAB SABAH,SMK,SABAH,KOTA KINABALU,88806,true
XEE4110,SEKOLAH MENENGAH KEBANGSAAN PUTATAN,SMK,SABAH,PENAMPANG,88858,true
XEE4239,SEKOLAH MENENGAH KEBANGSAAN MAJAKIR,SMK,SABAH,PAPAR,89608,true
XEE4322,SEKOLAH MENENGAH KEBANGSAAN TUN FUAD STEPHENS,SMK,SABAH,TUARAN,89259,true
XEE4374,SEKOLAH MENENGAH KEBANGSAAN BADIN,SMK,SABAH,TUARAN,89208,true
XEE4401,SEKOLAH MENENGAH KEBANGSAAN TAMPARULI,SMK,SABAH,TUARAN,89259,true
XEE5019,SEKOLAH MENENGAH KEBANGSAAN ABDUL RAHIM,SMK,SABAH,KUDAT,89057,true
XEE5118,SEKOLAH MENENGAH KEBANGSAAN KOTA MARUDU,SMK,SABAH,KOTA MARUDU,89107,true
XEE5318,SEKOLAH MENENGAH KEBANGSAAN ARSHAD,SMK,SABAH,KOTA BELUD,89157,true
XEE5435,SEKOLAH MENENGAH KEBANGSAAN MAT SALLEH RANAU,SMK,SABAH,RANAU,89307,true
XEE6011,SEKOLAH MENENGAH KEBANGSAAN GADONG,SMK,SABAH,BEAUFORT,89808,true
XEE6021,SEKOLAH MENENGAH KEBANGSAAN KOTA KLIAS,SMK,SABAH,BEAUFORT,89808,true
XEE6061,SEKOLAH MENENGAH KEBANGSAAN WESTON,SMK,SABAH,BEAUFORT,89808,true
XEE6101,SEKOLAH MENENGAH KEBANGSAAN MEMBAKUT,SMK,SABAH,BEAUFORT,89728,true
XEE6102,SEKOLAH MENENGAH KEBANGSAAN BONGAWAN,SMK,SABAH,PAPAR,89700,true
XEE6221,SEKOLAH MENENGAH KEBANGSAAN PENGIRAN OMAR,SMK,SABAH,SIPITANG,89857,true
XEE6310,SEKOLAH MENENGAH KEBANGSAAN KUALA PENYU,SMK,SABAH,KUALA PENYU,89747,true
XFE1021,SEKOLAH MENENGAH KEBANGSAAN KEN HWA,SMK,SABAH,KENINGAU,89007,true
XFE1044,SEKOLAH MENENGAH KEBANGSAAN ST. FRANCIS XAVIER,SMK,SABAH,KENINGAU,89007,true
XFE1215,SEKOLAH MENENGAH KEBANGSAAN ST MARTIN,SMK,SABAH,TAMBUNAN,89657,true
XFE1306,SEKOLAH MENENGAH KEBANGSAAN CHUNG HWA,SMK,SABAH,TENOM,89907,true
XFE1334,SEKOLAH MENENGAH KEBANGSAAN ST ANTHONY,SMK,SABAH,TENOM,89907,true
XFE2032,SEKOLAH MENENGAH KEBANGSAAN TIONG HUA,SMK,SABAH,SANDAKAN,90704,true
XFE2037,SEKOLAH MENENGAH KEBANGSAAN KONVEN ST CECILIA,SMK,SABAH,SANDAKAN,90702,true
XFE2044,SEKOLAH MENENGAH KEBANGSAAN ST MARY SANDAKAN,SMK,SABAH,SANDAKAN,90705,true
XFE2045,SEKOLAH MENENGAH KEBANGSAAN ST MICHAEL,SMK,SABAH,SANDAKAN,90702,true
XFE2054,SEKOLAH MENENGAH KEBANGSAAN SUNG SIEW,SMK,SABAH,SANDAKAN,90700,true
XFE3002,SEKOLAH MENENGAH KEBANGSAAN ABAKA,SMK,SABAH,TAWAU,91027,true
XFE3017,SEKOLAH MENENGAH KEBANGSAAN HOLY TRINITY,SMK,SABAH,TAWAU,91019,true
XFE3044,SEKOLAH MENENGAH KEBANGSAAN ST PATRICK,SMK,SABAH,TAWAU,91007,true
XFE3045,SEKOLAH MENENGAH KEBANGSAAN ST URSULA,SMK,SABAH,TAWAU,91007,true
XFE3059,SEKOLAH MENENGAH KEBANGSAAN WALLACE BAY,SMK,SABAH,TAWAU,91020,true
XFE3127,SEKOLAH MENENGAH KEBANGSAAN ST DOMINIC,SMK,SABAH,LAHAD DATU,91114,true
XFE4001,SEKOLAH MENENGAH KEBANGSAAN ALL SAINTS,SMK,SABAH,KOTA KINABALU,88805,true
XFE4021,SEKOLAH MENENGAH KEBANGSAAN TINGGI KOTA KINABALU,SMK,SABAH,KOTA KINABALU,88802,true
XFE4022,SEKOLAH MENENGAH KEBANGSAAN LA SALLE TG ARU,SMK,SABAH,KOTA KINABALU,88803,true
XFE4027,SEKOLAH MENENGAH KEBANGSAAN LOK YUK LIKAS,SMK,SABAH,KOTA KINABALU,88803,true
XFE4045,SEKOLAH MENENGAH KEBANGSAAN SHAN TAO,SMK,SABAH,KOTA KINABALU,88811,true
XFE4051,SEKOLAH MENENGAH KEBANGSAAN ST FRANCIS CONVENT,SMK,SABAH,KOTA KINABALU,88300,true
XFE4055,SEKOLAH MENENGAH KEBANGSAAN ST PETER TELIPOK,SMK,SABAH,KOTA KINABALU,88450,true
XFE4058,SEKOLAH MENENGAH KEBANGSAAN STELLA MARIS,SMK,SABAH,KOTA KINABALU,89457,true
XFE4117,SEKOLAH MENENGAH KEBANGSAAN ST MICHAEL,SMK,SABAH,PENAMPANG,89507,true
XFE4253,SEKOLAH MENENGAH KEBANGSAAN ST JOSEPH,SMK,SABAH,PAPAR,89608,true
XFE4255,SEKOLAH MENENGAH KEBANGSAAN ST MARY PAPAR,SMK,SABAH,PAPAR,89608,true
XFE4353,SEKOLAH MENENGAH KEBANGSAAN ST JOHN,SMK,SABAH,TUARAN,89208,true
XFE4401,SEKOLAH MENENGAH KEBANGSAAN ST JAMES TENGHILAN,SMK,SABAH,TUARAN,89208,true
XFE5036,SEKOLAH MENENGAH KEBANGSAAN LOK YUK KUDAT,SMK,SABAH,KUDAT,89058,true
XFE5066,SEKOLAH MENENGAH KEBANGSAAN ST PETER KUDAT,SMK,SABAH,KUDAT,89058,true
XFE6051,SEKOLAH MENENGAH KEBANGSAAN ST JOHN,SMK,SABAH,BEAUFORT,89807,true
XFE6056,SEKOLAH MENENGAH KEBANGSAAN SAINT PAUL,SMK,SABAH,BEAUFORT,89807,true
XFE6101,SEKOLAH MENENGAH KEBANGSAAN ST PATRICK,SMK,SABAH,BEAUFORT,89727,true
XFE6313,SEKOLAH MENENGAH KEBANGSAAN ST PETER BUNDU,SMK,SABAH,KUALA PENYU,89747,true
XFT3001,SM. ISLAMIAH TAWAU,SM SABK,SABAH,TAWAU,91008,true
XFT5401,SMA AL-IRSYADIAH MARAKAU RANAU,SM SABK,SABAH,RANAU,89308,true
XHA2001,KOLEJ VOKASIONAL SANDAKAN,KV,SABAH,SANDAKAN,90713,true
XHA3102,KOLEJ VOKASIONAL BEAUFORT,KV,SABAH,BEAUFORT,89808,true
XHA3103,KOLEJ VOKASIONAL LAHAD DATU,KV,SABAH,LAHAD DATU,91111,true
XHA5002,KOLEJ VOKASIONAL KUDAT,KV,SABAH,KUDAT,89057,true
XKA1099,KOLEJ VOKASIONAL KENINGAU,KV,SABAH,KENINGAU,89009,true
XKA3099,KOLEJ VOKASIONAL TAWAU,KV,SABAH,TAWAU,91021,true
XKB4001,KOLEJ VOKASIONAL LIKAS,KV,SABAH,KOTA KINABALU,88809,true
XRA1001,SEKOLAH MENENGAH KEBANGSAAN AGAMA KENINGAU,SMKA,SABAH,KENINGAU,89009,true
XRA2001,SEKOLAH MENENGAH KEBANGSAAN AGAMA TUN JUHAR,SMKA,SABAH,SANDAKAN,90307,true
XRA3301,SEKOLAH MENENGAH KEBANGSAAN AGAMA TUN SAKARAN,SMKA,SABAH,SEMPORNA,91308,true
XRA4001,SEKOLAH MENENGAH KEBANGSAAN AGAMA KIMANIS,SMKA,SABAH,PAPAR,89608,true
XRA4002,SEKOLAH MENENGAH KEBANGSAAN AGAMA TUN AHMADSHAH,SMKA,SABAH,KOTA KINABALU,88856,true
XRA4003,SEKOLAH MENENGAH KEBANGSAAN AGAMA KOTA KINABALU,SMKA,SABAH,KOTA KINABALU,88300,true
XRA4201,SEKOLAH MENENGAH KEBANGSAAN AGAMA TUN DATU MUSTAPHA LIMAUAN,SMKA,SABAH,PAPAR,89609,true
XRA5301,SEKOLAH MENENGAH KEBANGSAAN AGAMA TUN SAID,SMKA,SABAH,KOTA BELUD,89159,true
XRA5401,SEKOLAH MENENGAH KEBANGSAAN AGAMA MOHAMAD ALI RANAU,SMKA,SABAH,RANAU,89308,true
YEA1101,SEKOLAH MENENGAH KEBANGSAAN PAKU (S),SMK,SARAWAK,BAU,94000,true
YEA1102,SEKOLAH MENENGAH KEBANGSAAN SINGAI,SMK,SARAWAK,BAU,94000,true
YEA1201,SEKOLAH MENENGAH KEBANGSAAN D P H ABDUL GAPOR,SMK,SARAWAK,KUCHING,93350,true
YEA1202,SEKOLAH MENENGAH KEBANGSAAN SERI SETIA,SMK,SARAWAK,KUCHING,93350,true
YEA1203,SEKOLAH MENENGAH KEBANGSAAN SG MAONG,SMK,SARAWAK,PADAWAN,93150,true
YEA1204,SEKOLAH MENENGAH KEBANGSAAN TABUAN JAYA,SMK,SARAWAK,KUCHING,93350,true
YEA1205,SEKOLAH MENENGAH KEBANGSAAN BAKO,SMK,SARAWAK,KUCHING,93050,true
YEA1206,SEKOLAH MENENGAH KEBANGSAAN JALAN ARANG,SMK,SARAWAK,PADAWAN,93250,true
YEA1207,SEKOLAH MENENGAH KEBANGSAAN DEMAK BARU,SMK,SARAWAK,KUCHING,93050,true
YEA1208,SEKOLAH MENENGAH KEBANGSAAN MATANG JAYA,SMK,SARAWAK,PADAWAN,93050,true
YEA1209,SEKOLAH MENENGAH KEBANGSAAN BANDAR SAMARIANG,SMK,SARAWAK,KUCHING,93050,true
YEA1210,SEKOLAH SENI MALAYSIA SARAWAK,SENI,SARAWAK,KUCHING,93050,true
YEA1211,SEKOLAH MENENGAH SAINS KUCHING UTARA,SBP,SARAWAK,PADAWAN,93050,true
YEA1301,SEKOLAH MENENGAH KEBANGSAAN PETRA JAYA,SMK,SARAWAK,KUCHING,93050,true
YEA1302,SEKOLAH MENENGAH KEBANGSAAN WIRA PENRISSEN,SMK,SARAWAK,SAMARAHAN,94300,true
YEA1303,SEKOLAH MENENGAH KEBANGSAAN TUNKU ABDUL RAHMAN,SMK,SARAWAK,KUCHING,93050,true
YEA1304,SEKOLAH MENENGAH KEBANGSAAN BATU KAWA,SMK,SARAWAK,PADAWAN,93250,true
YEA1305,SEKOLAH MENENGAH KEBANGSAAN SANTUBONG,SMK,SARAWAK,KUCHING,93050,true
YEA1306,SEKOLAH MENENGAH KEBANGSAAN PADAWAN,SMK,SARAWAK,SERIAN,94200,true
YEA1307,SEKOLAH MENENGAH KEBANGSAAN MATANG HILIR,SMK,SARAWAK,PADAWAN,93050,true
YEA1308,SEKOLAH MENENGAH SAINS KUCHING,SBP,SARAWAK,PADAWAN,93050,true
YEA1309,SEKOLAH MENENGAH KEBANGSAAN SEMERAH PADI,SMK,SARAWAK,KUCHING,93050,true
YEA1310,SEKOLAH MENENGAH KEBANGSAAN SRI MATANG,SMK,SARAWAK,PADAWAN,93050,true
YEA1401,SEKOLAH MENENGAH KEBANGSAAN SEMATAN,SMK,SARAWAK,LUNDU,94500,true
YEA1402,SEKOLAH MENENGAH KEBANGSAAN SENIBONG,SMK,SARAWAK,LUNDU,94500,true
YEA2101,SEKOLAH MENENGAH KEBANGSAAN SRI AMAN,SMK,SARAWAK,SRI AMAN,95007,true
YEA2102,SEKOLAH MENENGAH KEBANGSAAN LINGGA,SMK,SARAWAK,SRI AMAN,95000,true
YEA2201,SEKOLAH MENENGAH KEBANGSAAN (BM) SARATOK,SMK,SARAWAK,SARATOK,95407,true
YEA2202,SEKOLAH MENENGAH KEBANGSAAN KABONG,SMK,SARAWAK,SARATOK,94650,true
YEA2401,SEKOLAH MENENGAH KEBANGSAAN PUSA,SMK,SARAWAK,BETONG,94950,true
YEA2402,SEKOLAH MENENGAH KEBANGSAAN SPAOH,SMK,SARAWAK,BETONG,95600,true
YEA2403,SEKOLAH MENENGAH KEBANGSAAN ULU LAYAR,SMK,SARAWAK,BETONG,95700,true
YEA2404,SEKOLAH MENENGAH KEBANGSAAN BELADIN,SMK,SARAWAK,BETONG,95700,true
YEA3101,SEKOLAH MENENGAH KEBANGSAAN BUKIT LIMA,SMK,SARAWAK,SIBU,96000,true
YEA3102,SEKOLAH MENENGAH KEBANGSAAN DESHON,SMK,SARAWAK,SIBU,96000,true
YEA3103,SEKOLAH MENENGAH KEBANGSAAN SIBU JAYA,SMK,SARAWAK,SIBU,96000,true
YEA3104,SEKOLAH MENENGAH KEBANGSAAN LANANG,SMK,SARAWAK,SIBU,96000,true
YEA3105,SEKOLAH MENENGAH KEBANGSAAN SUNGAI MERAH,SMK,SARAWAK,SIBU,96000,true
YEA3106,SEKOLAH MENENGAH KEBANGSAAN BANDAR SIBU,SMK,SARAWAK,SIBU,96000,true
YEA3107,SEKOLAH MENENGAH KEBANGSAAN BUKIT ASSEK,SMK,SARAWAK,SIBU,96000,true
YEA3201,SEKOLAH MENENGAH KEBANGSAAN BAWANG ASSAN,SMK,SARAWAK,SIBU,96000,true
YEA3202,SEKOLAH MENENGAH KEBANGSAAN BATANG IGAN,SMK,SARAWAK,DALAT,96300,true
YEA3302,SEKOLAH MENENGAH KEBANGSAAN KANOWIT,SMK,SARAWAK,KANOWIT,96700,true
YEA3303,SEKOLAH MENENGAH KEBANGSAAN NANGA DAP,SMK,SARAWAK,KANOWIT,96700,true
YEA3401,SEKOLAH MENENGAH KEBANGSAAN ULU BALINGIAN,SMK,SARAWAK,SELANGAU,96000,true
YEA3402,SEKOLAH MENENGAH KEBANGSAAN MUKAH,SMK,SARAWAK,MUKAH,96400,true
YEA3501,SEKOLAH MENENGAH KEBANGSAAN OYA,SMK,SARAWAK,DALAT,96300,true
YEA4101,SEKOLAH MENENGAH KEBANGSAAN DATO PERMAISURI,SMK,SARAWAK,MIRI,98000,true
YEA4102,SEKOLAH MENENGAH KEBANGSAAN BARU,SMK,SARAWAK,MIRI,98000,true
YEA4103,SEKOLAH MENENGAH KEBANGSAAN LUAK,SMK,SARAWAK,MIRI,98000,true
YEA4104,SEKOLAH MENENGAH SAINS MIRI,SBP,SARAWAK,MIRI,98000,true
YEA4105,SEKOLAH MENENGAH KEBANGSAAN RIAM,SMK,SARAWAK,MIRI,98000,true
YEA4106,SEKOLAH MENENGAH KEBANGSAAN LOPENG TENGAH,SMK,SARAWAK,MIRI,98000,true
YEA4107,SEKOLAH MENENGAH KEBANGSAAN MERBAU,SMK,SARAWAK,MIRI,98100,true
YEA4108,SEKOLAH MENENGAH KEBANGSAAN TAMAN TUNKU,SMK,SARAWAK,MIRI,98000,true
YEA4109,SEKOLAH MENENGAH KEBANGSAAN PUJUT,SMK,SARAWAK,MIRI,98100,true
YEA4301,SEKOLAH MENENGAH KEBANGSAAN TEMENGGONG DATUK LAWAI JAU,SMK,SARAWAK,BARAM,98009,true
YEA4304,SEKOLAH MENENGAH KEBANGSAAN TUTOH APOH,SMK,SARAWAK,BARAM,98050,true
YEA4305,SEKOLAH MENENGAH KEBANGSAAN TELANG USAN,SMK,SARAWAK,BARAM,98050,true
YEA4306,SEKOLAH MENENGAH KEBANGSAAN TINJAR,SMK,SARAWAK,BARAM,98300,true
YEA4401,SEKOLAH MENENGAH KEBANGSAAN SUAI,SMK,SARAWAK,SUBIS,98200,true
YEA4402,SEKOLAH MENENGAH KEBANGSAAN BEKENU,SMK,SARAWAK,SUBIS,98150,true
YEA5101,SEKOLAH MENENGAH KEBANGSAAN SERI PATIAMBUN LIMBANG,SMK,SARAWAK,LIMBANG,98707,true
YEA5102,SEKOLAH MENENGAH KEBANGSAAN KUBONG,SMK,SARAWAK,LIMBANG,98700,true
YEA5201,SEKOLAH MENENGAH KEBANGSAAN SUNDAR,SMK,SARAWAK,LAWAS,98800,true
YEA5202,SEKOLAH MENENGAH KEBANGSAAN MERAPOK,SMK,SARAWAK,LAWAS,98850,true
YEA6101,SEKOLAH MENENGAH KEBANGSAAN BELAWAI,SMK,SARAWAK,DARO,96150,true
YEA6102,SEKOLAH MENENGAH KEBANGSAAN SARIKEI BARU,SMK,SARAWAK,SARIKEI,96100,true
YEA6201,SEKOLAH MENENGAH KEBANGSAAN PAKAN,SMK,SARAWAK,JULAU,96510,true
YEA6202,SEKOLAH MENENGAH KEBANGSAAN JULAU NO.2,SMK,SARAWAK,JULAU,96600,true
YEA6301,SEKOLAH MENENGAH KEBANGSAAN BANDAR BINTANGOR,SMK,SARAWAK,MARADONG,96500,true
YEA7101,SEKOLAH MENENGAH KEBANGSAAN BALLEH,SMK,SARAWAK,KAPIT,96807,true
YEA7102,SEKOLAH MENENGAH KEBANGSAAN BAKUN,SMK,SARAWAK,BELAGA,96900,true
YEA7103,SEKOLAH MENENGAH KEBANGSAAN KAPIT NO.2,SMK,SARAWAK,KAPIT,96800,true
YEA7301,SEKOLAH MENENGAH KEBANGSAAN KATIBAS,SMK,SARAWAK,SONG,96850,true
YEA7302,SEKOLAH MENENGAH KEBANGSAAN SONG NO. 2,SMK,SARAWAK,SONG,96850,true
YEA8101,SEKOLAH MENENGAH KEBANGSAAN ASAJAYA,SMK,SARAWAK,SAMARAHAN,94600,true
YEA8102,SEKOLAH MENENGAH KEBANGSAAN KOTA SAMARAHAN,SMK,SARAWAK,SAMARAHAN,94300,true
YEA8103,SEKOLAH MENENGAH KEBANGSAAN HAJJAH LAILA TAIB,SMK,SARAWAK,SAMARAHAN,94600,true
YEA8201,SEKOLAH MENENGAH KEBANGSAAN TAEE,SMK,SARAWAK,SERIAN,94700,true
YEA8202,SEKOLAH MENENGAH KEBANGSAAN TEBEDU,SMK,SARAWAK,SERIAN,94700,true
YEA8301,SEKOLAH MENENGAH KEBANGSAAN SRI SADONG,SMK,SARAWAK,SIMUNJAN,94800,true
YEA8302,SEKOLAH MENENGAH KEBANGSAAN GEDONG,SMK,SARAWAK,SIMUNJAN,94700,true
YEA8303,SEKOLAH MENENGAH KEBANGSAAN SADONG HILIR (SEMERA),SMK,SARAWAK,SAMARAHAN,94600,true
YEA8304,SEKOLAH MENENGAH KEBANGSAAN SEBUYAU,SMK,SARAWAK,SIMUNJAN,94850,true
YEA8401,SEKOLAH MENENGAH KEBANGSAAN SADONG JAYA,SMK,SARAWAK,SAMARAHAN,94600,true
YEA9101,SEKOLAH MENENGAH KEBANGSAAN BANDAR BINTULU,SMK,SARAWAK,BINTULU,97008,true
YEA9102,SEKOLAH MENENGAH KEBANGSAAN BARU BINTULU,SMK,SARAWAK,BINTULU,97010,true
YEA9103,SEKOLAH MENENGAH KEBANGSAAN KIDURONG,SMK,SARAWAK,BINTULU,97011,true
YEA9104,SEKOLAH MENENGAH KEBANGSAAN ASYAKIRIN,SMK,SARAWAK,BINTULU,97000,true
YEA9105,SEKOLAH MENENGAH KEBANGSAAN KEMENA,SMK,SARAWAK,BINTULU,97000,true
YEA9201,SEKOLAH MENENGAH KEBANGSAAN TATAU,SMK,SARAWAK,TATAU/SEBAUH,97200,true
YEAA201,KOLEJ TINGKATAN ENAM SARATOK,KT6,SARAWAK,SARATOK,95400,true
YEAB301,SEKOLAH MENENGAH KEBANGSAAN SEMOP,SMK,SARAWAK,DARO,96200,true
YEB1102,SEKOLAH MENENGAH KEBANGSAAN LAKE,SMK,SARAWAK,BAU,94000,true
YEB1201,SEKOLAH MENENGAH KEBANGSAAN GREEN ROAD,SMK,SARAWAK,KUCHING,93150,true
YEB1202,SEKOLAH MENENGAH KEBANGSAAN BANDAR KUCHING NO.1,SMK,SARAWAK,KUCHING,93300,true
YEB1301,SEKOLAH MENENGAH KEBANGSAAN TUN ABDUL RAZAK,SMK,SARAWAK,SERIAN,94200,true
YEB1303,KOLEJ D PATINGGI ABANG HJ ABDILLAH,SMK,SARAWAK,KUCHING,93050,true
YEB2301,SEKOLAH MENENGAH KEBANGSAAN LUBOK ANTU,SMK,SARAWAK,LUBOK ANTU,95900,true
YEB3201,SEKOLAH MENENGAH KEBANGSAAN LUAR BANDAR NO 1,SMK,SARAWAK,SIBU,96007,true
YEB3301,SEKOLAH MENENGAH KEBANGSAAN DATUK HAJI ABDUL RAHMAN YAKUB,SMK,SARAWAK,KANOWIT,96700,true
YEB4101,KOLEJ TUN DATU TUANKU HJ BUJANG,SMK,SARAWAK,MIRI,98009,true
YEB4301,SEKOLAH MENENGAH KEBANGSAAN MARUDI,SMK,SARAWAK,BARAM,98050,true
YEB4302,SEKOLAH MENENGAH KEBANGSAAN LONG LAMA,SMK,SARAWAK,BARAM,98300,true
YEB4303,SEKOLAH MENENGAH KEBANGSAAN BARIO,SMK,SARAWAK,BARAM,98050,true
YEB4401,SEKOLAH MENENGAH KEBANGSAAN SUBIS,SMK,SARAWAK,SUBIS,98200,true
YEB5101,SEKOLAH MENENGAH KEBANGSAAN MEDAMIT,SMK,SARAWAK,LIMBANG,98708,true
YEB5202,SEKOLAH MENENGAH KEBANGSAAN TRUSAN,SMK,SARAWAK,LAWAS,98850,true
YEB6101,SEKOLAH MENENGAH KEBANGSAAN BANDAR SARIKEI,SMK,SARAWAK,SARIKEI,96107,true
YEB6201,SEKOLAH MENENGAH KEBANGSAAN JULAU,SMK,SARAWAK,JULAU,96600,true
YEB8101,SEKOLAH MENENGAH KEBANGSAAN SG TAPANG,SMK,SARAWAK,SAMARAHAN,93250,true
YEB8202,SEKOLAH MENENGAH KEBANGSAAN TEBAKANG,SMK,SARAWAK,SERIAN,94750,true
YEB8203,SEKOLAH MENENGAH KEBANGSAAN TARAT,SMK,SARAWAK,SERIAN,94700,true
YEB8204,SEKOLAH MENENGAH KEBANGSAAN BALAI RINGIN,SMK,SARAWAK,SERIAN,94700,true
YEB8205,SEKOLAH MENENGAH KEBANGSAAN SERIAN,SMK,SARAWAK,SERIAN,94700,true
YEB9102,SEKOLAH MENENGAH KEBANGSAAN SEBAUH,SMK,SARAWAK,TATAU/SEBAUH,97100,true
YEE1101,SEKOLAH MENENGAH KEBANGSAAN BAU,SMK,SARAWAK,BAU,94000,true
YEE1201,SEKOLAH MENENGAH KEBANGSAAN PENDING,SMK,SARAWAK,KUCHING,93450,true
YEE1204,SEKOLAH MENENGAH KEBANGSAAN BATU LINTANG,SMK,SARAWAK,KUCHING,93200,true
YEE1205,SEKOLAH MENENGAH KEBANGSAAN PADUNGAN,SMK,SARAWAK,KUCHING,93450,true
YEE1301,SEKOLAH MENENGAH KEBANGSAAN TUN ABANG HJ OPENG,SMK,SARAWAK,KUCHING,93050,true
YEE1302,SEKOLAH MENENGAH KEBANGSAAN SIBURAN,SMK,SARAWAK,SERIAN,94200,true
YEE1303,SEKOLAH MENENGAH KEBANGSAAN PENRISSEN,SMK,SARAWAK,PADAWAN,93250,true
YEE1401,SEKOLAH MENENGAH KEBANGSAAN LUNDU,SMK,SARAWAK,LUNDU,94500,true
YEE2101,SEKOLAH MENENGAH KEBANGSAAN SIMANGGANG,SMK,SARAWAK,SRI AMAN,95008,true
YEE2102,SEKOLAH MENENGAH KEBANGSAAN MELUGU,SMK,SARAWAK,SRI AMAN,95008,true
YEE2201,SEKOLAH MENENGAH KEBANGSAAN SARATOK,SMK,SARAWAK,SARATOK,95407,true
YEE2202,SEKOLAH MENENGAH KEBANGSAAN KALAKA,SMK,SARAWAK,SARATOK,95300,true
YEE2301,SEKOLAH MENENGAH KEBANGSAAN ENGKILILI,SMK,SARAWAK,LUBOK ANTU,95800,true
YEE2401,SEKOLAH MENENGAH KEBANGSAAN SARIBAS,SMK,SARAWAK,BETONG,95500,true
YEE2402,SEKOLAH MENENGAH KEBANGSAAN DATUK PATINGGI KEDIT,SMK,SARAWAK,BETONG,95700,true
YEE3101,SEKOLAH MENENGAH KEBANGSAAN ROSLI DHOBY,SMK,SARAWAK,SIBU,96000,true
YEE3102,SEKOLAH MENENGAH KEBANGSAAN KAMPUNG NANGKA,SMK,SARAWAK,SIBU,96000,true
YEE3201,SEKOLAH MENENGAH KEBANGSAAN DURIN,SMK,SARAWAK,SIBU,96007,true
YEE3202,SEKOLAH MENENGAH KEBANGSAAN JALAN OYA,SMK,SARAWAK,SIBU,96000,true
YEE3401,SEKOLAH MENENGAH KEBANGSAAN THREE RIVERS,SMK,SARAWAK,MUKAH,96400,true
YEE3501,SEKOLAH MENENGAH KEBANGSAAN DALAT,SMK,SARAWAK,DALAT,96300,true
YEE4101,SEKOLAH MENENGAH KEBANGSAAN LUTONG,SMK,SARAWAK,MIRI,98100,true
YEE4301,SEKOLAH MENENGAH KEBANGSAAN BAKONG,SMK,SARAWAK,SUBIS,98008,true
YEE4401,SEKOLAH MENENGAH KEBANGSAAN LUAR BANDAR MIRI,SMK,SARAWAK,SUBIS,98009,true
YEE5101,SEKOLAH MENENGAH KEBANGSAAN LIMBANG,SMK,SARAWAK,LIMBANG,98700,true
YEE5201,SEKOLAH MENENGAH KEBANGSAAN LAWAS,SMK,SARAWAK,LAWAS,98850,true
YEE6101,SEKOLAH MENENGAH KEBANGSAAN SG PAOH,SMK,SARAWAK,SARIKEI,96107,true
YEE6301,SEKOLAH MENENGAH KEBANGSAAN MERADONG,SMK,SARAWAK,MARADONG,96509,true
YEE6401,SEKOLAH MENENGAH KEBANGSAAN MATU,SMK,SARAWAK,DARO,96200,true
YEE6402,SEKOLAH MENENGAH KEBANGSAAN TOH PUAN DATUK PATINGGI HJH NORMAH,SMK,SARAWAK,DARO,96200,true
YEE7101,SEKOLAH MENENGAH KEBANGSAAN KAPIT,SMK,SARAWAK,KAPIT,96807,true
YEE7102,SEKOLAH MENENGAH KEBANGSAAN SELIRIK,SMK,SARAWAK,KAPIT,96807,true
YEE7201,SEKOLAH MENENGAH KEBANGSAAN BELAGA,SMK,SARAWAK,BELAGA,96900,true
YEE7301,SEKOLAH MENENGAH KEBANGSAAN SONG,SMK,SARAWAK,SONG,96850,true
YEE8101,SEKOLAH MENENGAH KEBANGSAAN MUARA TUANG,SMK,SARAWAK,SAMARAHAN,94300,true
YEE8304,SEKOLAH MENENGAH KEBANGSAAN SIMUNJAN NO 1,SMK,SARAWAK,SIMUNJAN,94800,true
YEE9103,SEKOLAH MENENGAH KEBANGSAAN BINTULU,SMK,SARAWAK,BINTULU,97007,true
YFA8101,SEKOLAH MENENGAH KEBANGSAAN PESANTREN ABDUL TAIB MAHMUD,SM SABK,SARAWAK,SAMARAHAN,94600,true
YFB1201,SEKOLAH MENENGAH KEBANGSAAN TINGGI KUCHING,SMK,SARAWAK,KUCHING,93100,true
YFB1202,SEKOLAH MENENGAH KEBANGSAAN ST JOSEPH,SMK,SARAWAK,KUCHING,93000,true
YFB1203,SEKOLAH MENENGAH KEBANGSAAN ST TERESA,SMK,SARAWAK,KUCHING,93000,true
YFB1204,SEKOLAH MENENGAH KEBANGSAAN ST THOMAS,SMK,SARAWAK,KUCHING,93000,true
YFB1205,SEKOLAH MENENGAH KEBANGSAAN ST MARY,SMK,SARAWAK,KUCHING,93000,true
YFB2101,SEKOLAH MENENGAH KEBANGSAAN ST LUKE,SMK,SARAWAK,SRI AMAN,95000,true
YFB2401,SEKOLAH MENENGAH KEBANGSAAN ST. AUGUSTINE,SMK,SARAWAK,BETONG,95700,true
YFB3101,SEKOLAH MENENGAH KEBANGSAAN METHODIST,SMK,SARAWAK,SIBU,96000,true
YFB3102,SEKOLAH MENENGAH KEBANGSAAN SACRED HEART,SMK,SARAWAK,SIBU,96000,true
YFB3103,SEKOLAH MENENGAH KEBANGSAAN ST ELIZABETH,SMK,SARAWAK,SIBU,96000,true
YFB3104,SEKOLAH MENENGAH KEBANGSAAN TIONG HIN,SMK,SARAWAK,SIBU,96000,true
YFB3105,SEKOLAH MENENGAH KEBANGSAAN TUNG HUA,SMK,SARAWAK,SIBU,96007,true
YFB3106,SEKOLAH MENENGAH KEBANGSAAN CHUNG HUA,SMK,SARAWAK,SIBU,96000,true
YFB3201,SEKOLAH MENENGAH KEBANGSAAN CHUNG CHENG,SMK,SARAWAK,SIBU,96008,true
YFB3203,SEKOLAH MENENGAH KEBANGSAAN KWONG HUA MIDDLE,SMK,SARAWAK,SIBU,96008,true
YFB3401,SEKOLAH MENENGAH KEBANGSAAN ST. PATRICK,SMK,SARAWAK,MUKAH,96400,true
YFB4101,SEKOLAH MENENGAH KEBANGSAAN CHUNG HUA,SMK,SARAWAK,MIRI,98007,true
YFB4102,SEKOLAH MENENGAH KEBANGSAAN ST. COLUMBA,SMK,SARAWAK,MIRI,98007,true
YFB4103,SEKOLAH MENENGAH KEBANGSAAN ST. JOSEPH,SMK,SARAWAK,MIRI,98007,true
YFB6101,SEKOLAH MENENGAH KEBANGSAAN TINGGI SARIKEI,SMK,SARAWAK,SARIKEI,96107,true
YFB6102,SEKOLAH MENENGAH KEBANGSAAN ST ANTHONY,SMK,SARAWAK,SARIKEI,96100,true
YFB6301,SEKOLAH MENENGAH KEBANGSAAN KAI CHUNG,SMK,SARAWAK,MARADONG,96507,true
YFB6302,SEKOLAH MENENGAH KEBANGSAAN TONG HUA,SMK,SARAWAK,MARADONG,96500,true
YHA1201,KOLEJ VOKASIONAL KUCHING,KV,SARAWAK,KUCHING,93200,true
YHA1302,KOLEJ VOKASIONAL MATANG,KV,SARAWAK,PADAWAN,93050,true
YHA2401,KOLEJ VOKASIONAL BETONG,KV,SARAWAK,BETONG,95700,true
YHA3101,KOLEJ VOKASIONAL SIBU,KV,SARAWAK,SIBU,96000,true
YHA4101,KOLEJ VOKASIONAL MIRI,KV,SARAWAK,MIRI,98000,true
YKA1202,SMT SEJINGKAT,SMT,SARAWAK,KUCHING,93050,true
YKE9101,KOLEJ VOKASIONAL BINTULU,KV,SARAWAK,BINTULU,97000,true
YRA1301,SEKOLAH MENENGAH KEBANGSAAN AGAMA SHEIKH HJ OTHMAN ABD WAHAB,SMKA,SARAWAK,PADAWAN,93050,true
YRA1302,SEKOLAH MENENGAH KEBANGSAAN AGAMA MATANG 2,SMKA,SARAWAK,PADAWAN,93050,true
YRA1303,SEKOLAH MENENGAH KEBANGSAAN AGAMA TUN AHMAD ZAIDI,SM SABK,SARAWAK,KUCHING,93050,true
YRA2201,SEKOLAH MENENGAH KEBANGSAAN AGAMA SARATOK,SMKA,SARAWAK,SARATOK,95407,true
YRA3101,SEKOLAH MENENGAH KEBANGSAAN AGAMA SIBU (S),SMKA,SARAWAK,SIBU,96000,true
YRA3201,SEKOLAH MENENGAH KEBANGSAAN AGAMA IGAN,SMKA,SARAWAK,DALAT,96300,true
YRA4101,SEKOLAH MENENGAH KEBANGSAAN AGAMA,SMKA,SARAWAK,MIRI,98007,true
YRA5101,SEKOLAH MENENGAH KEBANGSAAN AGAMA LIMBANG,SMKA,SARAWAK,LIMBANG,98700,true
